{
"type": "FeatureCollection",
"name": "zones_couverture_5km",
"crs": { "type": "name", "properties": { "name": "urn:ogc:def:crs:EPSG::32738" } },
"features": [
{"type":"Feature","properties":{"id":"node/13344443258","name":"CSB II Beharena","name_en":null,"name_mg":null,"name_fr":null,"amenity":"doctors","building":null,"healthcare":"doctor","healthca_1":null,"operator_t":"public","capacity_p":null,"addr_full":null,"addr_city":null,"source":null,"adm0_pcode":"MDG","adm0_name":"Madagascar","adm1_pcode":"MG25","adm1_name":"Atsimo Atsinanana","adm2_pcode":"MG25222","adm2_name":"Befotaka","adm3_pcode":"MG25222052","adm3_name":"Beharena","adm4_pcode":"MG25222052001","adm4_name":"Beharena","name_latin":"CSB II Beharena"},"geometry":{"type":"MultiPolygon","coordinates":[[[[547005.513979870360345,7179775.4617386944592],[547250.231398394564167,7181320.546710569411516],[547960.429007995640859,7182714.388000156730413],[549066.587718407972716,7183820.546710569411516],[550460.429007995640859,7184530.744320170022547],[552005.513979870360345,7184775.4617386944592],[553550.59895174507983,7184530.744320170022547],[554944.440241332747974,7183820.546710569411516],[556050.59895174507983,7182714.388000156730413],[556760.796561346156523,7181320.546710569411516],[557005.513979870360345,7179775.4617386944592],[556760.796561346156523,7178230.376766819506884],[556050.59895174507983,7176836.535477232187986],[554944.440241332747974,7175730.376766819506884],[553550.59895174507983,7175020.179157218895853],[552005.513979870360345,7174775.4617386944592],[550460.429007995640859,7175020.179157218895853],[549066.587718407972716,7175730.376766819506884],[547960.429007995640859,7176836.535477232187986],[547250.231398394564167,7178230.376766819506884],[547005.513979870360345,7179775.4617386944592]]],[[[538639.476452825125307,7193798.64375233091414],[538639.5908277296694,7193798.86822571977973],[538639.772608040482737,7193800.015941432677209],[539349.970217641559429,7195193.857231019996107],[540456.128928053891286,7196300.015941432677209],[541849.970217641559429,7197010.21355103328824],[543395.055189516278915,7197254.930969557724893],[544940.140161390998401,7197010.21355103328824],[545083.067545899190009,7196937.388411196880043],[544999.710862001287751,7197020.745095094665885],[544289.513252400211059,7198414.586384681984782],[544044.795833876007237,7199959.671356556937099],[544289.513252400211059,7201504.756328431889415],[544999.710862001287751,7202898.597618019208312],[546105.869572413619608,7204004.756328431889415],[547499.710862001287751,7204714.953938032500446],[549044.795833876007237,7204959.671356556937099],[550589.880805750726722,7204714.953938032500446],[551983.722095338394865,7204004.756328431889415],[553089.880805750726722,7202898.597618019208312],[553800.078415351803415,7201504.756328431889415],[554044.795833876007237,7199959.671356556937099],[553800.078415351803415,7198414.586384681984782],[553089.880805750726722,7197020.745095094665885],[551983.722095338394865,7195914.586384681984782],[550589.880805750726722,7195204.388775081373751],[549044.795833876007237,7194959.671356556937099],[547499.710862001287751,7195204.388775081373751],[547356.783477493096143,7195277.213914917781949],[547440.140161390998401,7195193.857231019996107],[548150.337770992075093,7193800.015941432677209],[548395.055189516278915,7192254.930969557724893],[548150.337770992075093,7190709.845997682772577],[548150.223396087531,7190709.621524293906987],[548150.041615776717663,7190708.473808581009507],[547439.84400617564097,7189314.63251899369061],[546333.685295763309114,7188208.473808581009507],[544939.84400617564097,7187498.276198980398476],[543394.759034300921485,7187253.558780455961823],[541849.674062426201999,7187498.276198980398476],[540455.832772838533856,7188208.473808581009507],[539349.674062426201999,7189314.63251899369061],[538639.476452825125307,7190708.473808581009507],[538394.759034300921485,7192253.558780455961823],[538639.476452825125307,7193798.64375233091414]]],[[[407225.947185790981166,7235252.890554741024971],[407936.144795392057858,7236646.731844328343868],[409042.303505804389715,7237752.890554741024971],[410436.144795392057858,7238463.088164341636002],[411981.229767266777344,7238707.805582866072655],[413526.31473914149683,7238463.088164341636002],[414920.156028729164973,7237752.890554741024971],[416026.31473914149683,7236646.731844328343868],[416736.512348742573522,7235252.890554741024971],[416981.229767266777344,7233707.805582866072655],[416736.512348742573522,7232162.720610991120338],[416026.31473914149683,7230768.879321403801441],[414920.156028729164973,7229662.720610991120338],[413526.31473914149683,7228952.523001390509307],[411981.229767266777344,7228707.805582866072655],[410436.144795392057858,7228952.523001390509307],[409042.303505804389715,7229662.720610991120338],[407936.144795392057858,7230768.879321403801441],[407225.947185790981166,7232162.720610991120338],[406981.229767266777344,7233707.805582866072655],[407225.947185790981166,7235252.890554741024971]]],[[[610191.843968194676563,7258062.495159929618239],[610902.041577795753255,7259456.336449516937137],[612008.200288208085112,7260562.495159929618239],[613402.041577795753255,7261272.69276953022927],[614947.126549670472741,7261517.410188054665923],[616492.211521545192227,7261272.69276953022927],[617886.05281113286037,7260562.495159929618239],[618992.211521545192227,7259456.336449516937137],[619702.409131146268919,7258062.495159929618239],[619947.126549670472741,7256517.410188054665923],[619702.409131146268919,7254972.325216179713607],[618992.211521545192227,7253578.48392659239471],[617886.05281113286037,7252472.325216179713607],[616492.211521545192227,7251762.127606579102576],[614947.126549670472741,7251517.410188054665923],[613402.041577795753255,7251762.127606579102576],[612008.200288208085112,7252472.325216179713607],[610902.041577795753255,7253578.48392659239471],[610191.843968194676563,7254972.325216179713607],[609947.126549670472741,7256517.410188054665923],[610191.843968194676563,7258062.495159929618239]]],[[[469435.237350454030093,7267502.930600160732865],[469365.965493500465527,7267940.295891925692558],[469128.47998504480347,7267977.909901267848909],[467734.638695457135327,7268688.10751086845994],[466628.47998504480347,7269794.266221281141043],[465918.282375443726778,7271188.10751086845994],[465673.564956919522956,7272733.192482743412256],[465918.282375443726778,7274278.277454618364573],[466628.47998504480347,7275672.11874420568347],[467734.638695457135327,7276778.277454618364573],[469128.47998504480347,7277488.475064218975604],[470673.564956919522956,7277733.192482743412256],[472218.649928794242442,7277488.475064218975604],[473612.491218381910585,7276778.277454618364573],[474718.649928794242442,7275672.11874420568347],[475428.847538395319134,7274278.277454618364573],[475493.616480020107701,7273869.342451331205666],[475956.329577227879781,7273796.055896398611367],[477350.170866815547924,7273085.858286798000336],[478456.329577227879781,7271979.699576385319233],[479166.527186828956474,7270585.858286798000336],[479411.244605353160296,7269040.773314923048019],[479357.465926794218831,7268701.228101714514196],[479381.848351752385497,7268547.283529203385115],[479137.130933228181675,7267002.198557328432798],[478426.933323627104983,7265608.357267741113901],[478409.41779249580577,7265590.841736610047519],[478382.131073516444303,7265537.288535280153155],[477275.972363104112446,7264431.129824867472053],[475882.131073516444303,7263720.932215266861022],[474337.046101641724817,7263476.214796742424369],[472791.961129767005332,7263720.932215266861022],[471398.119840179337189,7264431.129824867472053],[470291.961129767005332,7265537.288535280153155],[469581.763520165928639,7266931.129824867472053],[469516.441119745839387,7267343.559229462407529],[469435.237350454030093,7267502.930600160732865]]],[[[388547.17585744993994,7271265.178704627789557],[389257.373467051016632,7272659.019994215108454],[390363.532177463348489,7273765.178704627789557],[391757.373467051016632,7274475.376314228400588],[393302.458438925736118,7274720.093732752837241],[394847.543410800455604,7274475.376314228400588],[396241.384700388123747,7273765.178704627789557],[397347.543410800455604,7272659.019994215108454],[398057.741020401532296,7271265.178704627789557],[398302.458438925736118,7269720.093732752837241],[398057.741020401532296,7268175.008760877884924],[397347.543410800455604,7266781.167471290566027],[396241.384700388123747,7265675.008760877884924],[394847.543410800455604,7264964.811151277273893],[393302.458438925736118,7264720.093732752837241],[391757.373467051016632,7264964.811151277273893],[390363.532177463348489,7265675.008760877884924],[389257.373467051016632,7266781.167471290566027],[388547.17585744993994,7268175.008760877884924],[388302.458438925736118,7269720.093732752837241],[388547.17585744993994,7271265.178704627789557]]],[[[427508.745584105257876,7280681.71188535168767],[427753.463002629461698,7282226.796857226639986],[428463.660612230538391,7283620.638146813958883],[429569.819322642870247,7284726.796857226639986],[430963.660612230538391,7285436.994466827251017],[432508.745584105257876,7285681.71188535168767],[434053.830555979977362,7285436.994466827251017],[435447.671845567645505,7284726.796857226639986],[436553.830555979977362,7283620.638146813958883],[437264.028165581054054,7282226.796857226639986],[437508.745584105257876,7280681.71188535168767],[437264.028165581054054,7279136.626913476735353],[436553.830555979977362,7277742.785623889416456],[435447.671845567645505,7276636.626913476735353],[434053.830555979977362,7275926.429303876124322],[432508.745584105257876,7275681.71188535168767],[430963.660612230538391,7275926.429303876124322],[429569.819322642870247,7276636.626913476735353],[428463.660612230538391,7277742.785623889416456],[427753.463002629461698,7279136.626913476735353],[427508.745584105257876,7280681.71188535168767]]],[[[445889.040633951430209,7305560.647909360006452],[445644.323215427226387,7307105.732881234958768],[445889.040633951430209,7308650.817853109911084],[446599.238243552506901,7310044.659142697229981],[447705.396953964838758,7311150.817853109911084],[449099.238243552506901,7311861.015462710522115],[450644.323215427226387,7312105.732881234958768],[452189.408187301945873,7311861.015462710522115],[453583.249476889614016,7311150.817853109911084],[453912.040492924919818,7310822.026837074197829],[453936.78459985909285,7310809.419084866531193],[455042.943310271424707,7309703.260374453850091],[455753.140919872501399,7308309.419084866531193],[455997.858338396705221,7306764.334112991578877],[455753.140919872501399,7305219.249141116626561],[455042.943310271424707,7303825.407851529307663],[453936.78459985909285,7302719.249141116626561],[452542.943310271424707,7302009.05153151601553],[450997.858338396705221,7301764.334112991578877],[449452.773366521985736,7302009.05153151601553],[448058.932076934317593,7302719.249141116626561],[447730.141060899011791,7303048.040157152339816],[447705.396953964838758,7303060.647909360006452],[446599.238243552506901,7304166.806619772687554],[445889.040633951430209,7305560.647909360006452]]],[[[449150.262109420611523,7322214.097092639654875],[449394.979527944815345,7323759.182064514607191],[450105.177137545892037,7325153.023354101926088],[451211.335847958223894,7326259.182064514607191],[452605.177137545892037,7326969.379674115218222],[454150.262109420611523,7327214.097092639654875],[455695.347081295331009,7326969.379674115218222],[457089.188370882999152,7326259.182064514607191],[458195.347081295331009,7325153.023354101926088],[458905.544690896407701,7323759.182064514607191],[459150.262109420611523,7322214.097092639654875],[458905.544690896407701,7320669.012120764702559],[458195.347081295331009,7319275.170831177383661],[457089.188370882999152,7318169.012120764702559],[455695.347081295331009,7317458.814511164091527],[454150.262109420611523,7317214.097092639654875],[452605.177137545892037,7317458.814511164091527],[451211.335847958223894,7318169.012120764702559],[450105.177137545892037,7319275.170831177383661],[449394.979527944815345,7320669.012120764702559],[449150.262109420611523,7322214.097092639654875]]],[[[432067.183605763013475,7378081.123475855216384],[432777.381215364090167,7379474.964765442535281],[433883.539925776422024,7380581.123475855216384],[435277.381215364090167,7381291.321085455827415],[436822.466187238809653,7381536.038503980264068],[438367.551159113529138,7381291.321085455827415],[439761.392448701197281,7380581.123475855216384],[440867.551159113529138,7379474.964765442535281],[441577.748768714605831,7378081.123475855216384],[441822.466187238809653,7376536.038503980264068],[441577.748768714605831,7374990.953532105311751],[440867.551159113529138,7373597.112242517992854],[439761.392448701197281,7372490.953532105311751],[438367.551159113529138,7371780.75592250470072],[436822.466187238809653,7371536.038503980264068],[435277.381215364090167,7371780.75592250470072],[433883.539925776422024,7372490.953532105311751],[432777.381215364090167,7373597.112242517992854],[432067.183605763013475,7374990.953532105311751],[431822.466187238809653,7376536.038503980264068],[432067.183605763013475,7378081.123475855216384]]],[[[475367.612455242720898,7396153.535949038341641],[476077.810064843797591,7397547.377238625660539],[477183.968775256129447,7398653.535949038341641],[478577.810064843797591,7399363.733558638952672],[480122.895036718517076,7399608.450977163389325],[481667.980008593236562,7399363.733558638952672],[483061.821298180904705,7398653.535949038341641],[484167.980008593236562,7397547.377238625660539],[484878.177618194313254,7396153.535949038341641],[485122.895036718517076,7394608.450977163389325],[484878.177618194313254,7393063.366005288437009],[484167.980008593236562,7391669.524715701118112],[483061.821298180904705,7390563.366005288437009],[481667.980008593236562,7389853.168395687825978],[480122.895036718517076,7389608.450977163389325],[478577.810064843797591,7389853.168395687825978],[477183.968775256129447,7390563.366005288437009],[476077.810064843797591,7391669.524715701118112],[475367.612455242720898,7393063.366005288437009],[475122.895036718517076,7394608.450977163389325],[475367.612455242720898,7396153.535949038341641]]],[[[368658.286078207893297,7394852.235786583274603],[368658.856411654269323,7394855.83673024456948],[368656.838294942164794,7394868.578617691993713],[368901.555713466368616,7396413.66358956694603],[369611.753323067445308,7397807.504879154264927],[370717.912033479777165,7398913.66358956694603],[372111.753323067445308,7399623.861199167557061],[373656.838294942164794,7399868.578617691993713],[375201.923266816884279,7399623.861199167557061],[376595.764556404552422,7398913.66358956694603],[377701.923266816884279,7397807.504879154264927],[378412.120876417960972,7396413.66358956694603],[378656.838294942164794,7394868.578617691993713],[378656.267961495788768,7394864.977674030698836],[378658.286078207893297,7394852.235786583274603],[378413.568659683689475,7393307.150814708322287],[377703.371050082612783,7391913.309525121003389],[376597.212339670280926,7390807.150814708322287],[375203.371050082612783,7390096.953205107711256],[373658.286078207893297,7389852.235786583274603],[372113.201106333173811,7390096.953205107711256],[370719.359816745505668,7390807.150814708322287],[369613.201106333173811,7391913.309525121003389],[368903.003496732097119,7393307.150814708322287],[368658.286078207893297,7394852.235786583274603]]],[[[444754.10857988364296,7409554.740868681110442],[445464.306189484719653,7410948.582158268429339],[446570.464899897051509,7412054.740868681110442],[447964.306189484719653,7412764.938478281721473],[449509.391161359439138,7413009.655896806158125],[451054.476133234158624,7412764.938478281721473],[452448.317422821826767,7412054.740868681110442],[453554.476133234158624,7410948.582158268429339],[454264.673742835235316,7409554.740868681110442],[454509.391161359439138,7408009.655896806158125],[454264.673742835235316,7406464.570924931205809],[453554.476133234158624,7405070.729635343886912],[452448.317422821826767,7403964.570924931205809],[451054.476133234158624,7403254.373315330594778],[449509.391161359439138,7403009.655896806158125],[447964.306189484719653,7403254.373315330594778],[446570.464899897051509,7403964.570924931205809],[445464.306189484719653,7405070.729635343886912],[444754.10857988364296,7406464.570924931205809],[444509.391161359439138,7408009.655896806158125],[444754.10857988364296,7409554.740868681110442]]],[[[360125.513549108931329,7412832.930161408148706],[359959.73744334228104,7413158.284088147804141],[359475.017163721087854,7413643.004367768764496],[358764.819554120011162,7415036.845657356083393],[358520.10213559580734,7416581.930629231035709],[358586.670289557077922,7417002.225412133149803],[358581.615195981925353,7417034.142016850411892],[358826.332614506129175,7418579.226988725364208],[359536.530224107205868,7419973.068278312683105],[360642.688934519537725,7421079.226988725364208],[360813.236438801512122,7421166.125282504595816],[361172.291871202934999,7421525.180714906193316],[361230.586572647676803,7421639.590508377179503],[362336.74528306000866,7422745.749218789860606],[363730.586572647676803,7423455.946828390471637],[365275.671544522396289,7423700.66424691490829],[366820.756516397115774,7423455.946828390471637],[367671.000803025846835,7423022.725726066157222],[367875.404007684090175,7422990.35143889579922],[369269.245297271758318,7422280.153829295188189],[370375.404007684090175,7421173.995118882507086],[371085.601617285166867,7419780.153829295188189],[371330.319035809370689,7418235.068857420235872],[371085.601617285166867,7416689.983885545283556],[370891.613125110976398,7416309.260032856836915],[370957.929949809331447,7415890.552080469205976],[370713.212531285127625,7414345.467108594253659],[370003.014921684050933,7412951.625819006934762],[368896.856211271719076,7411845.467108594253659],[367503.014921684050933,7411135.269498993642628],[365957.929949809331447,7410890.552080469205976],[365447.227455620362889,7410971.439409183338284],[364172.02110736083705,7410769.466565416194499],[362626.936135486117564,7411014.183983940631151],[361233.094845898449421,7411724.381593541242182],[360126.936135486117564,7412830.540303953923285],[360125.931293889763765,7412832.512416627258062],[360125.513549108931329,7412832.930161408148706]]],[[[517727.857985884591471,7492405.659835606813431],[518834.016696296923328,7493511.818546019494534],[518994.213022695446853,7493593.442651234567165],[519067.958526978327427,7493667.188155517913401],[519321.883066749840509,7493796.569170782342553],[519421.627081940416247,7493896.313185973092914],[519515.226802364748437,7493944.00462559517473],[519561.078971864830237,7493989.856795094907284],[519612.003234298608731,7494015.804002801887691],[519652.084683080145624,7494055.885451583191752],[520013.653513887838926,7494240.113972623832524],[520031.819506479660049,7494258.279965215362608],[520054.09047926805215,7494269.627592636272311],[520056.686326979252044,7494272.223440347239375],[521450.527616566920187,7494982.421049947850406],[522995.612588441639673,7495227.138468472287059],[524540.697560316417366,7494982.421049947850406],[525934.538849903969094,7494272.223440347239375],[527040.697560316417366,7493166.064729934558272],[527750.895169917377643,7491772.223440347239375],[527995.612588441697881,7490227.138468472287059],[527750.895169917377643,7488682.053496597334743],[527040.697560316417366,7487288.212207010015845],[525934.538849903969094,7486182.053496597334743],[525912.267877115635201,7486170.70586917642504],[525909.672029404435307,7486168.110021465457976],[525548.103198596625589,7485983.881500424817204],[525529.937206004862674,7485965.71550783328712],[525479.012943571084179,7485939.768300126306713],[525438.931494789547287,7485899.686851345002651],[525383.903307542321272,7485871.648589503020048],[525285.298406934714876,7485773.043688895180821],[525270.628072968334891,7485765.568780386820436],[525247.384912538109347,7485742.325619956478477],[524969.559173555229791,7485600.766335420310497],[524945.811049903044477,7485577.018211768008769],[524785.614723504520953,7485495.394106552936137],[524711.869219221640378,7485421.648602269589901],[523318.027929634030443,7484711.45099266897887],[521772.942957759310957,7484466.733574144542217],[520227.857985884591471,7484711.45099266897887],[518834.016696296923328,7485421.648602269589901],[517727.857985884591471,7486527.807312682271004],[517017.660376283514779,7487921.648602269589901],[516772.942957759310957,7489466.733574144542217],[517017.660376283514779,7491011.818546019494534],[517727.857985884591471,7492405.659835606813431]]],[[[538542.71890243794769,7508161.79256846383214],[538791.453948067151941,7508410.527614093385637],[538803.588650767109357,7508434.343309093266726],[539909.747361179441214,7509540.502019505947828],[541303.588650767109357,7510250.699629106558859],[542848.673622641828842,7510495.417047630995512],[544393.758594516548328,7510250.699629106558859],[545787.599884104216471,7509540.502019505947828],[546893.758594516548328,7508434.343309093266726],[547603.95620411762502,7507040.502019505947828],[547848.673622641828842,7505495.417047630995512],[547603.95620411762502,7503950.332075756043196],[546893.758594516548328,7502556.490786168724298],[546645.023548887344077,7502307.755740539170802],[546632.888846187386662,7502283.940045539289713],[545526.730135775054805,7501177.78133512660861],[544132.888846187386662,7500467.583725525997579],[542587.803874312667176,7500222.866307001560926],[541042.71890243794769,7500467.583725525997579],[539648.877612850279547,7501177.78133512660861],[538542.71890243794769,7502283.940045539289713],[537832.521292836870998,7503677.78133512660861],[537587.803874312667176,7505222.866307001560926],[537832.521292836870998,7506767.951278876513243],[538542.71890243794769,7508161.79256846383214]]],[[[614671.203894125064835,7526831.770727847702801],[616216.288865999784321,7527076.488146372139454],[616311.703614518046379,7527061.375934829004109],[616477.413990019704215,7527087.621879909187555],[618022.498961894423701,7526842.904461384750903],[619416.340251482091844,7526132.706851784139872],[620522.498961894423701,7525026.548141371458769],[621232.696571495500393,7523632.706851784139872],[621477.413990019704215,7522087.621879909187555],[621232.696571495500393,7520542.536908034235239],[620522.498961894423701,7519148.695618446916342],[619416.340251482091844,7518042.536908034235239],[618022.498961894423701,7517332.339298433624208],[616477.413990019704215,7517087.621879909187555],[616381.999241501442157,7517102.7340914523229],[616216.288865999784321,7517076.488146372139454],[614671.203894125064835,7517321.205564896576107],[613277.362604537396692,7518031.403174497187138],[612171.203894125064835,7519137.56188490986824],[611461.006284523988143,7520531.403174497187138],[611216.288865999784321,7522076.488146372139454],[611461.006284523988143,7523621.57311824709177],[612171.203894125064835,7525015.414407834410667],[613277.362604537396692,7526121.57311824709177],[614671.203894125064835,7526831.770727847702801]]],[[[568063.514743160805665,7532361.429836894385517],[568773.712352761882357,7533755.271126481704414],[569879.871063174214214,7534861.429836894385517],[571273.712352761882357,7535571.627446494996548],[572818.797324636601843,7535816.3448650194332],[574363.882296511321329,7535571.627446494996548],[575757.723586098989472,7534861.429836894385517],[576863.882296511321329,7533755.271126481704414],[577574.079906112398021,7532361.429836894385517],[577818.797324636601843,7530816.3448650194332],[577574.079906112398021,7529271.259893144480884],[576863.882296511321329,7527877.418603557161987],[575757.723586098989472,7526771.259893144480884],[574363.882296511321329,7526061.062283543869853],[572818.797324636601843,7525816.3448650194332],[571273.712352761882357,7526061.062283543869853],[569879.871063174214214,7526771.259893144480884],[568773.712352761882357,7527877.418603557161987],[568063.514743160805665,7529271.259893144480884],[567818.797324636601843,7530816.3448650194332],[568063.514743160805665,7532361.429836894385517]]],[[[369045.85019667254528,7550527.968778805807233],[369756.047806273621973,7551921.81006839312613],[370862.206516685953829,7553027.968778805807233],[372256.047806273621973,7553738.166388406418264],[373801.132778148341458,7553982.883806930854917],[375346.217750023060944,7553738.166388406418264],[376740.059039610729087,7553027.968778805807233],[377846.217750023060944,7551921.81006839312613],[378556.415359624137636,7550527.968778805807233],[378801.132778148341458,7548982.883806930854917],[378556.415359624137636,7547437.7988350559026],[377846.217750023060944,7546043.957545468583703],[376740.059039610729087,7544937.7988350559026],[375346.217750023060944,7544227.601225455291569],[373801.132778148341458,7543982.883806930854917],[372256.047806273621973,7544227.601225455291569],[370862.206516685953829,7544937.7988350559026],[369756.047806273621973,7546043.957545468583703],[369045.85019667254528,7547437.7988350559026],[368801.132778148341458,7548982.883806930854917],[369045.85019667254528,7550527.968778805807233]]],[[[320268.231335742166266,7551474.58703569509089],[320978.428945343242958,7552868.428325282409787],[322084.587655755574815,7553974.58703569509089],[323478.428945343242958,7554684.784645295701921],[325023.513917217962444,7554929.502063820138574],[326568.598889092681929,7554684.784645295701921],[327962.440178680350073,7553974.58703569509089],[329068.598889092681929,7552868.428325282409787],[329778.796498693758622,7551474.58703569509089],[330023.513917217962444,7549929.502063820138574],[329778.796498693758622,7548384.417091945186257],[329068.598889092681929,7546990.57580235786736],[327962.440178680350073,7545884.417091945186257],[326568.598889092681929,7545174.219482344575226],[325023.513917217962444,7544929.502063820138574],[323478.428945343242958,7545174.219482344575226],[322084.587655755574815,7545884.417091945186257],[320978.428945343242958,7546990.57580235786736],[320268.231335742166266,7548384.417091945186257],[320023.513917217962444,7549929.502063820138574],[320268.231335742166266,7551474.58703569509089]]],[[[381126.181077812274452,7553711.411303436383605],[380881.46365928807063,7555256.496275311335921],[381126.181077812274452,7556801.581247186288238],[381836.378687413351145,7558195.422536773607135],[382942.537397825683001,7559301.581247186288238],[384336.378687413351145,7560011.778856786899269],[385881.46365928807063,7560256.496275311335921],[387426.548631162790116,7560011.778856786899269],[388820.389920750458259,7559301.581247186288238],[389926.548631162790116,7558195.422536773607135],[390636.746240763866808,7556801.581247186288238],[390638.759807669790462,7556788.86808608379215],[390661.562215841084253,7556744.115840256214142],[390906.279634365288075,7555199.030868381261826],[390661.562215841084253,7553653.945896506309509],[389951.364606240007561,7552260.104606918990612],[388845.205895827675704,7551153.945896506309509],[387451.364606240007561,7550443.748286905698478],[385906.279634365288075,7550199.030868381261826],[384361.194662490568589,7550443.748286905698478],[382967.353372902900446,7551153.945896506309509],[381861.194662490568589,7552260.104606918990612],[381150.997052889491897,7553653.945896506309509],[381148.983485983568244,7553666.659057608805597],[381126.181077812274452,7553711.411303436383605]]],[[[313437.813406726520043,7557641.500584177672863],[313682.530825250723865,7559186.585556052625179],[314392.728434851800557,7560580.426845639944077],[315498.887145264132414,7561686.585556052625179],[316892.728434851800557,7562396.78316565323621],[318437.813406726520043,7562641.500584177672863],[319982.898378601239529,7562396.78316565323621],[321376.739668188907672,7561686.585556052625179],[322482.898378601239529,7560580.426845639944077],[323193.095988202316221,7559186.585556052625179],[323437.813406726520043,7557641.500584177672863],[323193.095988202316221,7556096.415612302720547],[322482.898378601239529,7554702.574322715401649],[321376.739668188907672,7553596.415612302720547],[319982.898378601239529,7552886.218002702109516],[318437.813406726520043,7552641.500584177672863],[316892.728434851800557,7552886.218002702109516],[315498.887145264132414,7553596.415612302720547],[314392.728434851800557,7554702.574322715401649],[313682.530825250723865,7556096.415612302720547],[313437.813406726520043,7557641.500584177672863]]],[[[371150.897974905441515,7564882.565136359073222],[371861.095584506518207,7566276.406425946392119],[372967.254294918850064,7567382.565136359073222],[374361.095584506518207,7568092.762745959684253],[375906.180556381237693,7568337.480164484120905],[377451.265528255957179,7568092.762745959684253],[378845.106817843625322,7567382.565136359073222],[379951.265528255957179,7566276.406425946392119],[380661.463137857033871,7564882.565136359073222],[380906.180556381237693,7563337.480164484120905],[380661.463137857033871,7561792.395192609168589],[379951.265528255957179,7560398.553903021849692],[378845.106817843625322,7559292.395192609168589],[377451.265528255957179,7558582.197583008557558],[375906.180556381237693,7558337.480164484120905],[374361.095584506518207,7558582.197583008557558],[372967.254294918850064,7559292.395192609168589],[371861.095584506518207,7560398.553903021849692],[371150.897974905441515,7561792.395192609168589],[370906.180556381237693,7563337.480164484120905],[371150.897974905441515,7564882.565136359073222]]],[[[380951.437225058209151,7578268.099057921208441],[380706.719806534005329,7579813.184029796160758],[380951.437225058209151,7581358.269001671113074],[381661.634834659285843,7582752.110291258431971],[382767.7935450716177,7583858.269001671113074],[384161.634834659285843,7584568.466611271724105],[385706.719806534005329,7584813.184029796160758],[387251.804778408724815,7584568.466611271724105],[388645.646067996392958,7583858.269001671113074],[388664.775137602293398,7583839.139932065270841],[388832.351572426152416,7583753.755473786965013],[389938.510282838484272,7582647.59676337428391],[390648.707892439560965,7581253.755473786965013],[390893.425310963764787,7579708.670501912012696],[390648.707892439560965,7578163.58553003706038],[390632.647993533348199,7578132.066203726455569],[390620.680973085749429,7578056.509410249069333],[389910.483363484672736,7576662.668120661750436],[388804.32465307234088,7575556.509410249069333],[387410.483363484672736,7574846.311800648458302],[385865.398391609953251,7574601.594382124021649],[384320.313419735233765,7574846.311800648458302],[382926.472130147565622,7575556.509410249069333],[381820.313419735233765,7576662.668120661750436],[381765.347197889932431,7576770.54540510289371],[381661.634834659285843,7576874.257768333889544],[380951.437225058209151,7578268.099057921208441]]],[[[326999.715020200819708,7598199.45060415379703],[327207.081171738391276,7598305.108935725875199],[327713.620466551103164,7598811.648230538703501],[328011.72350864316104,7598963.539317056536674],[328069.450749010313302,7599021.266557423397899],[329463.292038597981445,7599731.46416702400893],[331008.377010472700931,7599976.181585548445582],[332553.461982347420417,7599731.46416702400893],[333947.30327193508856,7599021.266557423397899],[335053.461982347420417,7597915.107847010716796],[335763.659591948497109,7596521.266557423397899],[336008.377010472700931,7594976.181585548445582],[335763.659591948497109,7593431.096613673493266],[335053.461982347420417,7592037.255324086174369],[335018.886275103315711,7592002.679616842418909],[335007.703611558419652,7591980.732403889298439],[333901.544901146087795,7590874.573693476617336],[333374.128494563803542,7590605.841611842624843],[332877.567543125594966,7590109.280660403892398],[331483.726253537926823,7589399.083050803281367],[329938.641281663207337,7589154.365632278844714],[328393.556309788487852,7589399.083050803281367],[326999.715020200819708,7590109.280660403892398],[325893.556309788487852,7591215.439370816573501],[325183.358700187411159,7592609.280660403892398],[324938.641281663207337,7594154.365632278844714],[325183.358700187411159,7595699.45060415379703],[325893.556309788487852,7597093.291893741115928],[326999.715020200819708,7598199.45060415379703]]],[[[365455.53759026771877,7601031.996747815050185],[365529.494019002711866,7601177.144411800429225],[365669.883876527310349,7602063.531087391078472],[366380.081486128387041,7603457.372376978397369],[367486.240196540718898,7604563.531087391078472],[368880.081486128387041,7605273.728696991689503],[370425.166458003106527,7605518.446115516126156],[371970.251429877826013,7605273.728696991689503],[373364.092719465494156,7604563.531087391078472],[374470.251429877826013,7603457.372376978397369],[375180.449039478902705,7602063.531087391078472],[375425.166458003106527,7600518.446115516126156],[375180.449039478902705,7598973.36114364117384],[375106.492610743909609,7598828.213479655794799],[374966.102753219311126,7597941.826804065145552],[374255.905143618234433,7596547.985514477826655],[373149.746433205902576,7595441.826804065145552],[371755.905143618234433,7594731.629194464534521],[370210.820171743514948,7594486.911775940097868],[368665.735199868795462,7594731.629194464534521],[367271.893910281127319,7595441.826804065145552],[366165.735199868795462,7596547.985514477826655],[365455.53759026771877,7597941.826804065145552],[365210.820171743514948,7599486.911775940097868],[365455.53759026771877,7601031.996747815050185]]],[[[341885.396790567669086,7603028.144012570381165],[342595.594400168745779,7604421.985302157700062],[343701.753110581077635,7605528.144012570381165],[345095.594400168745779,7606238.341622170992196],[346640.679372043465264,7606483.059040695428848],[348185.76434391818475,7606238.341622170992196],[349579.605633505852893,7605528.144012570381165],[350685.76434391818475,7604421.985302157700062],[351395.961953519261442,7603028.144012570381165],[351640.679372043465264,7601483.059040695428848],[351395.961953519261442,7599937.974068820476532],[350685.76434391818475,7598544.132779233157635],[349579.605633505852893,7597437.974068820476532],[348185.76434391818475,7596727.776459219865501],[346640.679372043465264,7596483.059040695428848],[345095.594400168745779,7596727.776459219865501],[343701.753110581077635,7597437.974068820476532],[342595.594400168745779,7598544.132779233157635],[341885.396790567669086,7599937.974068820476532],[341640.679372043465264,7601483.059040695428848],[341885.396790567669086,7603028.144012570381165]]],[[[357710.553332399809733,7611896.157687272876501],[358420.750942000886425,7613289.998976860195398],[359526.909652413218282,7614396.157687272876501],[360920.750942000886425,7615106.355296873487532],[362465.835913875605911,7615351.072715397924185],[364010.920885750325397,7615106.355296873487532],[365404.76217533799354,7614396.157687272876501],[366510.920885750325397,7613289.998976860195398],[367221.118495351402089,7611896.157687272876501],[367465.835913875605911,7610351.072715397924185],[367221.118495351402089,7608805.987743522971869],[366510.920885750325397,7607412.146453935652971],[365404.76217533799354,7606305.987743522971869],[364010.920885750325397,7605595.790133922360837],[362465.835913875605911,7605351.072715397924185],[360920.750942000886425,7605595.790133922360837],[359526.909652413218282,7606305.987743522971869],[358420.750942000886425,7607412.146453935652971],[357710.553332399809733,7608805.987743522971869],[357465.835913875605911,7610351.072715397924185],[357710.553332399809733,7611896.157687272876501]]],[[[592087.092457042192109,7614366.075875625014305],[592331.809875566395931,7615911.160847499966621],[593042.007485167472623,7617305.002137087285519],[594148.16619557980448,7618411.160847499966621],[595542.007485167472623,7619121.358457100577652],[597087.092457042192109,7619366.075875625014305],[598632.177428916911595,7619121.358457100577652],[600026.018718504579738,7618411.160847499966621],[601132.177428916911595,7617305.002137087285519],[601842.375038517988287,7615911.160847499966621],[602087.092457042192109,7614366.075875625014305],[601842.375038517988287,7612820.990903750061989],[601132.177428916911595,7611427.149614162743092],[600026.018718504579738,7610320.990903750061989],[598632.177428916911595,7609610.793294149450958],[597087.092457042192109,7609366.075875625014305],[595542.007485167472623,7609610.793294149450958],[594148.16619557980448,7610320.990903750061989],[593042.007485167472623,7611427.149614162743092],[592331.809875566395931,7612820.990903750061989],[592087.092457042192109,7614366.075875625014305]]],[[[353444.988283349841367,7621009.117203993722796],[354155.18589295091806,7622402.958493581041694],[355261.344603363249917,7623509.117203993722796],[356655.18589295091806,7624219.314813594333827],[358200.270864825637545,7624464.03223211877048],[359745.355836700357031,7624219.314813594333827],[361139.197126288025174,7623509.117203993722796],[362245.355836700357031,7622402.958493581041694],[362955.553446301433723,7621009.117203993722796],[363200.270864825637545,7619464.03223211877048],[362955.553446301433723,7617918.947260243818164],[362245.355836700357031,7616525.105970656499267],[361139.197126288025174,7615418.947260243818164],[359745.355836700357031,7614708.749650643207133],[358200.270864825637545,7614464.03223211877048],[356655.18589295091806,7614708.749650643207133],[355261.344603363249917,7615418.947260243818164],[354155.18589295091806,7616525.105970656499267],[353444.988283349841367,7617918.947260243818164],[353200.270864825637545,7619464.03223211877048],[353444.988283349841367,7621009.117203993722796]]],[[[598334.370996542624198,7644418.742290398105979],[599044.56860614370089,7645812.583579985424876],[600150.727316556032747,7646918.742290398105979],[601544.56860614370089,7647628.93989999871701],[603089.653578018420376,7647873.657318523153663],[604634.738549893139862,7647628.93989999871701],[606028.579839480808005,7646918.742290398105979],[607134.738549893139862,7645812.583579985424876],[607844.936159494216554,7644418.742290398105979],[608089.653578018420376,7642873.657318523153663],[607844.936159494216554,7641328.572346648201346],[607134.738549893139862,7639934.731057060882449],[606028.579839480808005,7638828.572346648201346],[604634.738549893139862,7638118.374737047590315],[603089.653578018420376,7637873.657318523153663],[601544.56860614370089,7638118.374737047590315],[600150.727316556032747,7638828.572346648201346],[599044.56860614370089,7639934.731057060882449],[598334.370996542624198,7641328.572346648201346],[598089.653578018420376,7642873.657318523153663],[598334.370996542624198,7644418.742290398105979]]],[[[391335.585618596931454,7706837.542094260454178],[391580.303037121135276,7708382.627066135406494],[392290.500646722211968,7709776.468355722725391],[393396.659357134543825,7710882.627066135406494],[394790.500646722211968,7711592.824675736017525],[396335.585618596931454,7711837.542094260454178],[397880.670590471650939,7711592.824675736017525],[399274.511880059319083,7710882.627066135406494],[400380.670590471650939,7709776.468355722725391],[401090.868200072727632,7708382.627066135406494],[401335.585618596931454,7706837.542094260454178],[401090.868200072727632,7705292.457122385501862],[400380.670590471650939,7703898.615832798182964],[399274.511880059319083,7702792.457122385501862],[397880.670590471650939,7702082.259512784890831],[396335.585618596931454,7701837.542094260454178],[394790.500646722211968,7702082.259512784890831],[393396.659357134543825,7702792.457122385501862],[392290.500646722211968,7703898.615832798182964],[391580.303037121135276,7705292.457122385501862],[391335.585618596931454,7706837.542094260454178]]],[[[461546.224305438518059,7747926.873887416906655],[462256.421915039594751,7749320.715177004225552],[463362.580625451926608,7750426.873887416906655],[464756.421915039594751,7751137.071497017517686],[466301.506886914314236,7751381.788915541954339],[467846.591858789033722,7751137.071497017517686],[469240.433148376701865,7750426.873887416906655],[470346.591858789033722,7749320.715177004225552],[471056.789468390110414,7747926.873887416906655],[471301.506886914314236,7746381.788915541954339],[471056.789468390110414,7744836.703943667002022],[470346.591858789033722,7743442.862654079683125],[469240.433148376701865,7742336.703943667002022],[467846.591858789033722,7741626.506334066390991],[466301.506886914314236,7741381.788915541954339],[464756.421915039594751,7741626.506334066390991],[463362.580625451926608,7742336.703943667002022],[462256.421915039594751,7743442.862654079683125],[461546.224305438518059,7744836.703943667002022],[461301.506886914314236,7746381.788915541954339],[461546.224305438518059,7747926.873887416906655]]],[[[420717.181389466102701,7752802.747748283669353],[420710.201580773980822,7752816.446394149214029],[420510.640055289550219,7753016.007919633761048],[419800.442445688473526,7754409.849209221079946],[419555.725027164269704,7755954.934181096032262],[419800.442445688473526,7757500.019152970984578],[420510.640055289550219,7758893.860442558303475],[421616.798765701882076,7760000.019152970984578],[423010.640055289550219,7760710.216762571595609],[424555.725027164269704,7760954.934181096032262],[426100.80999903898919,7760710.216762571595609],[426532.220878959516995,7760490.40194006357342],[426572.83893760520732,7760496.835208549164236],[428117.923909479926806,7760252.117790024727583],[429511.765199067594949,7759541.920180424116552],[429682.688185010163579,7759370.997194481082261],[429697.987145146878902,7759363.201984941028059],[430804.145855559210759,7758257.043274528346956],[431514.343465160287451,7756863.201984941028059],[431759.060883684491273,7755318.117013066075742],[431514.343465160287451,7753773.032041191123426],[430804.145855559210759,7752379.190751603804529],[429697.987145146878902,7751273.032041191123426],[428304.145855559210759,7750562.834431590512395],[426759.060883684491273,7750318.117013066075742],[425213.975911809771787,7750562.834431590512395],[424839.099979722872376,7750753.843259391374886],[424762.266361340822186,7750741.674009745940566],[423217.181389466102701,7750986.391428270377219],[421823.340099878434557,7751696.58903787098825],[420717.181389466102701,7752802.747748283669353]]],[[[453651.902337459847331,7794114.327346278354526],[454362.099947060924023,7795508.168635865673423],[455468.25865747325588,7796614.327346278354526],[456862.099947060924023,7797324.524955878965557],[458407.184918935643509,7797569.242374403402209],[459952.269890810362995,7797324.524955878965557],[461346.111180398031138,7796614.327346278354526],[462452.269890810362995,7795508.168635865673423],[463162.467500411439687,7794114.327346278354526],[463407.184918935643509,7792569.242374403402209],[463162.467500411439687,7791024.157402528449893],[462452.269890810362995,7789630.316112941130996],[461346.111180398031138,7788524.157402528449893],[459952.269890810362995,7787813.959792927838862],[458407.184918935643509,7787569.242374403402209],[456862.099947060924023,7787813.959792927838862],[455468.25865747325588,7788524.157402528449893],[454362.099947060924023,7789630.316112941130996],[453651.902337459847331,7791024.157402528449893],[453407.184918935643509,7792569.242374403402209],[453651.902337459847331,7794114.327346278354526]]],[[[594038.15047248150222,7827843.284299643710256],[594282.867891005706042,7829388.369271518662572],[594993.065500606782734,7830782.210561105981469],[596099.224211019114591,7831888.369271518662572],[597493.065500606782734,7832598.566881119273603],[599038.15047248150222,7832843.284299643710256],[600583.235444356221706,7832598.566881119273603],[601977.076733943889849,7831888.369271518662572],[603083.235444356221706,7830782.210561105981469],[603793.433053957298398,7829388.369271518662572],[604038.15047248150222,7827843.284299643710256],[603793.433053957298398,7826298.199327768757939],[603083.235444356221706,7824904.358038181439042],[601977.076733943889849,7823798.199327768757939],[600583.235444356221706,7823088.001718168146908],[599038.15047248150222,7822843.284299643710256],[597493.065500606782734,7823088.001718168146908],[596099.224211019114591,7823798.199327768757939],[594993.065500606782734,7824904.358038181439042],[594282.867891005706042,7826298.199327768757939],[594038.15047248150222,7827843.284299643710256]]],[[[606495.939884913619608,7835856.679304292425513],[607206.1374945146963,7837250.520593879744411],[608312.296204927028157,7838356.679304292425513],[609706.1374945146963,7839066.876913893036544],[611251.222466389415786,7839311.594332417473197],[612796.307438264135271,7839066.876913893036544],[614190.148727851803415,7838356.679304292425513],[615296.307438264135271,7837250.520593879744411],[616006.505047865211964,7835856.679304292425513],[616186.013826495502144,7834723.305481317453086],[616352.547952857683413,7835774.760573882609606],[617062.745562458760105,7837168.601863469928503],[618168.904272871091962,7838274.760573882609606],[619562.745562458760105,7838984.958183483220637],[621107.830534333479591,7839229.67560200765729],[622652.915506208199076,7838984.958183483220637],[624046.75679579586722,7838274.760573882609606],[625152.915506208199076,7837168.601863469928503],[625215.311269225087017,7837046.143283474259079],[626283.19465193268843,7837590.257044055499136],[627828.279623807407916,7837834.974462579935789],[629373.364595682127401,7837590.257044055499136],[630421.944659463246353,7837055.978815726935863],[630704.743888226803392,7837611.0035530468449],[631810.902598639135249,7838717.162263459526002],[633204.743888226803392,7839427.359873060137033],[634746.449295994127169,7839671.542021214962006],[633425.856669993372634,7840344.417572576552629],[632319.697959581040777,7841450.576282989233732],[631609.500349979964085,7842844.417572576552629],[631364.782931455760263,7844389.502544451504946],[631609.500349979964085,7845934.587516326457262],[632319.697959581040777,7847328.428805913776159],[633425.856669993372634,7848434.587516326457262],[634819.697959581040777,7849144.785125927068293],[636364.782931455760263,7849389.502544451504946],[637909.867903330479749,7849144.785125927068293],[639303.709192918147892,7848434.587516326457262],[640409.867903330479749,7847328.428805913776159],[641120.065512931556441,7845934.587516326457262],[641364.782931455760263,7844389.502544451504946],[641120.065512931556441,7842844.417572576552629],[640409.867903330479749,7841450.576282989233732],[639303.709192918147892,7840344.417572576552629],[637909.867903330479749,7839634.219962975941598],[636390.574989451328292,7839393.587605121545494],[636860.357053944841027,7839319.181435762904584],[636965.265284807304852,7839265.728022277355194],[637157.029838360613212,7839235.355500788427889],[638550.871127948281355,7838525.157891187816858],[639657.029838360613212,7837418.999180775135756],[640367.227447961689904,7836025.157891187816858],[640611.944866485893726,7834480.072919312864542],[640367.227447961689904,7832934.987947437912226],[639657.029838360613212,7831541.146657850593328],[638550.871127948281355,7830434.987947437912226],[637157.029838360613212,7829724.790337837301195],[635611.944866485893726,7829480.072919312864542],[634654.203720788937062,7829631.764214649796486],[634820.926229193224572,7828579.119724681600928],[634576.20881066902075,7827034.034752806648612],[633866.011201067944057,7825640.193463219329715],[633646.124538131058216,7825420.306800282560289],[633448.360077641555108,7825032.172192510217428],[632342.201367229223251,7823926.013482097536325],[630948.360077641555108,7823215.815872496925294],[629403.275105766835622,7822971.098453972488642],[629107.758105015265755,7823017.903748743236065],[629303.843479832168669,7822633.064532151445746],[629548.560898356372491,7821087.97956027649343],[629512.920814957353286,7820862.956929732114077],[629618.3855129648,7820197.079032942652702],[629373.668094440596178,7818651.994061067700386],[628663.470484839519486,7817258.152771480381489],[627557.311774427187629,7816151.994061067700386],[626163.470484839519486,7815441.796451467089355],[624618.3855129648,7815197.079032942652702],[623073.300541090080515,7815441.796451467089355],[621679.459251502412371,7816151.994061067700386],[620573.300541090080515,7817258.152771480381489],[619863.102931489003822,7818651.994061067700386],[619618.3855129648,7820197.079032942652702],[619654.025596363819204,7820422.101663487032056],[619548.560898356372491,7821087.97956027649343],[619793.278316880576313,7822633.064532151445746],[620503.475926481653005,7824026.905821738764644],[621609.634636893984862,7825133.064532151445746],[623003.475926481653005,7825843.262141752056777],[624548.560898356372491,7826087.97956027649343],[624700.98062420100905,7826063.838647304102778],[624445.496416060021147,7826565.254638192243874],[624200.778997535817325,7828110.33961006719619],[624387.840896303066984,7829291.401956747286022],[623783.19465193268843,7829896.048201117664576],[623720.798888915800489,7830018.506781113334],[622652.915506208199076,7829474.393020532093942],[621107.830534333479591,7829229.67560200765729],[619562.745562458760105,7829474.393020532093942],[618168.904272871091962,7830184.590630132704973],[617062.745562458760105,7831290.749340545386076],[616352.547952857683413,7832684.590630132704973],[616173.039174227393232,7833817.9644531076774],[616006.505047865211964,7832766.509360542520881],[615296.307438264135271,7831372.668070955201983],[614190.148727851803415,7830266.509360542520881],[612796.307438264135271,7829556.31175094190985],[611251.222466389415786,7829311.594332417473197],[609706.1374945146963,7829556.31175094190985],[608312.296204927028157,7830266.509360542520881],[607206.1374945146963,7831372.668070955201983],[606495.939884913619608,7832766.509360542520881],[606251.222466389415786,7834311.594332417473197],[606495.939884913619608,7835856.679304292425513]]],[[[473401.039744410838466,7884370.565776185132563],[474111.237354011915158,7885764.40706577245146],[475217.396064424247015,7886870.565776185132563],[476611.237354011915158,7887580.763385785743594],[478156.322325886634644,7887825.480804310180247],[479701.40729776135413,7887580.763385785743594],[481095.248587349022273,7886870.565776185132563],[482201.40729776135413,7885764.40706577245146],[482911.604907362430822,7884370.565776185132563],[483156.322325886634644,7882825.480804310180247],[482911.604907362430822,7881280.395832435227931],[482201.40729776135413,7879886.554542847909033],[481095.248587349022273,7878780.395832435227931],[479701.40729776135413,7878070.198222834616899],[478156.322325886634644,7877825.480804310180247],[476611.237354011915158,7878070.198222834616899],[475217.396064424247015,7878780.395832435227931],[474111.237354011915158,7879886.554542847909033],[473401.039744410838466,7881280.395832435227931],[473156.322325886634644,7882825.480804310180247],[473401.039744410838466,7884370.565776185132563]]],[[[607549.61737561004702,7918769.570947150699794],[606443.458665197715163,7919875.729657563380897],[605733.261055596638471,7921269.570947150699794],[605490.682307591545396,7922801.152884796261787],[604953.399777701939456,7923855.629222381860018],[604708.682359177735634,7925400.714194256812334],[604953.399777701939456,7926945.79916613176465],[605663.597387303016149,7928339.640455719083548],[606769.756097715348005,7929445.79916613176465],[608163.597387303016149,7930155.996775732375681],[609708.682359177735634,7930400.714194256812334],[611253.76733105245512,7930155.996775732375681],[612647.608620640123263,7929445.79916613176465],[613753.76733105245512,7928339.640455719083548],[613763.119042169419117,7928321.286689236760139],[614545.566684684366919,7927538.839046721346676],[614844.260005050920881,7926952.620398245751858],[614908.739396085729823,7926888.141007211059332],[615013.764861076022498,7926682.01692627556622],[615561.013355334056541,7926960.853961297310889],[617106.098327208776027,7927205.571379821747541],[618651.183299083495513,7926960.853961297310889],[620045.024588671163656,7926250.656351696699858],[621151.183299083495513,7925144.497641284018755],[621861.380908684572205,7923750.656351696699858],[622106.098327208776027,7922205.571379821747541],[621861.380908684572205,7920660.486407946795225],[621151.183299083495513,7919266.645118359476328],[620045.024588671163656,7918160.486407946795225],[618651.183299083495513,7917450.288798346184194],[618047.189794907229953,7917354.625625227577984],[618122.200364003656432,7916881.027530978433788],[617877.48294547945261,7915335.942559103481472],[617167.285335878375918,7913942.101269516162574],[616061.126625466044061,7912835.942559103481472],[614667.285335878375918,7912125.74494950287044],[614659.796155001502484,7912124.558779780752957],[614439.875522722257301,7912012.503620766103268],[612894.790550847537816,7911767.786202241666615],[611349.70557897281833,7912012.503620766103268],[609955.864289385150187,7912722.701230366714299],[608849.70557897281833,7913828.859940779395401],[608139.507969371741638,7915222.701230366714299],[607894.790550847537816,7916767.786202241666615],[608139.507969371741638,7918312.871174116618931],[608202.666107086464763,7918436.825998703949153],[607549.61737561004702,7918769.570947150699794]]],[[[613066.34192833607085,7948314.294814674183726],[613776.539537937147543,7949708.136104261502624],[614882.6982483494794,7950814.294814674183726],[616276.539537937147543,7951524.492424274794757],[617821.624509811867028,7951769.20984279923141],[619366.709481686586514,7951524.492424274794757],[620760.550771274254657,7950814.294814674183726],[621866.709481686586514,7949708.136104261502624],[622576.907091287663206,7948314.294814674183726],[622821.624509811867028,7946769.20984279923141],[622576.907091287663206,7945224.124870924279094],[621866.709481686586514,7943830.283581336960196],[620760.550771274254657,7942724.124870924279094],[619366.709481686586514,7942013.927261323668063],[617821.624509811867028,7941769.20984279923141],[616276.539537937147543,7942013.927261323668063],[614882.6982483494794,7942724.124870924279094],[613776.539537937147543,7943830.283581336960196],[613066.34192833607085,7945224.124870924279094],[612821.624509811867028,7946769.20984279923141],[613066.34192833607085,7948314.294814674183726]]],[[[391841.058040034433361,8004238.120613056235015],[391860.739840700407512,8004276.748321810737252],[391912.916392389801331,8004606.178104070015252],[392623.114001990878023,8006000.019393657334149],[393729.27271240320988,8007106.178104070015252],[395123.114001990878023,8007816.375713670626283],[396668.198973865597509,8008061.093132195062935],[396698.232218854303937,8008056.336333496496081],[397093.774865737534128,8008118.984134247526526],[398638.859837612253614,8007874.266715723089874],[400032.701127199921757,8007164.069106122478843],[401138.859837612253614,8006057.91039570979774],[401849.057447213330306,8004664.069106122478843],[402093.774865737534128,8003118.984134247526526],[401849.057447213330306,8001573.89916237257421],[401138.859837612253614,8000180.057872785255313],[401123.53614892141195,8000164.734184094704688],[401015.647804128995631,7999952.991385183297098],[399909.489093716663774,7998846.832674770615995],[399551.998159479757305,7998664.681945813819766],[399535.266882972617168,7998647.950669306330383],[398141.425593384949025,7997937.753059705719352],[396596.340621510229539,7997693.035641181282699],[395051.255649635510053,7997937.753059705719352],[393657.41436004784191,7998647.950669306330383],[392551.255649635510053,7999754.109379719011486],[391841.058040034433361,8001147.950669306330383],[391596.340621510229539,8002693.035641181282699],[391841.058040034433361,8004238.120613056235015]]],[[[486957.995821930642705,8029904.236857175827026],[487202.713240454846527,8031449.321829050779343],[487912.91085005592322,8032843.16311863809824],[489019.069560468255077,8033949.321829050779343],[490412.91085005592322,8034659.519438651390374],[491957.995821930642705,8034904.236857175827026],[493503.080793805362191,8034659.519438651390374],[494896.922083393030334,8033949.321829050779343],[496003.080793805362191,8032843.16311863809824],[496713.278403406438883,8031449.321829050779343],[496957.995821930642705,8029904.236857175827026],[496713.278403406438883,8028359.15188530087471],[496003.080793805362191,8026965.310595713555813],[494896.922083393030334,8025859.15188530087471],[493503.080793805362191,8025148.954275700263679],[491957.995821930642705,8024904.236857175827026],[490412.91085005592322,8025148.954275700263679],[489019.069560468255077,8025859.15188530087471],[487912.91085005592322,8026965.310595713555813],[487202.713240454846527,8028359.15188530087471],[486957.995821930642705,8029904.236857175827026]]],[[[611594.243443181971088,8067760.681087845936418],[612304.44105278304778,8069154.522377433255315],[613410.599763195379637,8070260.681087845936418],[614804.44105278304778,8070970.878697446547449],[616349.526024657767266,8071215.596115970984101],[617894.610996532486752,8070970.878697446547449],[619288.452286120154895,8070260.681087845936418],[620394.610996532486752,8069154.522377433255315],[621104.808606133563444,8067760.681087845936418],[621349.526024657767266,8066215.596115970984101],[621104.808606133563444,8064670.511144096031785],[620394.610996532486752,8063276.669854508712888],[619288.452286120154895,8062170.511144096031785],[617894.610996532486752,8061460.313534495420754],[616349.526024657767266,8061215.596115970984101],[614804.44105278304778,8061460.313534495420754],[613410.599763195379637,8062170.511144096031785],[612304.44105278304778,8063276.669854508712888],[611594.243443181971088,8064670.511144096031785],[611349.526024657767266,8066215.596115970984101],[611594.243443181971088,8067760.681087845936418]]],[[[555392.337255259859376,8168504.575520634651184],[556102.534864860936068,8169898.416810221970081],[557208.693575273267925,8171004.575520634651184],[558602.534864860936068,8171714.773130235262215],[560147.619836735655554,8171959.490548759698868],[561692.704808610375039,8171714.773130235262215],[563086.546098198043182,8171004.575520634651184],[564192.704808610375039,8169898.416810221970081],[564902.902418211451732,8168504.575520634651184],[565147.619836735655554,8166959.490548759698868],[564902.902418211451732,8165414.405576884746552],[564192.704808610375039,8164020.564287297427654],[563086.546098198043182,8162914.405576884746552],[561692.704808610375039,8162204.20796728413552],[560147.619836735655554,8161959.490548759698868],[558602.534864860936068,8162204.20796728413552],[557208.693575273267925,8162914.405576884746552],[556102.534864860936068,8164020.564287297427654],[555392.337255259859376,8165414.405576884746552],[555147.619836735655554,8166959.490548759698868],[555392.337255259859376,8168504.575520634651184]]],[[[541435.929255120223388,8176400.758892693556845],[541680.64667364442721,8177945.843864568509161],[542390.844283245503902,8179339.685154155828059],[543497.002993657835759,8180445.843864568509161],[544890.844283245503902,8181156.041474169120193],[546435.929255120223388,8181400.758892693556845],[547981.014226994942874,8181156.041474169120193],[549374.855516582611017,8180445.843864568509161],[550481.014226994942874,8179339.685154155828059],[551191.211836596019566,8177945.843864568509161],[551435.929255120223388,8176400.758892693556845],[551191.211836596019566,8174855.673920818604529],[550481.014226994942874,8173461.832631231285632],[549374.855516582611017,8172355.673920818604529],[547981.014226994942874,8171645.476311217993498],[546435.929255120223388,8171400.758892693556845],[544890.844283245503902,8171645.476311217993498],[543497.002993657835759,8172355.673920818604529],[542390.844283245503902,8173461.832631231285632],[541680.64667364442721,8174855.673920818604529],[541435.929255120223388,8176400.758892693556845]]],[[[530092.662082079565153,8221266.899889268912375],[530802.859691680641845,8222660.741178856231272],[531909.018402092973702,8223766.899889268912375],[533302.859691680641845,8224477.097498869523406],[534847.944663555361331,8224721.814917393960059],[536393.029635430080816,8224477.097498869523406],[537786.870925017748959,8223766.899889268912375],[538893.029635430080816,8222660.741178856231272],[539603.227245031157508,8221266.899889268912375],[539847.944663555361331,8219721.814917393960059],[539603.227245031157508,8218176.729945519007742],[538893.029635430080816,8216782.888655931688845],[537786.870925017748959,8215676.729945519007742],[536393.029635430080816,8214966.532335918396711],[534847.944663555361331,8214721.814917393960059],[533302.859691680641845,8214966.532335918396711],[531909.018402092973702,8215676.729945519007742],[530802.859691680641845,8216782.888655931688845],[530092.662082079565153,8218176.729945519007742],[529847.944663555361331,8219721.814917393960059],[530092.662082079565153,8221266.899889268912375]]],[[[587679.03968566970434,8231099.349613226018846],[588389.237295270781033,8232493.190902813337743],[589495.39600568311289,8233599.349613226018846],[590889.237295270781033,8234309.547222826629877],[592434.322267145500518,8234554.26464135106653],[593979.407239020220004,8234309.547222826629877],[595373.248528607888147,8233599.349613226018846],[596479.407239020220004,8232493.190902813337743],[597189.604848621296696,8231099.349613226018846],[597434.322267145500518,8229554.26464135106653],[597189.604848621296696,8228009.179669476114213],[596479.407239020220004,8226615.338379888795316],[595373.248528607888147,8225509.179669476114213],[593979.407239020220004,8224798.982059875503182],[592434.322267145500518,8224554.26464135106653],[590889.237295270781033,8224798.982059875503182],[589495.39600568311289,8225509.179669476114213],[588389.237295270781033,8226615.338379888795316],[587679.03968566970434,8228009.179669476114213],[587434.322267145500518,8229554.26464135106653],[587679.03968566970434,8231099.349613226018846]]],[[[678362.092884239042178,7227510.234486632980406],[677651.895274637965485,7228904.075776220299304],[677407.177856113761663,7230449.16074809525162],[677651.895274637965485,7231994.245719970203936],[678362.092884239042178,7233388.087009557522833],[679468.251594651374035,7234494.245719970203936],[680862.092884239042178,7235204.443329570814967],[682407.177856113761663,7235449.16074809525162],[683952.262827988481149,7235204.443329570814967],[685346.104117576149292,7234494.245719970203936],[686452.262827988481149,7233388.087009557522833],[686619.599481978919357,7233059.670334479771554],[686736.255783733562566,7232943.014032725244761],[687446.453393334639259,7231549.172743137925863],[687691.170811858843081,7230004.087771262973547],[687446.453393334639259,7228459.002799388021231],[686736.255783733562566,7227065.161509800702333],[685630.09707332123071,7225959.002799388021231],[684236.255783733562566,7225248.8051897874102],[682691.170811858843081,7225004.087771262973547],[681146.085839984123595,7225248.8051897874102],[679752.244550396455452,7225959.002799388021231],[678646.085839984123595,7227065.161509800702333],[678478.749185993685387,7227393.578184878453612],[678362.092884239042178,7227510.234486632980406]]],[[[695384.745055511128157,7232647.549916481599212],[695629.462474035331979,7234192.634888356551528],[696339.660083636408672,7235586.476177943870425],[697445.818794048740529,7236692.634888356551528],[698839.660083636408672,7237402.832497957162559],[700384.745055511128157,7237647.549916481599212],[701929.830027385847643,7237402.832497957162559],[703323.671316973515786,7236692.634888356551528],[704429.830027385847643,7235586.476177943870425],[705140.027636986924335,7234192.634888356551528],[705302.912966009229422,7233164.217395523563027],[705322.297373212873936,7233144.832988319918513],[706032.494982813950628,7231750.991698732599616],[706277.21240133815445,7230205.9067268576473],[706032.494982813950628,7228660.821754982694983],[705322.297373212873936,7227266.980465395376086],[704216.138662800542079,7226160.821754982694983],[702822.297373212873936,7225450.624145382083952],[701277.21240133815445,7225205.9067268576473],[701165.543324328144081,7225223.59337112121284],[700789.703632322372869,7225164.06621185131371],[699244.618660447653383,7225408.783630375750363],[697850.77737085998524,7226118.981239976361394],[696744.618660447653383,7227225.139950389042497],[696034.421050846576691,7228618.981239976361394],[695950.619220207096078,7229148.085175109095871],[695928.138204998336732,7229192.206651732325554],[695683.42078647413291,7230737.29162360727787],[695714.747856207890436,7230935.082957589067519],[695629.462474035331979,7231102.464944606646895],[695384.745055511128157,7232647.549916481599212]]],[[[683509.863093262771145,7241271.124130358919501],[683731.090355126652867,7242667.898090039379895],[683287.420781033346429,7242738.168447221629322],[681893.579491445678286,7243448.366056822240353],[680787.420781033346429,7244554.524767234921455],[680077.223171432269737,7245948.366056822240353],[679832.505752908065915,7247493.451028697192669],[680077.223171432269737,7249038.536000572144985],[680787.420781033346429,7250432.377290159463882],[681893.579491445678286,7251538.536000572144985],[683287.420781033346429,7252248.733610172756016],[683749.47243701480329,7252321.915403106249869],[683626.989667408168316,7253095.241175232455134],[683871.707085932372138,7254640.326147107407451],[684581.90469553344883,7256034.167436694726348],[685688.063405945780687,7257140.326147107407451],[687081.90469553344883,7257850.523756708018482],[688626.989667408168316,7258095.241175232455134],[690172.074639282887802,7257850.523756708018482],[691565.915928870555945,7257140.326147107407451],[692672.074639282887802,7256034.167436694726348],[693382.272248883964494,7254640.326147107407451],[693626.989667408168316,7253095.241175232455134],[693382.272248883964494,7251550.156203357502818],[692672.074639282887802,7250156.314913770183921],[691565.915928870555945,7249050.156203357502818],[690172.074639282887802,7248339.958593756891787],[689710.022983301430941,7248266.776800823397934],[689832.505752908065915,7247493.451028697192669],[689611.278491044184193,7246096.677069016732275],[690054.94806513749063,7246026.406711834482849],[691448.789354725158773,7245316.209102233871818],[692554.94806513749063,7244210.050391821190715],[693265.145674738567322,7242816.209102233871818],[693509.863093262771145,7241271.124130358919501],[693265.145674738567322,7239726.039158483967185],[692554.94806513749063,7238332.197868896648288],[691448.789354725158773,7237226.039158483967185],[690054.94806513749063,7236515.841548883356154],[688509.863093262771145,7236271.124130358919501],[686964.778121388051659,7236515.841548883356154],[685570.936831800383516,7237226.039158483967185],[684464.778121388051659,7238332.197868896648288],[683754.580511786974967,7239726.039158483967185],[683509.863093262771145,7241271.124130358919501]]],[[[686945.429805141640827,7274911.886002946645021],[687190.147223665844649,7276456.970974821597338],[687900.344833266921341,7277850.812264408916235],[689006.503543679253198,7278956.970974821597338],[690400.344833266921341,7279667.168584422208369],[691945.429805141640827,7279911.886002946645021],[693490.514777016360313,7279667.168584422208369],[694884.356066604028456,7278956.970974821597338],[695990.514777016360313,7277850.812264408916235],[696700.712386617437005,7276456.970974821597338],[696945.429805141640827,7274911.886002946645021],[696700.712386617437005,7273366.801031071692705],[695990.514777016360313,7271972.959741484373808],[694884.356066604028456,7270866.801031071692705],[693490.514777016360313,7270156.603421471081674],[691945.429805141640827,7269911.886002946645021],[690400.344833266921341,7270156.603421471081674],[689006.503543679253198,7270866.801031071692705],[687900.344833266921341,7271972.959741484373808],[687190.147223665844649,7273366.801031071692705],[686945.429805141640827,7274911.886002946645021]]],[[[687964.069105144939385,7341759.937010015361011],[688674.266714746016078,7343153.778299602679908],[689780.425425158347934,7344259.937010015361011],[691174.266714746016078,7344970.134619615972042],[692719.351686620735563,7345214.852038140408695],[694264.436658495455049,7344970.134619615972042],[695658.277948083123192,7344259.937010015361011],[696764.436658495455049,7343153.778299602679908],[697474.634268096531741,7341759.937010015361011],[697719.351686620735563,7340214.852038140408695],[697474.634268096531741,7338669.767066265456378],[696764.436658495455049,7337275.925776678137481],[695658.277948083123192,7336169.767066265456378],[694264.436658495455049,7335459.569456664845347],[692719.351686620735563,7335214.852038140408695],[691174.266714746016078,7335459.569456664845347],[689780.425425158347934,7336169.767066265456378],[688674.266714746016078,7337275.925776678137481],[687964.069105144939385,7338669.767066265456378],[687719.351686620735563,7340214.852038140408695],[687964.069105144939385,7341759.937010015361011]]],[[[692474.85934527264908,7352125.148765141144395],[693185.056954873725772,7353518.990054728463292],[694291.215665286057629,7354625.148765141144395],[695685.056954873725772,7355335.346374741755426],[697230.141926748445258,7355580.063793266192079],[698775.226898623164743,7355335.346374741755426],[700169.068188210832886,7354625.148765141144395],[701275.226898623164743,7353518.990054728463292],[701985.424508224241436,7352125.148765141144395],[702230.141926748445258,7350580.063793266192079],[701985.424508224241436,7349034.978821391239762],[701275.226898623164743,7347641.137531803920865],[700169.068188210832886,7346534.978821391239762],[698775.226898623164743,7345824.781211790628731],[697230.141926748445258,7345580.063793266192079],[695685.056954873725772,7345824.781211790628731],[694291.215665286057629,7346534.978821391239762],[693185.056954873725772,7347641.137531803920865],[692474.85934527264908,7349034.978821391239762],[692230.141926748445258,7350580.063793266192079],[692474.85934527264908,7352125.148765141144395]]],[[[681369.923364553949796,7359697.750210594385862],[681614.640783078153618,7361242.835182469338179],[682324.83839267923031,7362636.676472056657076],[683430.997103091562167,7363742.835182469338179],[684824.83839267923031,7364453.03279206994921],[686369.923364553949796,7364697.750210594385862],[687915.008336428669281,7364453.03279206994921],[689308.849626016337425,7363742.835182469338179],[690415.008336428669281,7362636.676472056657076],[691125.205946029745974,7361242.835182469338179],[691369.923364553949796,7359697.750210594385862],[691125.205946029745974,7358152.665238719433546],[690415.008336428669281,7356758.823949132114649],[689308.849626016337425,7355652.665238719433546],[687915.008336428669281,7354942.467629118822515],[686369.923364553949796,7354697.750210594385862],[684824.83839267923031,7354942.467629118822515],[683430.997103091562167,7355652.665238719433546],[682324.83839267923031,7356758.823949132114649],[681614.640783078153618,7358152.665238719433546],[681369.923364553949796,7359697.750210594385862]]],[[[689319.863493727752939,7513905.247859368100762],[690030.061103328829631,7515299.08914895541966],[691136.219813741161488,7516405.247859368100762],[692530.061103328829631,7517115.445468968711793],[694075.146075203549117,7517360.162887493148446],[695620.231047078268602,7517115.445468968711793],[697014.072336665936746,7516405.247859368100762],[698120.231047078268602,7515299.08914895541966],[698830.428656679345295,7513905.247859368100762],[699075.146075203549117,7512360.162887493148446],[698830.428656679345295,7510815.07791561819613],[698120.231047078268602,7509421.236626030877233],[697014.072336665936746,7508315.07791561819613],[695620.231047078268602,7507604.880306017585099],[694075.146075203549117,7507360.162887493148446],[692530.061103328829631,7507604.880306017585099],[691136.219813741161488,7508315.07791561819613],[690030.061103328829631,7509421.236626030877233],[689319.863493727752939,7510815.07791561819613],[689075.146075203549117,7512360.162887493148446],[689319.863493727752939,7513905.247859368100762]]],[[[673267.640289789298549,7563898.646576232276857],[673977.837899390375242,7565292.487865819595754],[675083.996609802707098,7566398.646576232276857],[676477.837899390375242,7567108.844185832887888],[678022.922871265094727,7567353.561604357324541],[679568.007843139814213,7567108.844185832887888],[680961.849132727482356,7566398.646576232276857],[682068.007843139814213,7565292.487865819595754],[682778.205452740890905,7563898.646576232276857],[683022.922871265094727,7562353.561604357324541],[682778.205452740890905,7560808.476632482372224],[682068.007843139814213,7559414.635342895053327],[680961.849132727482356,7558308.476632482372224],[679568.007843139814213,7557598.279022881761193],[678022.922871265094727,7557353.561604357324541],[676477.837899390375242,7557598.279022881761193],[675083.996609802707098,7558308.476632482372224],[673977.837899390375242,7559414.635342895053327],[673267.640289789298549,7560808.476632482372224],[673022.922871265094727,7562353.561604357324541],[673267.640289789298549,7563898.646576232276857]]],[[[687462.048927946132608,7575922.131580171175301],[687706.76634647033643,7577467.216552046127617],[688416.963956071413122,7578861.057841633446515],[689523.122666483744979,7579967.216552046127617],[690916.963956071413122,7580677.414161646738648],[691703.522405967349187,7580801.992781516164541],[691393.023016358376481,7580960.200122574344277],[690286.864305946044624,7582066.35883298702538],[689576.666696344967932,7583460.200122574344277],[689331.949277820764109,7585005.285094449296594],[689576.666696344967932,7586550.37006632424891],[690286.864305946044624,7587944.211355911567807],[691393.023016358376481,7589050.37006632424891],[692786.864305946044624,7589760.567675924859941],[694331.949277820764109,7590005.285094449296594],[694390.527922734734602,7589996.007148559205234],[694456.820561672095209,7590006.506871075369418],[696001.905533546814695,7589761.789452550932765],[697395.746823134482838,7589051.591842950321734],[697706.81740874866955,7588740.521257336251438],[698337.912186046829447,7589062.080107412301004],[698338.165146043989807,7589062.120172339491546],[698539.217214794596657,7589164.561318041756749],[700084.302186669316143,7589409.278736566193402],[701629.387158544035628,7589164.561318041756749],[703023.228448131703772,7588454.363708441145718],[704129.387158544035628,7587348.204998028464615],[704839.584768145112321,7585954.363708441145718],[705084.302186669316143,7584409.278736566193402],[704839.584768145112321,7582864.193764691241086],[704129.387158544035628,7581470.352475103922188],[703023.228448131703772,7580364.193764691241086],[701629.387158544035628,7579653.996155090630054],[701629.134198546875268,7579653.956090163439512],[701428.082129796268418,7579551.514944461174309],[699882.997157921548933,7579306.797525936737657],[698337.912186046829447,7579551.514944461174309],[696944.070896459161304,7580261.71255406178534],[696633.000310844974592,7580572.783139675855637],[696001.905533546814695,7580251.22428959980607],[695118.257828576373868,7580111.268242403864861],[695400.975189408520237,7579967.216552046127617],[696507.133899820852093,7578861.057841633446515],[697217.331509421928786,7577467.216552046127617],[697462.048927946132608,7575922.131580171175301],[697217.331509421928786,7574377.046608296222985],[696507.133899820852093,7572983.205318708904088],[695400.975189408520237,7571877.046608296222985],[694007.133899820852093,7571166.848998695611954],[692462.048927946132608,7570922.131580171175301],[690916.963956071413122,7571166.848998695611954],[689523.122666483744979,7571877.046608296222985],[688416.963956071413122,7572983.205318708904088],[687706.76634647033643,7574377.046608296222985],[687462.048927946132608,7575922.131580171175301]]],[[[692544.364481241907924,7605559.944013575091958],[692299.647062717704102,7607105.028985450044274],[692544.364481241907924,7608650.113957324996591],[693254.562090842984617,7610043.955246912315488],[694360.720801255316474,7611150.113957324996591],[695754.562090842984617,7611860.311566925607622],[697299.647062717704102,7612105.028985450044274],[698844.732034592423588,7611860.311566925607622],[700238.573324180091731,7611150.113957324996591],[700391.032153013511561,7610997.655128492042422],[700608.535532284644432,7610886.831621401943266],[701714.694242696976289,7609780.672910989262164],[701786.726668647723272,7609639.301315081305802],[701947.991290823905729,7609955.800956730730832],[703054.150001236237586,7611061.959667143411934],[704447.991290823905729,7611772.157276744022965],[705993.076262698625214,7612016.874695268459618],[707538.1612345733447,7611772.157276744022965],[708932.002524161012843,7611061.959667143411934],[710038.1612345733447,7609955.800956730730832],[710748.358844174421392,7608561.959667143411934],[710993.076262698625214,7607016.874695268459618],[710748.358844174421392,7605471.789723393507302],[710038.1612345733447,7604077.948433806188405],[708932.002524161012843,7602971.789723393507302],[707538.1612345733447,7602261.592113792896271],[705993.076262698625214,7602016.874695268459618],[704447.991290823905729,7602261.592113792896271],[703054.150001236237586,7602971.789723393507302],[701947.991290823905729,7604077.948433806188405],[701875.958864873158745,7604219.320029714144766],[701714.694242696976289,7603902.820388064719737],[700608.535532284644432,7602796.661677652038634],[699214.694242696976289,7602086.464068051427603],[697669.609270822256804,7601841.74664952699095],[696124.524298947537318,7602086.464068051427603],[694730.683009359869175,7602796.661677652038634],[694578.224180526449345,7602949.120506484992802],[694360.720801255316474,7603059.944013575091958],[693254.562090842984617,7604166.102723987773061],[692544.364481241907924,7605559.944013575091958]]],[[[690162.184567412012257,7629782.407497275620699],[690872.382177013088949,7631176.248786862939596],[691978.540887425420806,7632282.407497275620699],[693372.382177013088949,7632992.60510687623173],[694917.467148887808435,7633237.322525400668383],[696462.55212076252792,7632992.60510687623173],[697856.393410350196064,7632282.407497275620699],[698962.55212076252792,7631176.248786862939596],[699672.749730363604613,7629782.407497275620699],[699917.467148887808435,7628237.322525400668383],[699672.749730363604613,7626692.237553525716066],[698962.55212076252792,7625298.396263938397169],[697856.393410350196064,7624192.237553525716066],[696462.55212076252792,7623482.039943925105035],[694917.467148887808435,7623237.322525400668383],[693372.382177013088949,7623482.039943925105035],[691978.540887425420806,7624192.237553525716066],[690872.382177013088949,7625298.396263938397169],[690162.184567412012257,7626692.237553525716066],[689917.467148887808435,7628237.322525400668383],[690162.184567412012257,7629782.407497275620699]]],[[[687587.151668314589188,7641722.488911096006632],[688297.34927791566588,7643116.330200683325529],[689403.507988327997737,7644222.488911096006632],[690797.34927791566588,7644932.686520696617663],[692342.434249790385365,7645177.403939221054316],[693887.519221665104851,7644932.686520696617663],[695281.360511252772994,7644222.488911096006632],[696387.519221665104851,7643116.330200683325529],[697097.716831266181543,7641722.488911096006632],[697342.434249790385365,7640177.403939221054316],[697097.716831266181543,7638632.318967346101999],[696387.519221665104851,7637238.477677758783102],[695281.360511252772994,7636132.318967346101999],[693887.519221665104851,7635422.121357745490968],[692342.434249790385365,7635177.403939221054316],[690797.34927791566588,7635422.121357745490968],[689403.507988327997737,7636132.318967346101999],[688297.34927791566588,7637238.477677758783102],[687587.151668314589188,7638632.318967346101999],[687342.434249790385365,7640177.403939221054316],[687587.151668314589188,7641722.488911096006632]]],[[[691199.348152282414958,7658148.237280266359448],[691909.54576188349165,7659542.078569853678346],[693015.704472295823507,7660648.237280266359448],[694409.54576188349165,7661358.434889866970479],[695954.630733758211136,7661603.152308391407132],[697499.715705632930622,7661358.434889866970479],[698893.556995220598765,7660648.237280266359448],[699999.715705632930622,7659542.078569853678346],[700709.913315234007314,7658148.237280266359448],[700954.630733758211136,7656603.152308391407132],[700709.913315234007314,7655058.067336516454816],[699999.715705632930622,7653664.226046929135919],[698893.556995220598765,7652558.067336516454816],[697499.715705632930622,7651847.869726915843785],[695954.630733758211136,7651603.152308391407132],[694409.54576188349165,7651847.869726915843785],[693015.704472295823507,7652558.067336516454816],[691909.54576188349165,7653664.226046929135919],[691199.348152282414958,7655058.067336516454816],[690954.630733758211136,7656603.152308391407132],[691199.348152282414958,7658148.237280266359448]]],[[[660836.283755577518605,7658912.417305528186262],[661081.001174101722427,7660457.502277403138578],[661791.198783702799119,7661851.343566990457475],[662897.357494115130976,7662957.502277403138578],[664291.198783702799119,7663667.699887003749609],[665836.283755577518605,7663912.417305528186262],[667381.36872745223809,7663667.699887003749609],[668775.210017039906234,7662957.502277403138578],[669881.36872745223809,7661851.343566990457475],[670591.566337053314783,7660457.502277403138578],[670836.283755577518605,7658912.417305528186262],[670591.566337053314783,7657367.332333653233945],[669881.36872745223809,7655973.491044065915048],[668775.210017039906234,7654867.332333653233945],[667381.36872745223809,7654157.134724052622914],[665836.283755577518605,7653912.417305528186262],[664291.198783702799119,7654157.134724052622914],[662897.357494115130976,7654867.332333653233945],[661791.198783702799119,7655973.491044065915048],[661081.001174101722427,7657367.332333653233945],[660836.283755577518605,7658912.417305528186262]]],[[[620443.881055086501874,7714224.106248870491982],[621154.078664687578566,7715617.947538457810879],[622260.237375099910423,7716724.106248870491982],[623654.078664687578566,7717434.303858471103013],[625199.163636562298052,7717679.021276995539665],[625978.731545666232705,7717555.549850016832352],[625916.765262570464984,7717617.516133112832904],[625206.567652969388291,7719011.357422700151801],[625182.353070237091742,7719164.242281103506684],[625045.970957632991485,7719431.907248063012958],[624801.253539108787663,7720976.992219937965274],[625045.970957632991485,7722522.07719181291759],[625756.168567234068178,7723915.918481400236487],[626862.327277646400034,7725022.07719181291759],[628256.168567234068178,7725732.274801413528621],[629801.253539108787663,7725976.992219937965274],[631346.338510983507149,7725732.274801413528621],[632740.179800571175292,7725022.07719181291759],[633846.338510983507149,7723915.918481400236487],[634556.536120584583841,7722522.07719181291759],[634580.75070331688039,7722369.192333409562707],[634717.132815920980647,7722101.527366450056434],[634961.850234445184469,7720556.442394575104117],[634717.132815920980647,7719011.357422700151801],[634006.935206319903955,7717617.516133112832904],[632900.776495907572098,7716511.357422700151801],[631506.935206319903955,7715801.15981309954077],[629961.850234445184469,7715556.442394575104117],[629182.282325341249816,7715679.913821553811431],[629244.248608437017538,7715617.947538457810879],[629954.44621803809423,7714224.106248870491982],[630199.163636562298052,7712679.021276995539665],[629954.44621803809423,7711133.936305120587349],[629244.248608437017538,7709740.095015533268452],[628138.089898024685681,7708633.936305120587349],[626744.248608437017538,7707923.738695519976318],[625199.163636562298052,7707679.021276995539665],[623654.078664687578566,7707923.738695519976318],[622260.237375099910423,7708633.936305120587349],[621154.078664687578566,7709740.095015533268452],[620443.881055086501874,7711133.936305120587349],[620199.163636562298052,7712679.021276995539665],[620443.881055086501874,7714224.106248870491982]]],[[[678261.564524086425081,7722709.449665268883109],[678971.762133687501773,7724103.290954856202006],[680077.92084409983363,7725209.449665268883109],[681471.762133687501773,7725919.64727486949414],[683016.847105562221259,7726164.364693393930793],[683067.010495320777409,7726156.419592982158065],[683021.482890403596684,7726443.869577487930655],[683266.200308927800506,7727988.954549362882972],[683976.397918528877199,7729382.795838950201869],[685082.556628941209055,7730488.954549362882972],[686476.397918528877199,7731199.152158963494003],[688021.482890403596684,7731443.869577487930655],[689566.56786227831617,7731199.152158963494003],[690960.409151865984313,7730488.954549362882972],[692066.56786227831617,7729382.795838950201869],[692776.765471879392862,7727988.954549362882972],[693021.482890403596684,7726443.869577487930655],[692776.765471879392862,7724898.784605612978339],[692066.56786227831617,7723504.943316025659442],[690960.409151865984313,7722398.784605612978339],[689566.56786227831617,7721688.586996012367308],[688021.482890403596684,7721443.869577487930655],[687971.319500645040534,7721451.814677899703383],[688016.847105562221259,7721164.364693393930793],[687772.129687038017437,7719619.279721518978477],[687061.932077436940745,7718225.438431931659579],[685955.773367024608888,7717119.279721518978477],[684561.932077436940745,7716409.082111918367445],[683016.847105562221259,7716164.364693393930793],[681471.762133687501773,7716409.082111918367445],[680077.92084409983363,7717119.279721518978477],[678971.762133687501773,7718225.438431931659579],[678261.564524086425081,7719619.279721518978477],[678016.847105562221259,7721164.364693393930793],[678261.564524086425081,7722709.449665268883109]]],[[[668393.935658288304694,7729407.304325178265572],[668638.653076812508516,7730952.389297053217888],[669348.850686413585208,7732346.230586640536785],[670455.009396825917065,7733452.389297053217888],[671848.850686413585208,7734162.586906653828919],[673393.935658288304694,7734407.304325178265572],[674939.02063016302418,7734162.586906653828919],[676332.861919750692323,7733452.389297053217888],[677439.02063016302418,7732346.230586640536785],[678149.218239764100872,7730952.389297053217888],[678393.935658288304694,7729407.304325178265572],[678149.218239764100872,7727862.219353303313255],[677439.02063016302418,7726468.378063715994358],[676332.861919750692323,7725362.219353303313255],[674939.02063016302418,7724652.021743702702224],[673393.935658288304694,7724407.304325178265572],[671848.850686413585208,7724652.021743702702224],[670455.009396825917065,7725362.219353303313255],[669348.850686413585208,7726468.378063715994358],[668638.653076812508516,7727862.219353303313255],[668393.935658288304694,7729407.304325178265572]]],[[[697351.244579481193796,7747873.603649174794555],[697827.394212655257434,7748808.099921434186399],[697611.96650897921063,7748698.334023885428905],[696066.881537104491144,7748453.616605360992253],[694521.796565229771659,7748698.334023885428905],[693127.955275642103516,7749408.531633486039937],[692021.796565229771659,7750514.690343898721039],[691311.598955628694966,7751908.531633486039937],[691066.881537104491144,7753453.616605360992253],[691196.713923295843415,7754273.34603033028543],[690907.025457639014348,7754841.891656352207065],[690662.308039114810526,7756386.976628227159381],[690907.025457639014348,7757932.061600102111697],[691617.223067240091041,7759325.902889689430594],[692723.381777652422898,7760432.061600102111697],[694117.223067240091041,7761142.259209702722728],[695662.308039114810526,7761386.976628227159381],[697207.393010989530012,7761142.259209702722728],[697777.17239906731993,7760851.942110880278051],[698177.154682836029679,7761636.9515430200845],[699283.313393248361535,7762743.110253432765603],[700677.154682836029679,7763453.307863033376634],[702222.239654710749164,7763698.025281557813287],[703767.32462658546865,7763453.307863033376634],[705161.165916173136793,7762743.110253432765603],[706267.32462658546865,7761636.9515430200845],[706977.522236186545342,7760243.110253432765603],[707222.239654710749164,7758698.025281557813287],[706977.522236186545342,7757152.94030968286097],[706267.32462658546865,7755759.099020095542073],[705161.165916173136793,7754652.94030968286097],[704243.931524611078203,7754185.58604403026402],[704069.208804273512214,7753082.430203851312399],[703880.74849332740996,7752712.556017717346549],[703939.248414138681255,7752742.363216164521873],[705484.333386013400741,7752987.080634688958526],[707029.418357888120227,7752742.363216164521873],[708423.25964747578837,7752032.165606563910842],[709529.418357888120227,7750926.006896151229739],[710239.615967489196919,7749532.165606563910842],[710484.333386013400741,7747987.080634688958526],[710239.615967489196919,7746441.995662814006209],[709529.418357888120227,7745048.154373226687312],[708423.25964747578837,7743941.995662814006209],[707029.418357888120227,7743231.798053213395178],[705798.927101191366091,7743036.907384197227657],[705045.453422419377603,7742283.433705424889922],[703651.612132831709459,7741573.236095824278891],[702106.527160956989974,7741328.518677299842238],[700561.442189082270488,7741573.236095824278891],[699167.600899494602345,7742283.433705424889922],[698061.442189082270488,7743389.592415837571025],[697351.244579481193796,7744783.433705424889922],[697106.527160956989974,7746328.518677299842238],[697351.244579481193796,7747873.603649174794555]]],[[[663403.024792370968498,7754671.799726526252925],[664113.222401972045191,7756065.641016113571823],[665219.381112384377047,7757171.799726526252925],[666613.222401972045191,7757881.997336126863956],[668158.307373846764676,7758126.714754651300609],[669703.392345721484162,7757881.997336126863956],[671097.233635309152305,7757171.799726526252925],[672203.392345721484162,7756065.641016113571823],[672913.589955322560854,7754671.799726526252925],[673158.307373846764676,7753126.714754651300609],[672913.589955322560854,7751581.629782776348293],[672203.392345721484162,7750187.788493189029396],[671097.233635309152305,7749081.629782776348293],[669703.392345721484162,7748371.432173175737262],[668158.307373846764676,7748126.714754651300609],[666613.222401972045191,7748371.432173175737262],[665219.381112384377047,7749081.629782776348293],[664113.222401972045191,7750187.788493189029396],[663403.024792370968498,7751581.629782776348293],[663158.307373846764676,7753126.714754651300609],[663403.024792370968498,7754671.799726526252925]]],[[[675655.740466076065786,7753188.488699397072196],[675900.457884600269608,7754733.573671272024512],[676610.655494201346301,7756127.41496085934341],[677716.814204613678157,7757233.573671272024512],[679110.655494201346301,7757943.771280872635543],[680655.740466076065786,7758188.488699397072196],[682200.825437950785272,7757943.771280872635543],[683594.666727538453415,7757233.573671272024512],[684700.825437950785272,7756127.41496085934341],[685411.023047551861964,7754733.573671272024512],[685655.740466076065786,7753188.488699397072196],[685411.023047551861964,7751643.40372752211988],[684700.825437950785272,7750249.562437934800982],[683594.666727538453415,7749143.40372752211988],[682200.825437950785272,7748433.206117921508849],[680655.740466076065786,7748188.488699397072196],[679110.655494201346301,7748433.206117921508849],[677716.814204613678157,7749143.40372752211988],[676610.655494201346301,7750249.562437934800982],[675900.457884600269608,7751643.40372752211988],[675655.740466076065786,7753188.488699397072196]]],[[[649686.450966452714056,7827581.374005205929279],[648976.253356851637363,7828975.215294793248177],[648868.340942206443287,7829656.547466211952269],[648664.635864393087104,7829860.252544024959207],[647954.438254792010412,7831254.093833612278104],[647709.72083626780659,7832799.17880548723042],[647954.438254792010412,7834344.263777362182736],[648664.635864393087104,7835738.105066949501634],[649770.794574805418961,7836844.263777362182736],[651164.635864393087104,7837554.461386962793767],[652709.72083626780659,7837799.17880548723042],[654254.805808142526075,7837554.461386962793767],[655648.647097730194218,7836844.263777362182736],[656754.805808142526075,7835738.105066949501634],[657465.003417743602768,7834344.263777362182736],[657572.915832388796844,7833662.931605943478644],[657651.980424761772156,7833583.867013570852578],[658150.640466494020075,7833504.887021948583424],[659544.481756081688218,7832794.689412347972393],[660650.640466494020075,7831688.53070193529129],[661360.838076095096767,7830294.689412347972393],[661605.555494619300589,7828749.604440473020077],[661360.838076095096767,7827204.51946859806776],[660650.640466494020075,7825810.678179010748863],[659544.481756081688218,7824704.51946859806776],[658150.640466494020075,7823994.321858997456729],[656605.555494619300589,7823749.604440473020077],[655060.470522744581103,7823994.321858997456729],[653666.62923315691296,7824704.51946859806776],[652685.111008184612729,7825686.037693570367992],[652186.450966452714056,7825765.017685192637146],[650792.609676865045913,7826475.215294793248177],[649686.450966452714056,7827581.374005205929279]]],[[[686838.268388171098195,7868574.768736594356596],[687548.465997772174887,7869968.610026181675494],[688654.624708184506744,7871074.768736594356596],[690048.465997772174887,7871784.966346194967628],[691593.550969646894373,7872029.68376471940428],[693138.635941521613859,7871784.966346194967628],[694532.477231109282002,7871074.768736594356596],[695638.635941521613859,7869968.610026181675494],[696348.833551122690551,7868574.768736594356596],[696593.550969646894373,7867029.68376471940428],[696348.833551122690551,7865484.598792844451964],[695638.635941521613859,7864090.757503257133067],[694532.477231109282002,7862984.598792844451964],[693138.635941521613859,7862274.401183243840933],[691593.550969646894373,7862029.68376471940428],[690048.465997772174887,7862274.401183243840933],[688654.624708184506744,7862984.598792844451964],[687548.465997772174887,7864090.757503257133067],[686838.268388171098195,7865484.598792844451964],[686593.550969646894373,7867029.68376471940428],[686838.268388171098195,7868574.768736594356596]]],[[[639242.263308218913153,7886547.274819361045957],[639952.460917819989845,7887941.116108948364854],[641058.619628232321702,7889047.274819361045957],[642452.460917819989845,7889757.472428961656988],[643997.545889694709331,7890002.18984748609364],[645542.630861569428816,7889757.472428961656988],[646936.47215115709696,7889047.274819361045957],[648042.630861569428816,7887941.116108948364854],[648752.828471170505509,7886547.274819361045957],[648997.545889694709331,7885002.18984748609364],[648752.828471170505509,7883457.104875611141324],[648042.630861569428816,7882063.263586023822427],[646936.47215115709696,7880957.104875611141324],[645542.630861569428816,7880246.907266010530293],[643997.545889694709331,7880002.18984748609364],[642452.460917819989845,7880246.907266010530293],[641058.619628232321702,7880957.104875611141324],[639952.460917819989845,7882063.263586023822427],[639242.263308218913153,7883457.104875611141324],[638997.545889694709331,7885002.18984748609364],[639242.263308218913153,7886547.274819361045957]]],[[[677391.363768047420308,7893645.476602645590901],[677636.08118657162413,7895190.561574520543218],[678346.278796172700822,7896584.402864107862115],[678543.985296688973904,7896782.109364624135196],[677686.354234989616089,7897219.094216836616397],[676580.195524577284232,7898325.2529272492975],[675869.997914976207539,7899719.094216836616397],[675625.280496452003717,7901264.179188711568713],[675869.997914976207539,7902809.264160586521029],[676580.195524577284232,7904203.105450173839927],[677686.354234989616089,7905309.264160586521029],[679080.195524577284232,7906019.461770187132061],[680625.280496452003717,7906264.179188711568713],[682170.365468326723203,7906019.461770187132061],[682177.693363974220119,7906015.728020863607526],[682501.821048331796192,7905964.391238982789218],[683895.662337919464335,7905254.193629382178187],[685001.821048331796192,7904148.034918969497085],[685712.018657932872884,7902754.193629382178187],[685956.736076457076706,7901209.108657507225871],[685712.018657932872884,7899664.023685632273555],[685001.821048331796192,7898270.182396044954658],[684728.716996735427529,7897997.078344448469579],[685330.290029509807937,7897690.561574520543218],[686436.448739922139794,7896584.402864107862115],[687146.646349523216486,7895190.561574520543218],[687391.363768047420308,7893645.476602645590901],[687146.646349523216486,7892100.391630770638585],[686436.448739922139794,7890706.550341183319688],[685330.290029509807937,7889600.391630770638585],[683936.448739922139794,7888890.194021170027554],[682391.363768047420308,7888645.476602645590901],[680846.278796172700822,7888890.194021170027554],[679452.437506585032679,7889600.391630770638585],[678346.278796172700822,7890706.550341183319688],[677636.08118657162413,7892100.391630770638585],[677391.363768047420308,7893645.476602645590901]]],[[[649707.947389580425806,7900823.533728211186826],[649766.626113451085985,7900882.21245208196342],[649962.206560780992731,7901266.060692682862282],[651068.365271193324588,7902372.219403095543385],[652462.206560780992731,7903082.417012696154416],[654007.291532655712217,7903327.134431220591068],[655552.376504530431703,7903082.417012696154416],[656946.217794118099846,7902372.219403095543385],[658052.376504530431703,7901266.060692682862282],[658762.574114131508395,7899872.219403095543385],[659007.291532655712217,7898327.134431220591068],[658762.574114131508395,7896782.049459345638752],[658052.376504530431703,7895388.208169758319855],[657993.697780659771524,7895329.529445887543261],[657798.117333329864778,7894945.681205286644399],[656691.958622917532921,7893839.522494873963296],[655298.117333329864778,7893129.324885273352265],[653753.032361455145292,7892884.607466748915613],[652207.947389580425806,7893129.324885273352265],[650814.106099992757663,7893839.522494873963296],[649707.947389580425806,7894945.681205286644399],[648997.749779979349114,7896339.522494873963296],[648753.032361455145292,7897884.607466748915613],[648997.749779979349114,7899429.692438623867929],[649707.947389580425806,7900823.533728211186826]]],[[[695810.41812060191296,7903742.016504528932273],[695910.782261574058793,7903938.99222197663039],[696027.948824249906465,7904678.752784540876746],[696738.146433850983158,7906072.594074128195643],[697844.305144263315015,7907178.752784540876746],[699238.146433850983158,7907888.950394141487777],[700783.231405725702643,7908133.66781266592443],[700822.402050781645812,7908127.463791972026229],[700842.693511121091433,7908130.677643560804427],[702387.778482995810919,7907885.960225036367774],[703781.619772583479062,7907175.762615435756743],[703781.941565774730407,7907175.440822244621813],[703782.990427728160284,7907174.906400386244059],[704889.149138140492141,7906068.747689973562956],[705599.346747741568834,7904674.906400386244059],[705844.064166265772656,7903129.821428511291742],[705599.346747741568834,7901584.736456636339426],[705409.826838813722134,7901212.782692371867597],[705320.983283553505316,7900651.846560779027641],[704610.785673952428624,7899258.005271191708744],[703504.626963540096767,7898151.846560779027641],[702110.785673952428624,7897441.64895117841661],[700565.700702077709138,7897196.931532653979957],[699020.615730202989653,7897441.64895117841661],[697626.77444061532151,7898151.846560779027641],[696520.615730202989653,7899258.005271191708744],[695810.41812060191296,7900651.846560779027641],[695565.700702077709138,7902196.931532653979957],[695810.41812060191296,7903742.016504528932273]]],[[[654656.051121604512446,7925269.938220348209143],[654900.768540128716268,7926815.023192223161459],[655610.96614972979296,7928208.864481810480356],[656717.124860142124817,7929315.023192223161459],[658110.96614972979296,7930025.22080182377249],[659656.051121604512446,7930269.938220348209143],[661201.136093479231931,7930025.22080182377249],[662594.977383066900074,7929315.023192223161459],[663701.136093479231931,7928208.864481810480356],[664411.333703080308624,7926815.023192223161459],[664656.051121604512446,7925269.938220348209143],[664411.333703080308624,7923724.853248473256826],[663701.136093479231931,7922331.011958885937929],[662594.977383066900074,7921224.853248473256826],[661201.136093479231931,7920514.655638872645795],[659656.051121604512446,7920269.938220348209143],[658110.96614972979296,7920514.655638872645795],[656717.124860142124817,7921224.853248473256826],[655610.96614972979296,7922331.011958885937929],[654900.768540128716268,7923724.853248473256826],[654656.051121604512446,7925269.938220348209143]]],[[[693012.839909082395025,8129905.103632844053209],[694348.448826208245009,8130116.643303675577044],[694475.569046147167683,8130181.41429087985307],[696020.654018021887168,8130426.131709404289722],[697565.738989896606654,8130181.41429087985307],[698959.580279484274797,8129471.216681279242039],[700065.738989896606654,8128365.057970866560936],[700775.936599497683346,8126971.216681279242039],[701020.654018021887168,8125426.131709404289722],[700775.936599497683346,8123881.046737529337406],[700065.738989896606654,8122487.205447942018509],[698959.580279484274797,8121381.046737529337406],[697565.738989896606654,8120670.849127928726375],[696230.130072770756669,8120459.309457097202539],[696103.009852831833996,8120394.538469892926514],[694557.92488095711451,8120149.821051368489861],[693012.839909082395025,8120394.538469892926514],[691618.998619494726881,8121104.736079493537545],[690512.839909082395025,8122210.894789906218648],[689802.642299481318332,8123604.736079493537545],[689557.92488095711451,8125149.821051368489861],[689802.642299481318332,8126694.906023243442178],[690512.839909082395025,8128088.747312830761075],[691618.998619494726881,8129194.906023243442178],[693012.839909082395025,8129905.103632844053209]]],[[[678046.096449963515624,8178015.622754480689764],[678051.747895003994927,8178051.304574164561927],[678048.657926613697782,8178070.813866768963635],[678293.375345137901604,8179615.898838643915951],[679003.572954738978297,8181009.740128231234848],[679011.091162504861131,8181017.258335997350514],[679019.658426209003665,8181034.072537746280432],[680125.817136621335521,8182140.231248158961535],[681519.658426209003665,8182850.428857759572566],[683064.74339808372315,8183095.146276284009218],[683553.411112883943133,8183017.748913770541549],[683331.195989795029163,8184420.759983757510781],[683575.913408319232985,8185965.844955632463098],[684286.111017920309678,8187359.686245219781995],[685392.269728332641535,8188465.844955632463098],[686786.111017920309678,8189176.042565233074129],[688331.195989795029163,8189420.759983757510781],[689876.280961669748649,8189176.042565233074129],[691270.122251257416792,8188465.844955632463098],[692376.280961669748649,8187359.686245219781995],[693086.478571270825341,8185965.844955632463098],[693331.195989795029163,8184420.759983757510781],[693086.478571270825341,8182875.675011882558465],[692376.280961669748649,8181481.833722295239568],[691270.122251257416792,8180375.675011882558465],[689876.280961669748649,8179665.477402281947434],[688331.195989795029163,8179420.759983757510781],[687842.52827499480918,8179498.157346270978451],[688064.74339808372315,8178095.146276284009218],[687820.025979559519328,8176550.061304409056902],[687811.244679423747584,8176532.827032510191202],[687801.379031439311802,8176470.537782605737448],[687091.18142183823511,8175076.69649301841855],[685985.022711425903253,8173970.537782605737448],[684591.18142183823511,8173260.340173005126417],[683046.096449963515624,8173015.622754480689764],[681501.011478088796139,8173260.340173005126417],[680107.170188501127996,8173970.537782605737448],[679001.011478088796139,8175076.69649301841855],[678290.813868487719446,8176470.537782605737448],[678046.096449963515624,8178015.622754480689764]]],[[[692288.633816892514005,8194541.162869965657592],[692998.831426493590698,8195935.004159552976489],[694104.990136905922554,8197041.162869965657592],[695498.831426493590698,8197751.360479566268623],[697043.916398368310183,8197996.077898090705276],[698589.001370243029669,8197751.360479566268623],[699982.842659830697812,8197041.162869965657592],[701089.001370243029669,8195935.004159552976489],[701799.198979844106361,8194541.162869965657592],[702043.916398368310183,8192996.077898090705276],[701799.198979844106361,8191450.992926215752959],[701089.001370243029669,8190057.151636628434062],[699982.842659830697812,8188950.992926215752959],[698589.001370243029669,8188240.795316615141928],[697043.916398368310183,8187996.077898090705276],[695498.831426493590698,8188240.795316615141928],[694104.990136905922554,8188950.992926215752959],[692998.831426493590698,8190057.151636628434062],[692288.633816892514005,8191450.992926215752959],[692043.916398368310183,8192996.077898090705276],[692288.633816892514005,8194541.162869965657592]]],[[[670863.012819083640352,8220265.252254058606923],[670868.98155419586692,8220302.937364414334297],[671579.179163796943612,8221696.778654001653194],[672685.337874209275469,8222802.937364414334297],[674079.179163796943612,8223513.134974014945328],[675624.264135671663098,8223757.852392539381981],[677169.349107546382584,8223513.134974014945328],[678563.190397134050727,8222802.937364414334297],[678563.385634057456627,8222802.742127491161227],[678565.448456027894281,8222801.691067199222744],[679671.607166440226138,8221695.532356786541641],[680381.80477604130283,8220301.691067199222744],[680626.522194565506652,8218756.606095324270427],[680381.80477604130283,8217211.521123449318111],[680307.976094449055381,8217066.624177348800004],[680303.093595366808586,8217035.797291372902691],[679592.895985765731893,8215641.956001785583794],[679591.907401929493062,8215640.967417948879302],[679577.037219149176963,8215611.783041005954146],[678470.878508736845106,8214505.624330593273044],[677077.037219149176963,8213795.426720992662013],[675531.952247274457477,8213550.70930246822536],[673986.867275399737991,8213795.426720992662013],[672593.025985812069848,8214505.624330593273044],[671486.867275399737991,8215611.783041005954146],[670776.669665798661299,8217005.624330593273044],[670531.952247274457477,8218550.70930246822536],[670776.669665798661299,8220095.794274343177676],[670863.012819083640352,8220265.252254058606923]]],[[[676559.859022705350071,8232370.763165377080441],[676570.77023200574331,8232392.177619378082454],[676576.051152679137886,8232425.520040278322995],[677286.248762280214578,8233819.361329865641892],[678392.407472692546435,8234925.520040278322995],[679786.248762280214578,8235635.717649878934026],[681331.333734154934064,8235880.435068403370678],[682876.418706029653549,8235635.717649878934026],[684270.259995617321692,8234925.520040278322995],[685376.418706029653549,8233819.361329865641892],[686086.616315630730242,8232425.520040278322995],[686331.333734154934064,8230880.435068403370678],[686086.616315630730242,8229335.350096528418362],[686075.705106330337003,8229313.935642527416348],[686070.424185656942427,8229280.593221627175808],[685360.226576055865735,8227886.751932039856911],[684254.067865643533878,8226780.593221627175808],[682860.226576055865735,8226070.395612026564777],[681315.141604181146249,8225825.678193502128124],[679770.056632306426764,8226070.395612026564777],[678376.21534271875862,8226780.593221627175808],[677270.056632306426764,8227886.751932039856911],[676559.859022705350071,8229280.593221627175808],[676315.141604181146249,8230825.678193502128124],[676559.859022705350071,8232370.763165377080441]]],[[[670303.385620192508213,8243214.340590070001781],[671013.583229793584906,8244608.181879657320678],[672119.741940205916762,8245714.340590070001781],[673513.583229793584906,8246424.538199670612812],[675058.668201668304391,8246669.255618195049465],[676603.753173543023877,8246424.538199670612812],[677997.59446313069202,8245714.340590070001781],[679103.753173543023877,8244608.181879657320678],[679813.950783144100569,8243214.340590070001781],[680058.668201668304391,8241669.255618195049465],[679813.950783144100569,8240124.170646320097148],[679103.753173543023877,8238730.329356732778251],[677997.59446313069202,8237624.170646320097148],[676603.753173543023877,8236913.973036719486117],[675058.668201668304391,8236669.255618195049465],[673513.583229793584906,8236913.973036719486117],[672119.741940205916762,8237624.170646320097148],[671013.583229793584906,8238730.329356732778251],[670303.385620192508213,8240124.170646320097148],[670058.668201668304391,8241669.255618195049465],[670303.385620192508213,8243214.340590070001781]]],[[[627923.070694450289011,8258398.971883403137326],[628633.268304051365703,8259792.813172990456223],[629739.42701446369756,8260898.971883403137326],[631133.268304051365703,8261609.169493003748357],[632678.353275926085189,8261853.88691152818501],[634223.438247800804675,8261609.169493003748357],[634918.964543738868088,8261254.781144430860877],[634828.430946785956621,8261826.387779321521521],[634828.679084239294752,8261827.95445754379034],[634790.99560073169414,8262065.878608617931604],[635035.713019255897962,8263610.963580492883921],[635745.910628856974654,8265004.804870080202818],[636085.560722516383976,8265344.454963739961386],[636413.47485229477752,8265988.02267974615097],[637519.633562707109377,8267094.181390158832073],[638080.91544175404124,8267380.168791873380542],[638124.324692429043353,8267423.578042548149824],[638842.638300380087458,8267789.577106517739594],[638963.633667088346556,8268553.511786340735853],[639673.831276689423248,8269947.35307592805475],[640779.989987101755105,8271053.511786340735853],[642173.831276689423248,8271763.709395941346884],[643718.916248564142734,8272008.426814465783536],[645264.001220438862219,8271763.709395941346884],[646657.842510026530363,8271053.511786340735853],[647764.001220438862219,8269947.35307592805475],[648474.198830039938912,8268553.511786340735853],[648718.916248564142734,8267008.426814465783536],[648615.375609014881775,8266354.696944680996239],[649157.154644464259036,8266078.646738117560744],[650263.313354876590893,8264972.488027704879642],[650973.510964477667585,8263578.646738117560744],[651218.228383001871407,8262033.561766242608428],[650973.510964477667585,8260488.476794367656112],[650263.313354876590893,8259094.635504780337214],[649157.154644464259036,8257988.476794367656112],[647763.313354876590893,8257278.279184767045081],[646218.228383001871407,8257033.561766242608428],[645209.890854665311053,8257193.266741327010095],[645149.175243258941919,8257183.650333194993436],[644319.982038674643263,8257314.981634823605418],[643650.618398076971062,8256973.923824973404408],[643024.559538371744566,8256874.765842868946493],[642739.705675669014454,8256729.625550434924662],[642472.411689581582323,8256687.290342045947909],[642208.709652376710437,8256552.927443007007241],[642124.580399881699122,8256539.602678435854614],[641972.423685630317777,8256462.074960213154554],[640427.338713755598292,8256217.357541688717902],[638882.253741880878806,8256462.074960213154554],[638677.821425356087275,8256566.238428181968629],[638661.617369616404176,8256568.804898480884731],[637641.153472914127633,8257088.757224140688777],[637678.353275926085189,8256853.88691152818501],[637433.635857401881367,8255308.801939653232694],[636723.438247800804675,8253914.960650065913796],[635617.279537388472818,8252808.801939653232694],[634223.438247800804675,8252098.604330052621663],[632678.353275926085189,8251853.88691152818501],[631133.268304051365703,8252098.604330052621663],[629739.42701446369756,8252808.801939653232694],[628633.268304051365703,8253914.960650065913796],[627923.070694450289011,8255308.801939653232694],[627678.353275926085189,8256853.88691152818501],[627923.070694450289011,8258398.971883403137326]]],[[[656597.936826321296394,8272819.787838062271476],[657308.134435922373086,8274213.629127649590373],[658414.293146334704943,8275319.787838062271476],[659808.134435922373086,8276029.985447662882507],[661353.219407797092572,8276274.70286618731916],[662898.304379671812057,8276029.985447662882507],[664292.145669259480201,8275319.787838062271476],[665398.304379671812057,8274213.629127649590373],[666108.50198927288875,8272819.787838062271476],[666353.219407797092572,8271274.70286618731916],[666108.50198927288875,8269729.617894312366843],[665398.304379671812057,8268335.776604725047946],[664292.145669259480201,8267229.617894312366843],[662898.304379671812057,8266519.420284711755812],[661353.219407797092572,8266274.70286618731916],[659808.134435922373086,8266519.420284711755812],[658414.293146334704943,8267229.617894312366843],[657308.134435922373086,8268335.776604725047946],[656597.936826321296394,8269729.617894312366843],[656353.219407797092572,8271274.70286618731916],[656597.936826321296394,8272819.787838062271476]]],[[[647601.987996421870776,8279763.179463639855385],[648312.185606022947468,8281157.020753227174282],[649418.344316435279325,8282263.179463639855385],[650812.185606022947468,8282973.377073240466416],[652357.270577897666954,8283218.094491764903069],[653902.355549772386439,8282973.377073240466416],[655296.196839360054582,8282263.179463639855385],[656402.355549772386439,8281157.020753227174282],[657112.553159373463131,8279763.179463639855385],[657357.270577897666954,8278218.094491764903069],[657112.553159373463131,8276673.009519889950752],[656402.355549772386439,8275279.168230302631855],[655296.196839360054582,8274173.009519889950752],[653902.355549772386439,8273462.811910289339721],[652357.270577897666954,8273218.094491764903069],[650812.185606022947468,8273462.811910289339721],[649418.344316435279325,8274173.009519889950752],[648312.185606022947468,8275279.168230302631855],[647601.987996421870776,8276673.009519889950752],[647357.270577897666954,8278218.094491764903069],[647601.987996421870776,8279763.179463639855385]]],[[[705379.32983939955011,7258129.263442814350128],[706089.527449000626802,7259523.104732401669025],[707195.686159412958659,7260629.263442814350128],[708589.527449000626802,7261339.461052414961159],[710134.612420875346288,7261584.178470939397812],[711679.697392750065774,7261339.461052414961159],[713073.538682337733917,7260629.263442814350128],[714179.697392750065774,7259523.104732401669025],[714889.895002351142466,7258129.263442814350128],[715134.612420875346288,7256584.178470939397812],[714889.895002351142466,7255039.093499064445496],[714179.697392750065774,7253645.252209477126598],[713073.538682337733917,7252539.093499064445496],[711679.697392750065774,7251828.895889463834465],[710134.612420875346288,7251584.178470939397812],[708589.527449000626802,7251828.895889463834465],[707195.686159412958659,7252539.093499064445496],[706089.527449000626802,7253645.252209477126598],[705379.32983939955011,7255039.093499064445496],[705134.612420875346288,7256584.178470939397812],[705379.32983939955011,7258129.263442814350128]]],[[[706181.614718023804016,7268981.088550604879856],[706426.332136548007838,7270526.173522479832172],[707136.529746149084531,7271920.01481206715107],[708242.688456561416388,7273026.173522479832172],[709636.529746149084531,7273736.371132080443203],[711181.614718023804016,7273981.088550604879856],[712726.699689898523502,7273736.371132080443203],[714120.540979486191645,7273026.173522479832172],[715226.699689898523502,7271920.01481206715107],[715936.897299499600194,7270526.173522479832172],[716181.614718023804016,7268981.088550604879856],[715936.897299499600194,7267436.00357872992754],[715226.699689898523502,7266042.162289142608643],[714120.540979486191645,7264936.00357872992754],[712726.699689898523502,7264225.805969129316509],[711181.614718023804016,7263981.088550604879856],[709636.529746149084531,7264225.805969129316509],[708242.688456561416388,7264936.00357872992754],[707136.529746149084531,7266042.162289142608643],[706426.332136548007838,7267436.00357872992754],[706181.614718023804016,7268981.088550604879856]]],[[[701380.025805084500462,7290585.783943580463529],[702090.223414685577154,7291979.625233167782426],[703196.382125097909011,7293085.783943580463529],[704590.223414685577154,7293795.98155318107456],[706135.30838656029664,7294040.698971705511212],[707680.393358435016125,7293795.98155318107456],[709074.234648022684269,7293085.783943580463529],[710180.393358435016125,7291979.625233167782426],[710890.590968036092818,7290585.783943580463529],[711135.30838656029664,7289040.698971705511212],[710890.590968036092818,7287495.613999830558896],[710180.393358435016125,7286101.772710243239999],[709074.234648022684269,7284995.613999830558896],[707680.393358435016125,7284285.416390229947865],[706135.30838656029664,7284040.698971705511212],[704590.223414685577154,7284285.416390229947865],[703196.382125097909011,7284995.613999830558896],[702090.223414685577154,7286101.772710243239999],[701380.025805084500462,7287495.613999830558896],[701135.30838656029664,7289040.698971705511212],[701380.025805084500462,7290585.783943580463529]]],[[[698994.929925996577367,7360488.045447854325175],[698476.849236372974701,7361006.126137478277087],[697766.651626771898009,7362399.967427065595984],[697521.934208247694187,7363945.052398940548301],[697766.651626771898009,7365490.137370815500617],[698476.849236372974701,7366883.978660402819514],[699583.007946785306558,7367990.137370815500617],[700976.849236372974701,7368700.334980416111648],[702521.934208247694187,7368945.052398940548301],[704067.019180122413673,7368700.334980416111648],[705460.860469710081816,7367990.137370815500617],[706567.019180122413673,7366883.978660402819514],[707277.216789723490365,7365490.137370815500617],[707521.934208247694187,7363945.052398940548301],[707338.550108109368011,7362787.210758924484253],[707856.630797732970677,7362269.130069300532341],[708566.82840733404737,7360875.288779713213444],[708811.545825858251192,7359330.203807838261127],[708566.82840733404737,7357785.118835963308811],[707856.630797732970677,7356391.277546375989914],[706750.472087320638821,7355285.118835963308811],[705356.630797732970677,7354574.92122636269778],[703811.545825858251192,7354330.203807838261127],[702266.460853983531706,7354574.92122636269778],[700872.619564395863563,7355285.118835963308811],[699766.460853983531706,7356391.277546375989914],[699056.263244382455014,7357785.118835963308811],[698811.545825858251192,7359330.203807838261127],[698994.929925996577367,7360488.045447854325175]]],[[[698619.408426663838327,7404440.3080566059798],[699329.606036264915019,7405834.149346193298697],[700435.764746677246876,7406940.3080566059798],[701829.606036264915019,7407650.505666206590831],[703374.691008139634505,7407895.223084731027484],[704919.775980014353991,7407650.505666206590831],[706313.617269602022134,7406940.3080566059798],[707419.775980014353991,7405834.149346193298697],[708129.973589615430683,7404440.3080566059798],[708374.691008139634505,7402895.223084731027484],[708129.973589615430683,7401350.138112856075168],[707419.775980014353991,7399956.29682326875627],[706313.617269602022134,7398850.138112856075168],[704919.775980014353991,7398139.940503255464137],[703374.691008139634505,7397895.223084731027484],[701829.606036264915019,7398139.940503255464137],[700435.764746677246876,7398850.138112856075168],[699329.606036264915019,7399956.29682326875627],[698619.408426663838327,7401350.138112856075168],[698374.691008139634505,7402895.223084731027484],[698619.408426663838327,7404440.3080566059798]]],[[[707489.750604830216616,7576653.669452145695686],[708199.948214431293309,7578047.510741733014584],[709306.106924843625166,7579153.669452145695686],[710699.948214431293309,7579863.867061746306717],[712245.033186306012794,7580108.58448027074337],[713790.11815818073228,7579863.867061746306717],[715183.959447768400423,7579153.669452145695686],[716290.11815818073228,7578047.510741733014584],[717000.315767781808972,7576653.669452145695686],[717245.033186306012794,7575108.58448027074337],[717000.315767781808972,7573563.499508395791054],[716290.11815818073228,7572169.658218808472157],[715183.959447768400423,7571063.499508395791054],[713790.11815818073228,7570353.301898795180023],[712245.033186306012794,7570108.58448027074337],[710699.948214431293309,7570353.301898795180023],[709306.106924843625166,7571063.499508395791054],[708199.948214431293309,7572169.658218808472157],[707489.750604830216616,7573563.499508395791054],[707245.033186306012794,7575108.58448027074337],[707489.750604830216616,7576653.669452145695686]]],[[[711775.558180460007861,7591394.538929902948439],[712020.275598984211683,7592939.623901777900755],[712730.473208585288376,7594333.465191365219653],[713836.631918997620232,7595439.623901777900755],[715230.473208585288376,7596149.821511378511786],[716775.558180460007861,7596394.538929902948439],[718021.195890392758884,7596197.249298367649317],[718081.879888686700724,7596580.392984513193369],[718792.077498287777416,7597974.234274100512266],[719898.236208700109273,7599080.392984513193369],[721292.077498287777416,7599790.5905941138044],[722292.943711301893927,7599949.112229102291167],[721677.456487890216522,7600046.59582850895822],[720283.615198302548379,7600756.793438109569252],[719177.456487890216522,7601862.952148522250354],[718467.25887828913983,7603256.793438109569252],[718222.541459764936008,7604801.878409984521568],[718467.25887828913983,7606346.963381859473884],[719177.456487890216522,7607740.804671446792781],[720283.615198302548379,7608846.963381859473884],[721677.456487890216522,7609557.160991460084915],[723222.541459764936008,7609801.878409984521568],[724713.203325440292247,7609565.780764676630497],[724510.64472920296248,7610844.685408480465412],[724513.54787851520814,7610863.015171848237514],[724509.793192490469664,7610886.721326423808932],[724754.510611014673486,7612431.806298298761249],[725464.708220615750179,7613825.647587886080146],[726570.866931028082035,7614931.806298298761249],[727964.708220615750179,7615642.00390789937228],[729509.793192490469664,7615886.721326423808932],[731054.87816436518915,7615642.00390789937228],[732448.719453952857293,7614931.806298298761249],[733554.87816436518915,7613825.647587886080146],[734265.075773966265842,7612431.806298298761249],[734509.793192490469664,7610886.721326423808932],[734506.890043178224005,7610868.39156305603683],[734510.64472920296248,7610844.685408480465412],[734411.379398229531944,7610217.948774692602456],[735208.525597523432225,7610344.204329324886203],[736753.610569398151711,7610099.48691080044955],[737916.258160572964698,7609507.088374303653836],[737375.338477496057749,7610568.703026944771409],[737130.621058971853927,7612113.787998819723725],[737232.77117466472555,7612758.738446500152349],[737054.910727744339965,7612786.90877384133637],[735661.069438156671822,7613497.106383441947401],[734554.910727744339965,7614603.265093854628503],[733844.713118143263273,7615997.106383441947401],[733599.995699619059451,7617542.191355316899717],[733844.713118143263273,7619087.276327191852033],[734554.910727744339965,7620481.11761677917093],[735661.069438156671822,7621587.276327191852033],[737054.910727744339965,7622297.473936792463064],[738599.995699619059451,7622542.191355316899717],[740145.080671493778937,7622297.473936792463064],[741538.92196108144708,7621587.276327191852033],[742645.080671493778937,7620481.11761677917093],[743355.278281094855629,7619087.276327191852033],[743599.995699619059451,7617542.191355316899717],[743497.845583926187828,7616897.240907636471093],[743675.706030846573412,7616869.070580295287073],[745069.547320434241556,7616158.872970694676042],[746175.706030846573412,7615052.714260281994939],[746885.903640447650105,7613658.872970694676042],[747130.621058971853927,7612113.787998819723725],[746885.903640447650105,7610568.703026944771409],[746175.706030846573412,7609174.861737357452512],[745069.547320434241556,7608068.703026944771409],[743675.706030846573412,7607358.505417344160378],[742130.621058971853927,7607113.787998819723725],[740585.536087097134441,7607358.505417344160378],[739422.888495922321454,7607950.903953840956092],[739963.808178999228403,7606889.289301199838519],[740208.525597523432225,7605344.204329324886203],[739963.808178999228403,7603799.119357449933887],[739253.610569398151711,7602405.278067862614989],[738147.451858985819854,7601299.119357449933887],[736753.610569398151711,7600588.921747849322855],[735208.525597523432225,7600344.204329324886203],[733663.440625648712739,7600588.921747849322855],[733145.19749708706513,7600852.979810876771808],[731930.263052763650194,7600660.553098881617188],[730385.178080888930708,7600905.270517406053841],[728991.336791301262565,7601615.468127006664872],[727885.178080888930708,7602721.626837419345975],[727795.160559679265134,7602898.29617022536695],[727267.626431639655493,7601862.952148522250354],[726161.467721227323636,7600756.793438109569252],[724767.626431639655493,7600046.59582850895822],[723766.760218625538982,7599888.074193520471454],[724382.247442037216388,7599790.5905941138044],[725776.088731624884531,7599080.392984513193369],[726882.247442037216388,7597974.234274100512266],[727592.44505163829308,7596580.392984513193369],[727837.162470162496902,7595035.308012638241053],[727592.44505163829308,7593490.223040763288736],[726882.247442037216388,7592096.381751175969839],[725776.088731624884531,7590990.223040763288736],[724382.247442037216388,7590280.025431162677705],[722837.162470162496902,7590035.308012638241053],[721591.52476022974588,7590232.597644173540175],[721530.840761935804039,7589849.453958027996123],[720820.643152334727347,7588455.612668440677226],[719714.48444192239549,7587349.453958027996123],[718320.643152334727347,7586639.256348427385092],[716775.558180460007861,7586394.538929902948439],[715230.473208585288376,7586639.256348427385092],[713836.631918997620232,7587349.453958027996123],[712730.473208585288376,7588455.612668440677226],[712020.275598984211683,7589849.453958027996123],[711775.558180460007861,7591394.538929902948439]]],[[[706713.722164308070205,7621017.033607323653996],[707423.919773909146897,7622410.874896910972893],[708530.078484321478754,7623517.033607323653996],[708588.330667547183111,7623546.714577165432274],[708693.366535361274146,7624209.88494667224586],[708910.512460225378163,7624636.057820037938654],[708401.603171327733435,7625634.848536777310073],[708156.885752803529613,7627179.93350865226239],[708401.603171327733435,7628725.018480527214706],[708498.354980233707465,7628914.904597112908959],[708127.901577139855362,7629103.660033840686083],[707021.742866727523506,7630209.818744253367186],[706311.545257126446813,7631603.660033840686083],[706066.827838602242991,7633148.745005715638399],[706311.545257126446813,7634693.829977590590715],[707021.742866727523506,7636087.671267177909613],[708127.901577139855362,7637193.829977590590715],[709521.742866727523506,7637904.027587191201746],[711066.827838602242991,7638148.745005715638399],[712611.912810476962477,7637904.027587191201746],[714005.75410006463062,7637193.829977590590715],[715111.912810476962477,7636087.671267177909613],[715375.250297946156934,7635570.842347777448595],[716586.231021120329387,7635379.041843693703413],[717980.072310707997531,7634668.844234093092382],[718792.456519011640921,7633856.460025789216161],[718995.16458146146033,7633888.565828809514642],[720540.249553336179815,7633643.848410285077989],[720998.282123544136994,7633410.469159066677094],[721469.673850255552679,7633881.860885778442025],[720690.047530182171613,7634005.341564145870507],[719296.20624059450347,7634715.539173746481538],[718190.047530182171613,7635821.697884159162641],[717479.849920581094921,7637215.539173746481538],[717235.132502056891099,7638760.624145621433854],[717479.849920581094921,7640305.70911749638617],[718190.047530182171613,7641699.550407083705068],[719296.20624059450347,7642805.70911749638617],[720690.047530182171613,7643515.906727096997201],[722235.132502056891099,7643760.624145621433854],[723780.217473931610584,7643515.906727096997201],[725174.058763519278727,7642805.70911749638617],[725711.693315389449708,7642268.074565625749528],[726187.664915091707371,7643202.22142752353102],[727293.823625504039228,7644308.380137936212122],[727555.616096159210429,7644441.770064220763743],[727524.959941474953666,7644501.936155462637544],[727280.242522950749844,7646047.02112733758986],[727524.959941474953666,7647592.106099212542176],[728235.157551076030359,7648985.947388799861073],[729257.80347386142239,7650008.593311585485935],[728890.898588960641064,7650375.498196486383677],[728180.700979359564371,7651769.339486073702574],[727935.983560835360549,7653314.42445794865489],[728180.700979359564371,7654859.509429823607206],[728890.898588960641064,7656253.350719410926104],[729558.948905426776037,7656921.401035876944661],[728793.541794207994826,7657042.62961280811578],[727399.700504620326683,7657752.827222408726811],[726293.541794207994826,7658858.985932821407914],[725583.344184606918134,7660252.827222408726811],[725338.626766082714312,7661797.912194283679128],[725583.344184606918134,7663342.997166158631444],[726293.541794207994826,7664736.838455745950341],[727399.700504620326683,7665842.997166158631444],[728793.541794207994826,7666553.194775759242475],[730338.626766082714312,7666797.912194283679128],[731883.711737957433797,7666553.194775759242475],[733277.553027545101941,7665842.997166158631444],[734383.711737957433797,7664736.838455745950341],[735093.90934755851049,7663342.997166158631444],[735338.626766082714312,7661797.912194283679128],[735093.90934755851049,7660252.827222408726811],[734383.711737957433797,7658858.985932821407914],[733715.661421491298825,7658190.935616355389357],[734481.068532710080035,7658069.707039424218237],[735874.909822297748178,7657359.509429823607206],[736981.068532710080035,7656253.350719410926104],[737691.266142311156727,7654859.509429823607206],[737935.983560835360549,7653314.42445794865489],[737691.266142311156727,7651769.339486073702574],[736981.068532710080035,7650375.498196486383677],[735958.422609924688004,7649352.852273700758815],[736325.32749482546933,7648985.947388799861073],[736854.170430252910592,7647948.034687967970967],[736908.642293250886723,7647975.789488446898758],[738453.727265125606209,7648220.506906971335411],[739998.812237000325695,7647975.789488446898758],[741392.653526587993838,7647265.591878846287727],[742498.812237000325695,7646159.433168433606625],[743209.009846601402387,7644765.591878846287727],[743453.727265125606209,7643220.506906971335411],[743209.009846601402387,7641675.421935096383095],[742498.812237000325695,7640281.580645509064198],[741392.653526587993838,7639175.421935096383095],[739998.812237000325695,7638465.224325495772064],[738453.727265125606209,7638220.506906971335411],[736908.642293250886723,7638465.224325495772064],[735514.80100366321858,7639175.421935096383095],[735122.570847843890078,7639567.652090915478766],[734988.032468442223035,7638718.21019418630749],[734277.834858841146342,7637324.368904598988593],[733171.676148428814486,7636218.21019418630749],[731777.834858841146342,7635508.012584585696459],[730232.749886966426857,7635263.295166061259806],[728687.664915091707371,7635508.012584585696459],[727293.823625504039228,7636218.21019418630749],[726756.189073633868247,7636755.844746056944132],[726280.217473931610584,7635821.697884159162641],[725294.879325930145569,7634836.35973615758121],[726074.505646003526635,7634712.879057790152729],[727468.346935591194779,7634002.681448189541698],[728574.505646003526635,7632896.522737776860595],[729284.703255604603328,7631502.681448189541698],[729374.133839971502312,7630938.038960685022175],[729930.100014905561693,7630382.072785750031471],[730977.731549639604054,7631429.704320484772325],[732371.572839227272198,7632139.901930085383356],[733916.657811101991683,7632384.619348609820008],[735461.742782976711169,7632139.901930085383356],[736855.584072564379312,7631429.704320484772325],[737961.742782976711169,7630323.545610072091222],[738671.940392577787861,7628929.704320484772325],[738916.657811101991683,7627384.619348609820008],[738671.940392577787861,7625839.534376734867692],[737961.742782976711169,7624445.693087147548795],[736855.584072564379312,7623339.534376734867692],[735461.742782976711169,7622629.336767134256661],[733916.657811101991683,7622384.619348609820008],[732371.572839227272198,7622629.336767134256661],[730977.731549639604054,7623339.534376734867692],[730145.231089301523753,7624172.034837073646486],[729097.599554567481391,7623124.403302338905632],[727703.758264979813248,7622414.205692738294601],[726494.744895970448852,7622222.716786942444742],[726598.704922668053769,7621566.33901091478765],[726353.987504143849947,7620021.254039039835334],[725643.789894542773254,7618627.412749452516437],[724537.631184130441397,7617521.254039039835334],[723143.789894542773254,7616811.056429439224303],[721598.704922668053769,7616566.33901091478765],[720053.619950793334283,7616811.056429439224303],[718659.77866120566614,7617521.254039039835334],[717553.619950793334283,7618627.412749452516437],[717162.631387223722413,7619394.771011846140027],[716387.575378299457952,7618619.715002922341228],[716329.323195073753595,7618590.034033080562949],[716224.287327259662561,7617926.863663573749363],[715514.089717658585869,7616533.022373986430466],[714407.931007246254012,7615426.863663573749363],[713014.089717658585869,7614716.666053973138332],[711469.004745783866383,7614471.94863544870168],[709923.919773909146897,7614716.666053973138332],[708530.078484321478754,7615426.863663573749363],[707423.919773909146897,7616533.022373986430466],[706713.722164308070205,7617926.863663573749363],[706469.004745783866383,7619471.94863544870168],[706713.722164308070205,7621017.033607323653996]]],[[[710980.39457769272849,7709138.024628385901451],[710735.677159168524668,7710683.109600260853767],[710980.39457769272849,7712228.194572135806084],[711690.592187293805182,7713622.035861723124981],[712796.750897706137039,7714728.194572135806084],[714190.592187293805182,7715438.392181736417115],[715735.677159168524668,7715683.109600260853767],[717280.762131043244153,7715438.392181736417115],[717427.195634789066389,7715363.780584919266403],[717465.421852638479322,7715357.726146799512208],[718859.263142226147465,7714647.528537198901176],[719965.421852638479322,7713541.369826786220074],[720675.619462239556015,7712147.528537198901176],[720920.336880763759837,7710602.44356532394886],[720675.619462239556015,7709057.358593448996544],[719965.421852638479322,7707663.517303861677647],[718859.263142226147465,7706557.358593448996544],[717465.421852638479322,7705847.160983848385513],[715920.336880763759837,7705602.44356532394886],[714375.251908889040351,7705847.160983848385513],[714228.818405143218115,7705921.772580665536225],[714190.592187293805182,7705927.82701878529042],[712796.750897706137039,7706638.024628385901451],[711690.592187293805182,7707744.183338798582554],[710980.39457769272849,7709138.024628385901451]]],[[[713824.536521900095977,7766137.415354816243052],[713975.332219286356121,7766433.368574691005051],[713733.95120002143085,7767957.388350689783692],[713936.927462834515609,7769238.930037469603121],[713073.071236726595089,7770102.786263577640057],[712362.873627125518396,7771496.627553164958954],[712118.156208601314574,7773041.71252503991127],[712362.873627125518396,7774586.797496914863586],[713073.071236726595089,7775980.638786502182484],[713189.577911303844303,7776097.145461079664528],[711985.48941749741789,7776710.659192116931081],[711695.144361387356184,7777001.004248226992786],[710665.108404980739579,7776476.17471454385668],[709120.023433106020093,7776231.457296019420028],[707574.938461231300607,7776476.17471454385668],[706181.097171643632464,7777186.372324144467711],[705074.938461231300607,7778292.531034557148814],[704364.740851630223915,7779686.372324144467711],[704120.023433106020093,7781231.457296019420028],[704364.740851630223915,7782776.542267894372344],[705074.938461231300607,7784170.383557481691241],[706181.097171643632464,7785276.542267894372344],[707574.938461231300607,7785986.739877494983375],[709120.023433106020093,7786231.457296019420028],[710665.108404980739579,7785986.739877494983375],[712058.949694568407722,7785276.542267894372344],[712349.294750678469427,7784986.197211784310639],[713379.330707085086033,7785511.026745467446744],[714924.415678959805518,7785755.744163991883397],[716469.500650834525004,7785511.026745467446744],[717863.341940422193147,7784800.829135866835713],[718969.500650834525004,7783694.670425454154611],[719679.698260435601696,7782300.829135866835713],[719924.415678959805518,7780755.744163991883397],[719679.698260435601696,7779210.659192116931081],[718969.500650834525004,7777816.817902529612184],[718852.99397625727579,7777700.311227952130139],[720057.082470063702203,7777086.797496914863586],[721163.24118047603406,7775980.638786502182484],[721873.438790077110752,7774586.797496914863586],[722118.156208601314574,7773041.71252503991127],[721915.179945788229816,7771760.170838260091841],[722779.036171896150336,7770896.314612152054906],[723489.233781497227028,7769502.473322564736009],[723733.95120002143085,7767957.388350689783692],[723489.233781497227028,7766412.303378814831376],[723338.438084110966884,7766116.350158940069377],[723579.819103375892155,7764592.330382941290736],[723335.101684851688333,7763047.24541106633842],[722624.904075250611641,7761653.404121479019523],[721518.745364838279784,7760547.24541106633842],[720124.904075250611641,7759837.047801465727389],[718579.819103375892155,7759592.330382941290736],[717034.734131501172669,7759837.047801465727389],[715640.892841913504526,7760547.24541106633842],[714534.734131501172669,7761653.404121479019523],[713824.536521900095977,7763047.24541106633842],[713579.819103375892155,7764592.330382941290736],[713824.536521900095977,7766137.415354816243052]]],[[[708595.185012146364897,7790965.068485930562019],[708839.90243067056872,7792510.153457805514336],[709550.100040271645412,7793903.994747392833233],[710656.258750683977269,7795010.153457805514336],[712050.100040271645412,7795720.351067406125367],[713595.185012146364897,7795965.068485930562019],[715140.269984021084383,7795720.351067406125367],[716534.111273608752526,7795010.153457805514336],[717640.269984021084383,7793903.994747392833233],[718350.467593622161075,7792510.153457805514336],[718595.185012146364897,7790965.068485930562019],[718350.467593622161075,7789419.983514055609703],[717640.269984021084383,7788026.142224468290806],[716534.111273608752526,7786919.983514055609703],[715140.269984021084383,7786209.785904454998672],[713595.185012146364897,7785965.068485930562019],[712050.100040271645412,7786209.785904454998672],[710656.258750683977269,7786919.983514055609703],[709550.100040271645412,7788026.142224468290806],[708839.90243067056872,7789419.983514055609703],[708595.185012146364897,7790965.068485930562019]]],[[[707897.126418435713276,7799711.154937443323433],[707756.922987118945457,7800596.364564282819629],[707574.728377466788515,7800953.941619232296944],[707519.220864637871273,7801304.402262431569397],[707518.603885334334336,7801305.613152494654059],[707273.886466810130514,7802850.698124369606376],[707518.603885334334336,7804395.783096244558692],[708109.595535634434782,7805555.669517789036036],[708227.317620524438098,7806298.937509573996067],[708937.51523012551479,7807692.778799161314964],[710043.673940537846647,7808798.937509573996067],[711437.51523012551479,7809509.135119174607098],[711770.147731921169907,7809561.818931804969907],[711857.75217223004438,7809606.455623631365597],[713402.837144104763865,7809851.17304215580225],[714947.922115979483351,7809606.455623631365597],[716117.275698571815155,7809010.640213843435049],[715886.05150694528129,7809464.443241456523538],[715641.334088421077468,7811009.528213331475854],[715645.836391977150925,7811037.954639228060842],[715642.116525467485189,7811061.440952038392425],[715886.833943991689011,7812606.525923913344741],[716597.031553592765704,7814000.367213500663638],[717703.190264005097561,7815106.525923913344741],[719097.031553592765704,7815816.723533513955772],[720642.116525467485189,7816061.440952038392425],[722187.201497342204675,7815816.723533513955772],[723401.371163022122346,7815198.073188845999539],[722373.119650673121214,7816226.324701195582747],[721662.922041072044522,7817620.165990782901645],[721418.2046225478407,7819165.250962657853961],[721662.922041072044522,7820710.335934532806277],[722373.119650673121214,7822104.177224120125175],[723479.278361085453071,7823210.335934532806277],[724873.119650673121214,7823920.533544133417308],[726418.2046225478407,7824165.250962657853961],[727963.289594422560185,7823920.533544133417308],[729357.130884010228328,7823210.335934532806277],[730463.289594422560185,7822104.177224120125175],[731173.487204023636878,7820710.335934532806277],[731418.2046225478407,7819165.250962657853961],[731173.487204023636878,7817620.165990782901645],[730463.289594422560185,7816226.324701195582747],[729357.130884010228328,7815120.165990782901645],[727963.289594422560185,7814409.968381182290614],[726418.2046225478407,7814165.250962657853961],[724873.119650673121214,7814409.968381182290614],[723660.586647344287485,7815027.784804729744792],[724703.869292575167492,7813984.502159498631954],[725414.066902176244184,7812590.660869911313057],[725658.784320700448006,7811045.575898036360741],[725414.066902176244184,7809500.490926161408424],[725397.030279914615676,7809467.05467233248055],[725396.616669896873645,7809464.443241456523538],[724686.419060295796953,7808070.60195186920464],[723580.260349883465096,7806964.443241456523538],[722186.419060295796953,7806254.245631855912507],[720641.334088421077468,7806009.528213331475854],[719096.249116546357982,7806254.245631855912507],[717926.895533954026178,7806850.061041643843055],[718158.119725580560043,7806396.258014030754566],[718402.837144104763865,7804851.17304215580225],[718171.104539846070111,7803388.070961017161608],[718620.498244201531634,7802506.086155741475523],[718865.215662725735456,7800961.001183866523206],[718620.498244201531634,7799415.91621199157089],[717910.300634600454941,7798022.074922404251993],[716804.141924188123085,7796915.91621199157089],[715410.300634600454941,7796205.718602390959859],[713865.215662725735456,7795961.001183866523206],[712320.13069085101597,7796205.718602390959859],[712026.376847676001489,7796355.393661375157535],[711107.324028036789969,7796500.957327842712402],[709713.482738449121825,7797211.154937443323433],[708607.324028036789969,7798317.313647856004536],[707897.126418435713276,7799711.154937443323433]]],[[[711825.312812872231007,7915301.33345247246325],[712535.510422473307699,7916695.174742059782147],[713641.669132885639556,7917801.33345247246325],[715035.510422473307699,7918511.531062073074281],[716580.595394348027185,7918756.248480597510934],[718125.68036622274667,7918511.531062073074281],[719519.521655810414813,7917801.33345247246325],[720625.68036622274667,7916695.174742059782147],[721335.877975823823363,7915301.33345247246325],[721580.595394348027185,7913756.248480597510934],[721335.877975823823363,7912211.163508722558618],[720625.68036622274667,7910817.32221913523972],[719519.521655810414813,7909711.163508722558618],[718125.68036622274667,7909000.965899121947587],[716580.595394348027185,7908756.248480597510934],[715035.510422473307699,7909000.965899121947587],[713641.669132885639556,7909711.163508722558618],[712535.510422473307699,7910817.32221913523972],[711825.312812872231007,7912211.163508722558618],[711580.595394348027185,7913756.248480597510934],[711825.312812872231007,7915301.33345247246325]]],[[[699787.694588044192642,8052719.938727524131536],[699815.484547326806933,8052895.39762503746897],[699791.542822663788684,8053046.559725392609835],[700036.260241187992506,8054591.644697267562151],[700746.457850789069198,8055985.485986854881048],[701852.616561201401055,8057091.644697267562151],[703246.457850789069198,8057801.842306868173182],[704791.542822663788684,8058046.559725392609835],[706336.627794538508169,8057801.842306868173182],[707730.469084126176313,8057091.644697267562151],[708836.627794538508169,8055985.485986854881048],[709546.825404139584862,8054591.644697267562151],[709791.542822663788684,8053046.559725392609835],[709763.752863381174393,8052871.100827879272401],[709787.694588044192642,8052719.938727524131536],[709542.97716951998882,8051174.85375564917922],[708832.779559918912128,8049781.012466061860323],[707726.620849506580271,8048674.85375564917922],[706332.779559918912128,8047964.656146048568189],[704787.694588044192642,8047719.938727524131536],[703242.609616169473156,8047964.656146048568189],[701848.768326581805013,8048674.85375564917922],[700742.609616169473156,8049781.012466061860323],[700032.412006568396464,8051174.85375564917922],[699787.694588044192642,8052719.938727524131536]]],[[[710408.550865947036073,8145072.609856754541397],[711118.748475548112765,8146466.451146341860294],[712224.907185960444622,8147572.609856754541397],[713618.748475548112765,8148282.807466355152428],[715163.833447422832251,8148527.524884879589081],[716708.918419297551736,8148282.807466355152428],[718102.759708885219879,8147572.609856754541397],[719208.918419297551736,8146466.451146341860294],[719919.116028898628429,8145072.609856754541397],[720163.833447422832251,8143527.524884879589081],[719919.116028898628429,8141982.439913004636765],[719208.918419297551736,8140588.598623417317867],[718102.759708885219879,8139482.439913004636765],[716708.918419297551736,8138772.242303404025733],[715163.833447422832251,8138527.524884879589081],[713618.748475548112765,8138772.242303404025733],[712224.907185960444622,8139482.439913004636765],[711118.748475548112765,8140588.598623417317867],[710408.550865947036073,8141982.439913004636765],[710163.833447422832251,8143527.524884879589081],[710408.550865947036073,8145072.609856754541397]]],[[[713618.386171597987413,8191447.428007742390037],[714328.583781199064106,8192841.269297329708934],[715434.742491611395963,8193947.428007742390037],[716828.583781199064106,8194657.625617343001068],[718373.668753073783591,8194902.34303586743772],[719918.753724948503077,8194657.625617343001068],[721312.59501453617122,8193947.428007742390037],[722418.753724948503077,8192841.269297329708934],[723128.951334549579769,8191447.428007742390037],[723373.668753073783591,8189902.34303586743772],[723128.951334549579769,8188357.258063992485404],[722418.753724948503077,8186963.416774405166507],[721312.59501453617122,8185857.258063992485404],[719918.753724948503077,8185147.060454391874373],[718373.668753073783591,8184902.34303586743772],[716828.583781199064106,8185147.060454391874373],[715434.742491611395963,8185857.258063992485404],[714328.583781199064106,8186963.416774405166507],[713618.386171597987413,8188357.258063992485404],[713373.668753073783591,8189902.34303586743772],[713618.386171597987413,8191447.428007742390037]]],[[[743409.738441552501172,7340637.259600759483874],[744119.936051153577864,7342031.100890346802771],[745226.094761565909721,7343137.259600759483874],[746619.936051153577864,7343847.457210360094905],[748165.02102302829735,7344092.174628884531558],[749710.105994903016835,7343847.457210360094905],[751103.947284490684979,7343137.259600759483874],[752210.105994903016835,7342031.100890346802771],[752920.303604504093528,7340637.259600759483874],[753165.02102302829735,7339092.174628884531558],[752920.303604504093528,7337547.089657009579241],[752210.105994903016835,7336153.248367422260344],[751103.947284490684979,7335047.089657009579241],[749710.105994903016835,7334336.89204740896821],[748165.02102302829735,7334092.174628884531558],[746619.936051153577864,7334336.89204740896821],[745226.094761565909721,7335047.089657009579241],[744119.936051153577864,7336153.248367422260344],[743409.738441552501172,7337547.089657009579241],[743165.02102302829735,7339092.174628884531558],[743409.738441552501172,7340637.259600759483874]]],[[[732815.480758062447421,7348429.917120702564716],[733525.678367663524114,7349823.758410289883614],[734631.83707807585597,7350929.917120702564716],[736025.678367663524114,7351640.114730303175747],[737570.763339538243599,7351884.8321488276124],[739115.848311412963085,7351640.114730303175747],[740509.689601000631228,7350929.917120702564716],[741615.848311412963085,7349823.758410289883614],[742326.045921014039777,7348429.917120702564716],[742570.763339538243599,7346884.8321488276124],[742326.045921014039777,7345339.747176952660084],[741615.848311412963085,7343945.905887365341187],[740509.689601000631228,7342839.747176952660084],[739115.848311412963085,7342129.549567352049053],[737570.763339538243599,7341884.8321488276124],[736025.678367663524114,7342129.549567352049053],[734631.83707807585597,7342839.747176952660084],[733525.678367663524114,7343945.905887365341187],[732815.480758062447421,7345339.747176952660084],[732570.763339538243599,7346884.8321488276124],[732815.480758062447421,7348429.917120702564716]]],[[[718518.053133082343265,7355088.317271018400788],[719228.250742683419958,7356482.158560605719686],[720334.409453095751815,7357588.317271018400788],[721728.250742683419958,7358298.514880619011819],[723273.335714558139443,7358543.232299143448472],[724818.420686432858929,7358298.514880619011819],[726212.261976020527072,7357588.317271018400788],[727318.420686432858929,7356482.158560605719686],[728028.618296033935621,7355088.317271018400788],[728273.335714558139443,7353543.232299143448472],[728028.618296033935621,7351998.147327268496156],[727318.420686432858929,7350604.306037681177258],[726212.261976020527072,7349498.147327268496156],[724818.420686432858929,7348787.949717667885125],[723273.335714558139443,7348543.232299143448472],[721728.250742683419958,7348787.949717667885125],[720334.409453095751815,7349498.147327268496156],[719228.250742683419958,7350604.306037681177258],[718518.053133082343265,7351998.147327268496156],[718273.335714558139443,7353543.232299143448472],[718518.053133082343265,7355088.317271018400788]]],[[[746102.306891880696639,7373899.897416230291128],[746347.024310404900461,7375444.982388105243444],[747057.221920005977154,7376838.823677692562342],[748163.380630418309011,7377944.982388105243444],[749557.221920005977154,7378655.179997705854475],[751102.306891880696639,7378899.897416230291128],[751941.870100205997005,7378766.923667362891138],[752596.01126431231387,7379100.225238036364317],[754141.096236187033355,7379344.94265656080097],[755167.896319770254195,7379182.313499997369945],[755338.602720206021331,7380260.111294313333929],[756048.800329807098024,7381653.952583900652826],[757154.95904021942988,7382760.111294313333929],[757400.938595372135751,7382885.444137718528509],[756700.12366723373998,7382774.445957554504275],[755155.038695359020494,7383019.163376078940928],[753761.197405771352351,7383729.360985679551959],[752655.038695359020494,7384835.519696092233062],[751944.841085757943802,7386229.360985679551959],[751700.12366723373998,7387774.445957554504275],[751944.841085757943802,7389319.530929429456592],[752489.115701692178845,7390387.730008541606367],[752036.310041843913496,7390840.535668389871716],[751326.112432242836803,7392234.376957977190614],[751081.395013718632981,7393779.46192985214293],[751326.112432242836803,7395324.546901727095246],[752036.310041843913496,7396718.388191314414144],[753142.468752256245352,7397824.546901727095246],[754536.310041843913496,7398534.744511327706277],[754659.822716982103884,7398554.306997252628207],[754432.631174512906,7399000.195505264215171],[754187.913755988702178,7400545.280477139167488],[754432.631174512906,7402090.365449014119804],[755142.828784113982692,7403484.206738601438701],[756248.987494526314549,7404590.365449014119804],[757642.828784113982692,7405300.563058614730835],[759187.913755988702178,7405545.280477139167488],[760732.998727863421664,7405300.563058614730835],[762126.840017451089807,7404590.365449014119804],[762624.129792895982973,7404093.075673568993807],[763164.606230205856264,7405153.820407411083579],[764270.76494061818812,7406259.979117823764682],[765664.606230205856264,7406970.176727424375713],[767209.691202080575749,7407214.894145948812366],[768754.776173955295235,7406970.176727424375713],[770148.617463542963378,7406259.979117823764682],[771254.776173955295235,7405153.820407411083579],[771964.973783556371927,7403759.979117823764682],[772209.691202080575749,7402214.894145948812366],[771964.973783556371927,7400669.809174073860049],[771254.776173955295235,7399275.967884486541152],[771028.213520233985037,7399049.405230765230954],[771953.322703700512648,7398124.296047298237681],[772663.52031330158934,7396730.454757710918784],[772908.237731825793162,7395185.369785835966468],[772663.52031330158934,7393640.284813961014152],[771953.322703700512648,7392246.443524373695254],[770847.163993288180791,7391140.284813961014152],[769453.322703700512648,7390430.087204360403121],[768868.950780520797707,7390337.53178436588496],[769307.607605309458449,7389476.619291724637151],[769552.325023833662271,7387931.534319849684834],[769307.607605309458449,7386386.449347974732518],[768597.409995708381757,7384992.608058387413621],[767491.2512852960499,7383886.449347974732518],[766097.409995708381757,7383176.251738374121487],[764552.325023833662271,7382931.534319849684834],[763007.240051958942786,7383176.251738374121487],[761613.398762371274643,7383886.449347974732518],[760704.768526681233197,7384795.07958366535604],[759639.049928696127608,7383729.360985679551959],[759393.070373543421738,7383604.028142274357378],[760093.885301681817509,7383715.026322438381612],[761638.970273556536995,7383470.30890391394496],[763032.811563144205138,7382760.111294313333929],[764138.970273556536995,7381653.952583900652826],[764849.167883157613687,7380260.111294313333929],[765093.885301681817509,7378715.026322438381612],[764849.167883157613687,7377169.941350563429296],[764414.640828681061976,7376317.13398852199316],[765400.857145750313066,7375330.917671452276409],[766111.054755351389758,7373937.076381864957511],[766355.77217387559358,7372391.991409990005195],[766111.054755351389758,7370846.906438115052879],[765400.857145750313066,7369453.065148527733982],[764294.698435337981209,7368346.906438115052879],[763576.700013145920821,7367981.067969311960042],[764039.024238103767857,7367073.705588459968567],[764283.741656627971679,7365528.620616585016251],[764039.024238103767857,7363983.535644710063934],[763832.324207883328199,7363577.863993911072612],[763886.205903442809358,7363472.115212151780725],[764130.92332196701318,7361927.030240276828408],[763886.205903442809358,7360381.945268401876092],[763176.008293841732666,7358988.103978814557195],[762288.48319001076743,7358100.578874982893467],[762750.762755602947436,7357193.304143072105944],[762995.480174127151258,7355648.219171197153628],[762750.762755602947436,7354103.134199322201312],[762040.565146001870744,7352709.292909734882414],[760934.406435589538887,7351603.134199322201312],[759540.565146001870744,7350892.936589721590281],[757995.480174127151258,7350648.219171197153628],[756450.395202252431773,7350892.936589721590281],[755056.553912664763629,7351603.134199322201312],[753950.395202252431773,7352709.292909734882414],[753240.19759265135508,7354103.134199322201312],[752995.480174127151258,7355648.219171197153628],[753240.19759265135508,7357193.304143072105944],[753950.395202252431773,7358587.145432659424841],[754837.920306083397008,7359474.670536491088569],[754375.640740491217002,7360381.945268401876092],[754130.92332196701318,7361927.030240276828408],[754375.640740491217002,7363472.115212151780725],[754582.34077071165666,7363877.786862950772047],[754528.459075152175501,7363983.535644710063934],[754403.07332985335961,7364775.190084009431303],[753347.761165782227181,7364608.045057535171509],[751802.676193907507695,7364852.762476059608161],[750408.834904319839552,7365562.960085660219193],[749302.676193907507695,7366669.118796072900295],[748592.478584306431003,7368062.960085660219193],[748347.761165782227181,7369608.045057535171509],[748370.158147828187793,7369749.454036851413548],[748163.380630418309011,7369854.812444355338812],[747057.221920005977154,7370960.971154768019915],[746347.024310404900461,7372354.812444355338812],[746102.306891880696639,7373899.897416230291128]],[[760292.402979260194115,7391166.177878865040839],[760547.680164386052638,7390910.90069373883307],[760956.370518452837132,7391319.591047805733979],[760581.777810791856609,7391260.261391453444958],[760358.370125292101875,7391295.645692685618997],[760292.402979260194115,7391166.177878865040839]]],[[[735425.592009676387534,7376183.719287387095392],[736135.789619277464226,7377577.560576974414289],[736971.995013927458785,7378413.765971624292433],[736597.624883214011788,7378788.136102338321507],[735887.427273612935096,7380181.977391925640404],[735642.709855088731274,7381727.062363800592721],[735887.427273612935096,7383272.147335675545037],[736597.624883214011788,7384665.988625262863934],[737703.783593626343645,7385772.147335675545037],[739097.624883214011788,7386482.344945276156068],[740642.709855088731274,7386727.062363800592721],[742187.79482696345076,7386482.344945276156068],[743581.636116551118903,7385772.147335675545037],[744687.79482696345076,7384665.988625262863934],[745397.992436564527452,7383272.147335675545037],[745642.709855088731274,7381727.062363800592721],[745397.992436564527452,7380181.977391925640404],[744687.79482696345076,7378788.136102338321507],[743851.5894323134562,7377951.930707688443363],[744225.959563026903197,7377577.560576974414289],[744936.15717262797989,7376183.719287387095392],[745180.874591152183712,7374638.634315512143075],[744936.15717262797989,7373093.549343637190759],[744225.959563026903197,7371699.708054049871862],[743119.80085261457134,7370593.549343637190759],[741725.959563026903197,7369883.351734036579728],[740180.874591152183712,7369638.634315512143075],[738635.789619277464226,7369883.351734036579728],[737241.948329689796083,7370593.549343637190759],[736135.789619277464226,7371699.708054049871862],[735425.592009676387534,7373093.549343637190759],[735180.874591152183712,7374638.634315512143075],[735425.592009676387534,7376183.719287387095392]]],[[[719708.862464350415394,7383250.807278459891677],[720055.231586042791605,7383930.594955476000905],[720268.466280250111595,7385276.905829008668661],[720978.663889851188287,7386670.747118595987558],[722084.822600263520144,7387776.905829008668661],[723478.663889851188287,7388487.103438609279692],[725023.748861725907773,7388731.820857133716345],[726568.833833600627258,7388487.103438609279692],[727962.675123188295402,7387776.905829008668661],[729068.833833600627258,7386670.747118595987558],[729779.031443201703951,7385276.905829008668661],[730023.748861725907773,7383731.820857133716345],[729779.031443201703951,7382186.735885258764029],[729432.662321509327739,7381506.9482082426548],[729219.42762730200775,7380160.637334709987044],[728509.230017700931057,7378766.796045122668147],[727403.071307288599201,7377660.637334709987044],[726009.230017700931057,7376950.439725109376013],[724464.145045826211572,7376705.722306584939361],[722919.060073951492086,7376950.439725109376013],[721525.218784363823943,7377660.637334709987044],[720419.060073951492086,7378766.796045122668147],[719708.862464350415394,7380160.637334709987044],[719464.145045826211572,7381705.722306584939361],[719708.862464350415394,7383250.807278459891677]]],[[[728852.62869620276615,7392750.956929349340498],[729562.826305803842843,7394144.798218936659396],[730668.985016216174699,7395250.956929349340498],[732062.826305803842843,7395961.15453894995153],[733106.920770224183798,7396126.522856343537569],[732621.16630211554002,7396612.277324452064931],[732540.817292238702066,7396769.971135343424976],[732440.140961707103997,7396754.025571078062057],[730895.055989832384512,7396998.74298960249871],[729501.214700244716369,7397708.940599203109741],[728395.055989832384512,7398815.099309615790844],[727684.858380231307819,7400208.940599203109741],[727440.140961707103997,7401754.025571078062057],[727684.858380231307819,7403299.110542953014374],[728136.962033013580367,7404186.413921480067074],[727529.009524667868391,7404794.366429826244712],[727335.414460378349759,7405174.318136814981699],[726151.848611435852945,7404571.261215626262128],[724606.763639561133459,7404326.543797101825476],[723061.678667686413974,7404571.261215626262128],[721667.83737809874583,7405281.458825226873159],[720561.678667686413974,7406387.617535639554262],[719851.481058085337281,7407781.458825226873159],[719606.763639561133459,7409326.543797101825476],[719851.481058085337281,7410871.628768976777792],[720561.678667686413974,7412265.470058564096689],[721667.83737809874583,7413371.628768976777792],[723061.678667686413974,7414081.826378577388823],[724606.763639561133459,7414326.543797101825476],[726151.848611435852945,7414081.826378577388823],[727545.689901023521088,7413371.628768976777792],[728651.848611435852945,7412265.470058564096689],[728845.443675725371577,7411885.518351575359702],[729221.290712626418099,7412077.021981993690133],[728900.688114929595031,7412397.624579690396786],[728190.490505328518339,7413791.465869277715683],[727945.773086804314516,7415336.550841152667999],[728190.490505328518339,7416881.635813027620316],[728551.900048350915313,7417590.941978952847421],[727970.421389015973546,7418732.158104490488768],[727725.703970491769724,7420277.243076365441084],[727970.421389015973546,7421822.3280482403934],[728680.618998617050238,7423216.169337827712297],[729786.777709029382095,7424322.3280482403934],[731180.618998617050238,7425032.525657841004431],[732725.703970491769724,7425277.243076365441084],[734270.788942366489209,7425032.525657841004431],[735664.630231954157352,7424322.3280482403934],[736770.788942366489209,7423216.169337827712297],[737480.986551967565902,7421822.3280482403934],[737725.703970491769724,7420277.243076365441084],[737480.986551967565902,7418732.158104490488768],[737119.577008945168927,7418022.851938565261662],[737701.055668280110694,7416881.635813027620316],[737945.773086804314516,7415336.550841152667999],[737701.055668280110694,7413791.465869277715683],[736990.858058679034002,7412397.624579690396786],[735884.699348266702145,7411291.465869277715683],[735298.576870720717125,7410992.821550447493792],[735619.179468417307362,7410672.218952750787139],[736329.377078018384054,7409278.377663163468242],[736574.094496542587876,7407733.292691288515925],[736329.377078018384054,7406188.207719413563609],[735877.273425236111507,7405300.904340886510909],[736485.225933581823483,7404692.951832540333271],[736565.574943458661437,7404535.258021648973227],[736666.251273990259506,7404551.203585914336145],[738211.336245864978991,7404306.486167389899492],[739605.177535452647135,7403596.288557789288461],[740711.336245864978991,7402490.129847376607358],[741421.533855466055684,7401096.288557789288461],[741666.251273990259506,7399551.203585914336145],[741421.533855466055684,7398006.118614039383829],[740711.336245864978991,7396612.277324452064931],[739605.177535452647135,7395506.118614039383829],[738211.336245864978991,7394795.921004438772798],[737167.241781444638036,7394630.552687045186758],[737652.996249553281814,7394144.798218936659396],[738363.193859154358506,7392750.956929349340498],[738607.911277678562328,7391205.871957474388182],[738363.193859154358506,7389660.786985599435866],[737652.996249553281814,7388266.945696012116969],[736546.837539140949957,7387160.786985599435866],[735152.996249553281814,7386450.589375998824835],[733607.911277678562328,7386205.871957474388182],[732062.826305803842843,7386450.589375998824835],[730668.985016216174699,7387160.786985599435866],[729562.826305803842843,7388266.945696012116969],[728852.62869620276615,7389660.786985599435866],[728607.911277678562328,7391205.871957474388182],[728852.62869620276615,7392750.956929349340498]]],[[[742730.233604346401989,7415863.991268223151565],[743836.392314758733846,7416970.149978635832667],[745230.233604346401989,7417680.347588236443698],[746775.318576221121475,7417925.065006760880351],[747615.415058646118268,7417792.006795573048294],[747752.961528553860262,7418061.956942409276962],[748859.120238966192119,7419168.115652821958065],[749734.238406335236505,7419614.010630411095917],[749727.681136390543543,7419655.411603456363082],[749426.886722697643563,7419808.674012298695743],[748320.728012285311706,7420914.832722711376846],[747786.449472438194789,7421963.4133978812024],[746876.303562607383355,7422107.56634842325002],[745482.462273019715212,7422817.763958023861051],[744376.303562607383355,7423923.922668436542153],[743666.105953006306663,7425317.763958023861051],[743421.388534482102841,7426862.848929898813367],[743666.105953006306663,7428407.933901773765683],[744376.303562607383355,7429801.77519136108458],[745482.462273019715212,7430907.933901773765683],[746876.303562607383355,7431618.131511374376714],[748421.388534482102841,7431862.848929898813367],[748619.333356163231656,7431831.497550101950765],[748560.374976046849042,7432203.746111864224076],[748805.092394571052864,7433748.831083739176393],[749515.290004172129557,7435142.67237332649529],[750621.448714584461413,7436248.831083739176393],[752015.290004172129557,7436959.028693339787424],[753560.374976046849042,7437203.746111864224076],[755105.459947921568528,7436959.028693339787424],[756249.386686544981785,7436376.168907654471695],[756447.02613761939574,7437624.015291235409677],[757157.223747220472433,7439017.856580822728574],[758242.514766148524359,7440103.147599751129746],[758237.373376611387357,7440135.609055728651583],[758482.090795135591179,7441680.694027603603899],[759192.288404736667871,7443074.535317190922797],[760298.447115148999728,7444180.694027603603899],[761692.288404736667871,7444890.891637204214931],[763237.373376611387357,7445135.609055728651583],[763758.72367044002749,7445053.035281227901578],[764380.694985239300877,7445675.006596026942134],[764650.913722194498405,7445812.689919435419142],[764704.905722825555131,7446153.581995200365782],[765415.103332426631823,7447547.423284787684679],[766521.26204283896368,7448653.581995200365782],[767915.103332426631823,7449363.779604800976813],[769460.188304301351309,7449608.497023325413465],[771005.273276176070794,7449363.779604800976813],[772399.114565763738938,7448653.581995200365782],[773505.273276176070794,7447547.423284787684679],[774215.470885777147487,7446153.581995200365782],[774460.188304301351309,7444608.497023325413465],[774215.470885777147487,7443063.412051450461149],[773505.273276176070794,7441669.570761863142252],[772399.114565763738938,7440563.412051450461149],[772128.89582880854141,7440425.728728041984141],[772074.903828177484684,7440084.836652277037501],[772021.196992853539996,7439979.431053052656353],[772448.928269337629899,7439911.685074217617512],[773505.541818393510766,7439373.313580693677068],[773897.880695635918528,7439573.220223474316299],[775442.965667510638013,7439817.937641998752952],[776988.050639385357499,7439573.220223474316299],[778381.891928973025642,7438863.022613873705268],[779488.050639385357499,7437756.863903461024165],[780198.248248986434191,7436363.022613873705268],[780442.965667510638013,7434817.937641998752952],[780198.248248986434191,7433272.852670123800635],[779488.050639385357499,7431879.011380536481738],[778381.891928973025642,7430772.852670123800635],[778208.564421554561704,7430684.537893996573985],[778125.489209950901568,7430160.021650901995599],[777415.291600349824876,7428766.180361314676702],[776309.132889937493019,7427660.021650901995599],[774915.291600349824876,7426949.824041301384568],[773370.20662847510539,7426705.106622776947916],[771825.121656600385904,7426949.824041301384568],[771295.329252530587837,7427219.76675412338227],[771063.728171921684407,7426765.224040234461427],[769957.56946150935255,7425659.065329821780324],[769085.228512155706994,7425214.585415489971638],[769104.109545281273313,7425204.965048599988222],[770210.26825569360517,7424098.806338187307119],[770920.465865294681862,7422704.965048599988222],[771165.183283818885684,7421159.880076725035906],[770920.465865294681862,7419614.79510485008359],[770296.803841321379878,7418390.789464715868235],[770367.819444593507797,7418319.7738614436239],[770430.420614585047588,7418196.912147561088204],[771041.155157105647959,7418508.096939860843122],[772586.240128980367444,7418752.814358385279775],[774131.32510085508693,7418508.096939860843122],[775525.166390442755073,7417797.899330260232091],[776631.32510085508693,7416691.740619847550988],[777341.522710456163622,7415297.899330260232091],[777586.240128980367444,7413752.814358385279775],[777341.522710456163622,7412207.729386510327458],[776631.32510085508693,7410813.888096923008561],[775525.166390442755073,7409707.729386510327458],[774131.32510085508693,7408997.531776909716427],[772586.240128980367444,7408752.814358385279775],[771041.155157105647959,7408997.531776909716427],[769647.313867517979816,7409707.729386510327458],[768637.449744769255631,7410717.59350925963372],[768437.464093953371048,7410517.607858443632722],[767043.622804365702905,7409807.410248843021691],[765498.537832490983419,7409562.692830318585038],[764400.089547715731896,7409736.669947128742933],[764118.59636516799219,7409184.208469832316041],[763012.437654755660333,7408078.049759419634938],[761618.59636516799219,7407367.852149819023907],[760073.511393293272704,7407123.134731294587255],[758528.426421418553218,7407367.852149819023907],[757134.585131830885075,7408078.049759419634938],[756028.426421418553218,7409184.208469832316041],[755318.228811817476526,7410578.049759419634938],[755170.404265494085848,7411511.37721267528832],[754736.972761890967377,7411077.945709072053432],[753343.131472303299233,7410367.748099471442401],[751798.046500428579748,7410123.030680947005749],[750957.950018003582954,7410256.088892134837806],[750820.403548095840961,7409986.138745298609138],[749714.244837683509104,7408879.980034885928035],[748320.403548095840961,7408169.782425285317004],[746775.318576221121475,7407925.065006760880351],[745230.233604346401989,7408169.782425285317004],[743836.392314758733846,7408879.980034885928035],[742730.233604346401989,7409986.138745298609138],[742020.035994745325297,7411379.980034885928035],[741775.318576221121475,7412925.065006760880351],[742020.035994745325297,7414470.149978635832667],[742730.233604346401989,7415863.991268223151565]],[[765957.956972175976261,7434536.154107135720551],[766001.001199284102768,7434542.971642955206335],[765980.018981527653523,7434675.448152096942067],[765957.956972175976261,7434536.154107135720551]],[[758513.297008597059175,7431906.507523570209742],[758315.65755752264522,7430658.66113998927176],[757626.951242934213951,7429306.998891770839691],[758654.81635439011734,7429469.796732177957892],[760199.901326264836825,7429225.07931365352124],[761593.742615852504969,7428514.881704052910209],[762589.350857295328751,7427519.273462609387934],[762263.360618571168743,7428159.065329821780324],[762018.643200046964921,7429704.15030169673264],[762262.994946966180578,7431246.92651392146945],[761202.308719095191918,7431078.930319360457361],[759657.223747220472433,7431323.647737884894013],[758513.297008597059175,7431906.507523570209742]],[[764098.597971710143611,7425649.444962931796908],[764079.716938584577292,7425659.065329821780324],[763084.10869714175351,7426654.673571265302598],[763410.098935865913518,7426014.881704052910209],[763515.069689009455033,7425352.122452395968139],[764098.597971710143611,7425649.444962931796908]]],[[[730753.204672807245515,7434126.464522548019886],[731463.402282408322208,7435520.305812135338783],[732569.560992820654064,7436626.464522548019886],[733963.402282408322208,7437336.662132148630917],[735508.487254283041693,7437581.37955067306757],[737053.572226157761179,7437336.662132148630917],[738447.413515745429322,7436626.464522548019886],[739553.572226157761179,7435520.305812135338783],[740263.769835758837871,7434126.464522548019886],[740508.487254283041693,7432581.37955067306757],[740263.769835758837871,7431036.294578798115253],[739553.572226157761179,7429642.453289210796356],[738447.413515745429322,7428536.294578798115253],[737053.572226157761179,7427826.096969197504222],[735508.487254283041693,7427581.37955067306757],[733963.402282408322208,7427826.096969197504222],[732569.560992820654064,7428536.294578798115253],[731463.402282408322208,7429642.453289210796356],[730753.204672807245515,7431036.294578798115253],[730508.487254283041693,7432581.37955067306757],[730753.204672807245515,7434126.464522548019886]]],[[[745095.140097081661224,7446519.965930184349418],[745805.337706682737917,7447913.807219771668315],[746911.496417095069773,7449019.965930184349418],[748305.337706682737917,7449730.163539784960449],[749850.422678557457402,7449974.880958309397101],[751395.507650432176888,7449730.163539784960449],[752789.348940019845031,7449019.965930184349418],[753895.507650432176888,7447913.807219771668315],[754605.70526003325358,7446519.965930184349418],[754850.422678557457402,7444974.880958309397101],[754605.70526003325358,7443429.795986434444785],[753895.507650432176888,7442035.954696847125888],[752789.348940019845031,7440929.795986434444785],[751395.507650432176888,7440219.598376833833754],[749850.422678557457402,7439974.880958309397101],[748305.337706682737917,7440219.598376833833754],[746911.496417095069773,7440929.795986434444785],[745805.337706682737917,7442035.954696847125888],[745095.140097081661224,7443429.795986434444785],[744850.422678557457402,7444974.880958309397101],[745095.140097081661224,7446519.965930184349418]]],[[[746834.150421981001273,7474501.080471981316805],[747078.867840505205095,7476046.165443856269121],[747789.065450106281787,7477440.006733443588018],[748895.224160518613644,7478546.165443856269121],[750289.065450106281787,7479256.363053456880152],[751834.150421981001273,7479501.080471981316805],[753307.742280230042525,7479267.686450245790184],[753017.912739892490208,7479557.515990583226085],[752307.715130291413516,7480951.357280170544982],[752062.997711767209694,7482496.442252045497298],[752307.715130291413516,7484041.527223920449615],[753017.912739892490208,7485435.368513507768512],[754124.071450304822065,7486541.527223920449615],[755517.912739892490208,7487251.724833521060646],[756421.709836697438732,7487394.872230865992606],[755706.632609691470861,7488109.949457871727645],[754996.435000090394169,7489503.790747459046543],[754751.717581566190347,7491048.875719333998859],[754996.435000090394169,7492593.960691208951175],[755706.632609691470861,7493987.801980796270072],[756812.791320103802718,7495093.960691208951175],[757632.706076186266728,7495511.728125848807395],[757600.729168453719467,7495574.486340898089111],[757356.011749929515645,7497119.571312773041427],[757600.729168453719467,7498664.656284647993743],[758310.926778054796159,7500058.497574235312641],[759417.085488467128016,7501164.656284647993743],[760810.926778054796159,7501874.853894248604774],[762336.524345024372451,7502116.484811053611338],[761924.304288381827064,7502528.704867696389556],[761214.106678780750372,7503922.546157283708453],[761189.523896473227069,7504077.755736312828958],[760936.933473341166973,7504330.346159445121884],[760226.735863740090281,7505724.187449032440782],[759982.018445215886459,7507269.272420907393098],[760226.735863740090281,7508814.357392782345414],[760936.933473341166973,7510208.198682369664311],[762043.09218375349883,7511314.357392782345414],[763436.933473341166973,7512024.555002382956445],[764982.018445215886459,7512269.272420907393098],[766527.103417090605944,7512024.555002382956445],[767920.944706678274088,7511314.357392782345414],[769027.103417090605944,7510208.198682369664311],[769576.582372997887433,7509129.785510952584445],[770110.652679237071425,7510177.957504655234516],[769886.68785951542668,7511592.015724407508969],[770077.715429358999245,7512798.11633285228163],[768650.091531414771453,7512572.002920782193542],[767105.006559540051967,7512816.720339306630194],[765711.165269952383824,7513526.917948907241225],[764605.006559540051967,7514633.076659319922328],[763894.808949938975275,7516026.917948907241225],[763650.091531414771453,7517572.002920782193542],[763791.339605743996799,7518463.808164023794234],[763459.386369806015864,7518795.761399962007999],[762749.188760204939172,7520189.602689549326897],[762504.47134168073535,7521734.687661424279213],[762655.442498982185498,7522687.882034508511424],[762515.508674793643877,7522710.045374935492873],[761121.667385205975734,7523420.242984536103904],[760015.508674793643877,7524526.401694948785007],[759305.311065192567185,7525920.242984536103904],[759060.593646668363363,7527465.327956411056221],[759305.311065192567185,7529010.412928286008537],[760015.508674793643877,7530404.254217873327434],[760056.346424122340977,7530445.091967201791704],[759912.755418474087492,7530588.68297285027802],[759385.895462390501052,7531622.703857589513063],[758469.635169996530749,7530706.443565195426345],[757075.793880408862606,7529996.245955594815314],[755530.70890853414312,7529751.528537070378661],[753985.623936659423634,7529996.245955594815314],[752591.782647071755491,7530706.443565195426345],[751485.623936659423634,7531812.602275608107448],[750775.426327058346942,7533206.443565195426345],[750530.70890853414312,7534751.528537070378661],[750646.333144241245463,7535481.55123039893806],[750080.011111635598354,7535192.995742177590728],[748534.926139760878868,7534948.278323653154075],[746989.841167886159383,7535192.995742177590728],[745595.99987829849124,7535903.193351778201759],[744489.841167886159383,7537009.352062190882862],[743779.64355828508269,7538403.193351778201759],[743534.926139760878868,7539948.278323653154075],[743779.64355828508269,7541493.363295528106391],[744489.841167886159383,7542887.204585115425289],[745595.99987829849124,7543993.363295528106391],[746989.841167886159383,7544703.560905128717422],[747459.534319922095165,7544777.952992138452828],[746648.353115719510242,7545589.13419634103775],[745938.15550611843355,7546982.975485928356647],[745693.438087594229728,7548528.060457803308964],[745744.151625191094354,7548848.253132619895041],[745654.680725394864567,7548937.724032416008413],[745615.846493030898273,7548692.534339006990194],[744905.648883429821581,7547298.693049419671297],[743799.490173017489724,7546192.534339006990194],[742405.648883429821581,7545482.336729406379163],[740860.563911555102095,7545237.619310881942511],[739315.478939680382609,7545482.336729406379163],[737921.637650092714466,7546192.534339006990194],[736815.478939680382609,7547298.693049419671297],[736105.281330079305917,7548692.534339006990194],[735863.274787744390778,7550220.50351223628968],[735393.294660530984402,7551142.891447283327579],[735148.57724200678058,7552687.976419158279896],[735393.294660530984402,7554233.061391033232212],[736103.492270132061094,7555626.902680620551109],[737209.650980544392951,7556733.061391033232212],[738603.492270132061094,7557443.259000633843243],[740148.57724200678058,7557687.976419158279896],[741693.662213881500065,7557443.259000633843243],[743087.503503469168209,7556733.061391033232212],[744193.662213881500065,7555626.902680620551109],[744903.859823482576758,7554233.061391033232212],[744967.897304503596388,7553828.744648240506649],[745532.809676508652046,7554937.447604226879776],[746638.968386920983903,7556043.606314639560878],[748032.809676508652046,7556753.803924240171909],[749577.894648383371532,7556998.521342764608562],[750880.573348661302589,7556792.197305898182094],[750696.727356462390162,7557952.955217611044645],[750941.444774986593984,7559498.040189485996962],[751577.398774146917276,7560746.170189255848527],[750779.233912376919761,7560619.753294337540865],[749234.148940502200276,7560864.470712861977518],[747840.307650914532132,7561574.668322462588549],[746833.411479151924141,7562581.56449422519654],[746725.674428468570113,7561901.339527286589146],[746015.476818867493421,7560507.498237699270248],[744909.318108455161564,7559401.339527286589146],[743515.476818867493421,7558691.141917685978115],[741970.391846992773935,7558446.424499161541462],[740425.30687511805445,7558691.141917685978115],[739031.465585530386306,7559401.339527286589146],[737925.30687511805445,7560507.498237699270248],[737215.109265516977757,7561901.339527286589146],[736970.391846992773935,7563446.424499161541462],[737215.109265516977757,7564991.509471036493778],[737925.30687511805445,7566385.350760623812675],[739031.465585530386306,7567491.509471036493778],[740425.30687511805445,7568201.707080637104809],[741970.391846992773935,7568446.424499161541462],[743515.476818867493421,7568201.707080637104809],[744909.318108455161564,7567491.509471036493778],[745916.214280217769556,7566484.613299273885787],[746023.951330901123583,7567164.838266212493181],[746734.148940502200276,7568558.679555799812078],[747128.077454106765799,7568952.608069404028356],[747078.054010191000998,7569268.443664196878672],[747215.524930809624493,7570136.400897476822138],[746925.316944590653293,7570090.436468001455069],[745380.231972715933807,7570335.153886525891721],[743986.390683128265664,7571045.351496126502752],[742880.231972715933807,7572151.510206539183855],[742170.034363114857115,7573545.351496126502752],[741925.316944590653293,7575090.436468001455069],[742170.034363114857115,7576635.521439876407385],[742574.103021913091652,7577428.550834578461945],[741856.982083273585886,7578145.671773218549788],[741146.784473672509193,7579539.513062805868685],[740902.067055148305371,7581084.598034680821002],[741146.784473672509193,7582629.683006555773318],[741856.982083273585886,7584023.524296143092215],[742963.140793685917743,7585129.683006555773318],[744356.982083273585886,7585839.880616156384349],[745902.067055148305371,7586084.598034680821002],[747447.152027023024857,7585839.880616156384349],[748840.993316610693,7585129.683006555773318],[749947.152027023024857,7584023.524296143092215],[750328.402857615496032,7583275.277410789392889],[750381.089377670548856,7583283.622135780751705],[750769.877231393242255,7583481.719441707246006],[752314.96220326796174,7583726.436860231682658],[753860.047175142681226,7583481.719441707246006],[755253.888464730349369,7582771.521832106634974],[756360.047175142681226,7581665.363121693953872],[757070.244784743757918,7580271.521832106634974],[757314.96220326796174,7578726.436860231682658],[757254.766892247600481,7578346.378624101169407],[757604.745090770884417,7579033.24951322004199],[758710.903801183216274,7580139.408223632723093],[760104.745090770884417,7580849.605833233334124],[761649.830062645603903,7581094.323251757770777],[763194.915034520323388,7580849.605833233334124],[764588.756324107991531,7580139.408223632723093],[765694.915034520323388,7579033.24951322004199],[766405.112644121400081,7577639.408223632723093],[766649.830062645603903,7576094.323251757770777],[766405.112644121400081,7574549.23827988281846],[765694.915034520323388,7573155.396990295499563],[764588.756324107991531,7572049.23827988281846],[763194.915034520323388,7571339.040670282207429],[762621.111258080927655,7571248.159080294892192],[762852.817455132375471,7569785.223727701231837],[762608.100036608171649,7568240.138755826279521],[761897.902427007094957,7566846.297466238960624],[760791.7437165947631,7565740.138755826279521],[759397.902427007094957,7565029.94114622566849],[757852.817455132375471,7564785.223727701231837],[756307.732483257655986,7565029.94114622566849],[755732.258144295075908,7565323.159967457875609],[755534.516493852715939,7564074.668322462588549],[754898.562494692392647,7562826.538322692736983],[755696.727356462390162,7562952.955217611044645],[757241.812328337109648,7562708.237799086607993],[758635.653617924777791,7561998.040189485996962],[759741.812328337109648,7560891.881479073315859],[760452.00993793818634,7559498.040189485996962],[760696.727356462390162,7557952.955217611044645],[760452.00993793818634,7556407.870245736092329],[759741.812328337109648,7555014.028956148773432],[759627.004113743780181,7554899.220741555094719],[760690.414339934126474,7553835.81051536463201],[761400.611949535203166,7552441.969225777313113],[761645.329368059406988,7550896.884253902360797],[761400.611949535203166,7549351.799282027408481],[760690.414339934126474,7547957.957992440089583],[759584.255629521794617,7546851.799282027408481],[759375.00239269528538,7546745.17943247500807],[760013.862974575953558,7545491.344942923635244],[760258.58039310015738,7543946.259971048682928],[760013.862974575953558,7542401.174999173730612],[759303.665364974876866,7541007.333709586411715],[758197.506654562545009,7539901.174999173730612],[757249.658919929526746,7539418.222456132993102],[758469.635169996530749,7538796.613508945330977],[759575.793880408862606,7537690.454798532649875],[760102.653836492449045,7536656.433913793414831],[761018.914128886419348,7537572.69420618750155],[762412.755418474087492,7538282.891815788112581],[763957.840390348806977,7538527.609234312549233],[765502.925362223526463,7538282.891815788112581],[766896.766651811194606,7537572.69420618750155],[768002.925362223526463,7536466.535495774820447],[768713.122971824603155,7535072.69420618750155],[768957.840390348806977,7533527.609234312549233],[768713.122971824603155,7531982.524262437596917],[768002.925362223526463,7530588.68297285027802],[767962.087612894829363,7530547.84522352181375],[768105.678618543082848,7530404.254217873327434],[768815.876228144159541,7529010.412928286008537],[769060.593646668363363,7527465.327956411056221],[768909.622489366913214,7526512.133583326824009],[769049.556313555454835,7526489.97024289984256],[770200.000428818399087,7525903.789687952958047],[770129.174461239017546,7526350.967248035594821],[770373.891879763221368,7527896.052219910547137],[771084.089489364298061,7529289.893509497866035],[771900.850204907124862,7530106.654225041158497],[771360.87330043350812,7530381.786200009286404],[770254.714590021176264,7531487.944910421967506],[769544.516980420099571,7532881.786200009286404],[769299.799561895895749,7534426.87117188423872],[769544.516980420099571,7535971.956143759191036],[770254.714590021176264,7537365.797433346509933],[771360.87330043350812,7538471.956143759191036],[772754.714590021176264,7539182.153753359802067],[774299.799561895895749,7539426.87117188423872],[775844.884533770615235,7539182.153753359802067],[776408.014256504946388,7538895.224828260019422],[776133.75545550393872,7539433.488032331690192],[775889.038036979734898,7540978.573004206642509],[776133.75545550393872,7542523.657976081594825],[776843.953065105015412,7543917.499265668913722],[777436.806967356009409,7544510.35316792037338],[777228.338505502324551,7544919.495561220683157],[777064.88895097526256,7545951.475433689542115],[776888.108667877269909,7546298.426274463534355],[776643.391249353066087,7547843.511246338486671],[776859.927934390492737,7549210.670069476589561],[776580.212974881054834,7549490.385028986260295],[775870.015365279978141,7550884.226318573579192],[775625.297946755774319,7552429.311290448531508],[775870.015365279978141,7553974.396262323483825],[776580.212974881054834,7555368.237551910802722],[777686.37168529338669,7556474.396262323483825],[779080.212974881054834,7557184.593871924094856],[780625.297946755774319,7557429.311290448531508],[782170.382918630493805,7557184.593871924094856],[783564.224208218161948,7556474.396262323483825],[784437.526586223510094,7555601.093884318135679],[784457.487385539920069,7555640.269158754497766],[785563.646095952251926,7556746.427869167178869],[786957.487385539920069,7557456.6254787677899],[787476.457291705301031,7557538.822236901149154],[786587.023356048157439,7557679.694733005948365],[785193.182066460489295,7558389.892342606559396],[785039.499010503175668,7558543.575398564338684],[784247.428214577026665,7558139.995170238427818],[782702.34324270230718,7557895.277751713991165],[781157.258270827587694,7558139.995170238427818],[779763.416981239919551,7558850.192779839038849],[778657.258270827587694,7559956.351490251719952],[777947.060661226511002,7561350.192779839038849],[777702.34324270230718,7562895.277751713991165],[777947.060661226511002,7564440.362723588943481],[778657.258270827587694,7565834.204013176262379],[779763.416981239919551,7566940.362723588943481],[781157.258270827587694,7567650.560333189554513],[781170.39534532208927,7567652.641041381284595],[780648.104712774045765,7568174.931673929095268],[779937.907103172969073,7569568.772963516414165],[779693.189684648765251,7571113.857935391366482],[779937.907103172969073,7572658.942907266318798],[780648.104712774045765,7574052.784196853637695],[781754.263423186377622,7575158.942907266318798],[782106.133553453604691,7575338.229693554341793],[782133.821481784805655,7575513.044392993673682],[782844.019091385882348,7576906.885682580992579],[783950.177801798214205,7578013.044392993673682],[784690.327623124117963,7578390.16956339776516],[784553.385806038510054,7579254.786168444901705],[784798.103224562713876,7580799.871140319854021],[784835.507334668305703,7580873.280839761719108],[784226.858252280624583,7581183.403037049807608],[783120.699541868292727,7582289.561747462488711],[782410.501932267216034,7583683.403037049807608],[782165.784513743012212,7585228.488008924759924],[782410.501932267216034,7586773.572980799712241],[782731.667273992788978,7587403.895454474724829],[782473.942219689488411,7587272.577980334870517],[780928.857247814768925,7587027.860561810433865],[780856.668328611413017,7587039.294163376092911],[780781.174077543662861,7586562.642221347428858],[780070.976467942586169,7585168.800931760109961],[778964.817757530254312,7584062.642221347428858],[777570.976467942586169,7583352.444611746817827],[776025.891496067866683,7583107.727193222381175],[774480.806524193147197,7583352.444611746817827],[773086.965234605479054,7584062.642221347428858],[772408.403043159283698,7584741.20441279374063],[771127.32720732036978,7584088.463671701960266],[769582.242235445650294,7583843.746253177523613],[768037.157263570930809,7584088.463671701960266],[766643.315973983262666,7584798.661281302571297],[765537.157263570930809,7585904.819991715252399],[764826.959653969854116,7587298.661281302571297],[764582.242235445650294,7588843.746253177523613],[764826.959653969854116,7590388.831225052475929],[765537.157263570930809,7591782.672514639794827],[766643.315973983262666,7592888.831225052475929],[768037.157263570930809,7593599.02883465308696],[768256.519234545878135,7593633.772357654757798],[767946.587909364257939,7593943.703682836145163],[767236.390299763181247,7595337.54497242346406],[767049.511232014978305,7596517.45296948030591],[765714.622796370065771,7596728.878527255728841],[765568.423775862320326,7596803.370648895390332],[765491.428707579965703,7596317.242919905111194],[764781.231097978889011,7594923.401630317792296],[763675.072387566557154,7593817.242919905111194],[762425.467506182962097,7593180.53743102774024],[762633.934351657284424,7591864.329569654539227],[762389.216933133080602,7590319.244597779586911],[761679.019323532003909,7588925.403308192268014],[760572.860613119672053,7587819.244597779586911],[759179.019323532003909,7587109.04698817897588],[757633.934351657284424,7586864.329569654539227],[756088.849379782564938,7587109.04698817897588],[754695.008090194896795,7587819.244597779586911],[753588.849379782564938,7588925.403308192268014],[752878.651770181488246,7590319.244597779586911],[752633.934351657284424,7591864.329569654539227],[752878.651770181488246,7593409.414541529491544],[753558.650658025988378,7594743.987502544187009],[753245.703050571959466,7595358.181764606386423],[753000.985632047755644,7596903.266736481338739],[753245.703050571959466,7598448.351708356291056],[753955.900660173036158,7599842.192997943609953],[755062.059370585368015,7600948.351708356291056],[756111.001637521432713,7601482.814488410018384],[756291.085050123161636,7602619.816407492384315],[757001.282659724238329,7604013.657697079703212],[758107.441370136570185,7605119.816407492384315],[758926.382459162501618,7605537.087733987718821],[758446.496946324710734,7606478.916082922369242],[758287.446834560949355,7607483.118966979905963],[757618.498596495366655,7607823.965118668973446],[756512.339886083034799,7608930.123829081654549],[755802.142276481958106,7610323.965118668973446],[755557.424857957754284,7611869.050090543925762],[755802.142276481958106,7613414.135062418878078],[756512.339886083034799,7614807.976352006196976],[757618.498596495366655,7615914.135062418878078],[758840.115967829013243,7616536.580202657729387],[758293.666885476559401,7617609.046912405639887],[758048.949466952355579,7619154.131884280592203],[758158.851357960375026,7619848.025115097872913],[757918.59176076669246,7620319.561124598607421],[757673.874342242488638,7621864.646096473559737],[757867.711762176710181,7623088.487400184385478],[756474.109526896267198,7622378.411594836972654],[754929.024555021547712,7622133.694176312536001],[753383.939583146828227,7622378.411594836972654],[751990.098293559160084,7623088.609204437583685],[750883.939583146828227,7624194.767914850264788],[750173.741973545751534,7625588.609204437583685],[749929.024555021547712,7627133.694176312536001],[750173.741973545751534,7628678.779148187488317],[750883.939583146828227,7630072.620437774807215],[751990.098293559160084,7631178.779148187488317],[752258.032588958390988,7631315.298490486107767],[752014.499619369627908,7631793.258855037391186],[751769.782200845424086,7633338.343826912343502],[752014.499619369627908,7634883.428798787295818],[752724.6972289707046,7636277.270088374614716],[753830.855939383036457,7637383.428798787295818],[755224.6972289707046,7638093.626408387906849],[756769.782200845424086,7638338.343826912343502],[758314.867172720143571,7638093.626408387906849],[759708.708462307811715,7637383.428798787295818],[760814.867172720143571,7636277.270088374614716],[761525.064782321220264,7634883.428798787295818],[761769.782200845424086,7633338.343826912343502],[761753.278714430052787,7633234.14491456001997],[762782.16137271351181,7632205.262256275862455],[763492.358982314588502,7630811.420966688543558],[763737.076400838792324,7629266.335994813591242],[763492.358982314588502,7627721.251022938638926],[763027.369586636545137,7626808.657950032502413],[764218.959314117208123,7626619.928677949123085],[765612.800603704876266,7625909.731068348512053],[766718.959314117208123,7624803.572357935830951],[767429.156923718284816,7623409.731068348512053],[767673.874342242488638,7621864.646096473559737],[767563.97245123446919,7621170.752865656279027],[767804.232048428151757,7620699.216856155544519],[768048.949466952355579,7619154.131884280592203],[767804.232048428151757,7617609.046912405639887],[767197.095511434483342,7616417.474366625770926],[767546.126874575624242,7616068.443003484979272],[768256.324484176700935,7614674.601713897660375],[768501.041902700904757,7613129.516742022708058],[768256.324484176700935,7611584.431770147755742],[767593.25832381087821,7610283.091157969087362],[767957.06210927630309,7609569.086026672273874],[768201.779527800506912,7608024.001054797321558],[767957.06210927630309,7606478.916082922369242],[767907.460363920778036,7606381.567176396027207],[768804.792740119504742,7606239.443690206855536],[770116.13141914922744,7605571.283260335214436],[771264.496686338447034,7606156.404589283280075],[772809.58165821316652,7606401.122007807716727],[774354.666630087886006,7606156.404589283280075],[775748.507919675554149,7605446.206979682669044],[775933.461763008497655,7605261.253136349841952],[776650.715515956049785,7605626.712177221663296],[778195.800487830769271,7605871.429595746099949],[779740.885459705488756,7605626.712177221663296],[781134.7267492931569,7604916.514567621052265],[782240.885459705488756,7603810.355857208371162],[782951.083069306565449,7602416.514567621052265],[783195.800487830769271,7600871.429595746099949],[783116.176457479479723,7600368.703253510408103],[783796.149352723150514,7599034.181305847130716],[784040.866771247354336,7597489.0963339721784],[783820.394828654127195,7596097.091272480785847],[783867.783509277156554,7596072.945533685386181],[784973.942219689488411,7594966.786823272705078],[784990.004613521508873,7594935.262600394897163],[785290.133777354494669,7595088.186047502793372],[785401.764117249869741,7595105.866556410677731],[785427.280919049284421,7595266.973302421160042],[786137.478528650361113,7596660.81459200847894],[787243.63723906269297,7597766.973302421160042],[788637.478528650361113,7598477.170912021771073],[790182.563500525080599,7598721.888330546207726],[791727.648472399800085,7598477.170912021771073],[793121.489761987468228,7597766.973302421160042],[793243.62489582807757,7597644.838168580085039],[793336.525411982671358,7598231.388943165540695],[792633.467331351595931,7599611.218118191696703],[792388.749912827392109,7601156.30309006664902],[792633.467331351595931,7602701.388061941601336],[793343.664940952672623,7604095.229351528920233],[794449.82365136500448,7605201.388061941601336],[795727.353359851054847,7605852.321960899978876],[795724.055651835165918,7605855.619668915867805],[795013.858042234089226,7607249.460958503186703],[794769.140623709885404,7608794.545930378139019],[794796.184432303532958,7608965.29381784889847],[794265.386463382397778,7608881.223678615875542],[792720.301491507678293,7609125.941097140312195],[791326.460201920010149,7609836.138706740923226],[790876.583220185595565,7610286.015688475221395],[791030.626882033888251,7609313.422285154461861],[790785.909463509684429,7607768.337313279509544],[790075.711853908607736,7606374.496023692190647],[788969.553143496275879,7605268.337313279509544],[787575.711853908607736,7604558.139703678898513],[786030.626882033888251,7604313.422285154461861],[784485.541910159168765,7604558.139703678898513],[783091.700620571500622,7605268.337313279509544],[781985.541910159168765,7606374.496023692190647],[781275.344300558092073,7607768.337313279509544],[781030.626882033888251,7609313.422285154461861],[781275.344300558092073,7610858.507257029414177],[781985.541910159168765,7612252.348546616733074],[783091.700620571500622,7613358.507257029414177],[784485.541910159168765,7614068.704866630025208],[786030.626882033888251,7614313.422285154461861],[787575.711853908607736,7614068.704866630025208],[788969.553143496275879,7613358.507257029414177],[789419.430125230690464,7612908.630275295116007],[789265.386463382397778,7613881.223678615875542],[789411.37127921031788,7614802.935530669055879],[788686.51565019832924,7614688.129677551798522],[787141.430678323609754,7614932.847096076235175],[785747.589388735941611,7615643.044705676846206],[785080.151608532876708,7616310.48248588014394],[784447.19708908139728,7615677.527966428548098],[783053.355799493729137,7614967.330356827937067],[781508.270827619009651,7614722.612938303500414],[779963.185855744290166,7614967.330356827937067],[778569.344566156622022,7615677.527966428548098],[777463.185855744290166,7616783.6866768412292],[776752.988246143213473,7618177.527966428548098],[776508.270827619009651,7619722.612938303500414],[776752.988246143213473,7621267.69791017845273],[777463.185855744290166,7622661.539199765771627],[778569.344566156622022,7623767.69791017845273],[779963.185855744290166,7624477.895519779063761],[781508.270827619009651,7624722.612938303500414],[783053.355799493729137,7624477.895519779063761],[784447.19708908139728,7623767.69791017845273],[785114.634869284462184,7623100.260129975154996],[785485.375756250345148,7623471.001016940921545],[785467.921325064729899,7623581.20395827665925],[785611.123099194024689,7624485.344376590102911],[785315.505659164162353,7624780.961816620081663],[784605.30804956308566,7626174.80310620740056],[784360.590631038881838,7627719.888078082352877],[784424.561378467944451,7628123.78348155785352],[784136.321666295640171,7628412.023193730041385],[783609.163047779700719,7629446.630236497148871],[783077.564353658934124,7629717.493300069123507],[781971.405643246602267,7630823.652010481804609],[781261.208033645525575,7632217.493300069123507],[781016.490615121321753,7633762.578271944075823],[781261.208033645525575,7635307.663243819028139],[781971.405643246602267,7636701.504533406347036],[783077.564353658934124,7637807.663243819028139],[783689.463538600248285,7638119.441451071761549],[784062.62262787297368,7638851.807399902492762],[784114.04773233353626,7638903.232504363171756],[783467.600542526692152,7639549.679694170132279],[782757.40293292561546,7640943.520983757451177],[782512.685514401411638,7642488.605955632403493],[782665.774471734534018,7643455.171591875143349],[782463.12644461018499,7643252.52356475032866],[781069.285155022516847,7642542.325955149717629],[779524.200183147797361,7642297.608536625280976],[778787.554450150579214,7642414.281758763827384],[779000.523293622303754,7642201.312915291637182],[779710.720903223380446,7640807.471625704318285],[779955.438321747584268,7639262.386653829365969],[779710.720903223380446,7637717.301681954413652],[779000.523293622303754,7636323.460392367094755],[777894.364583209971897,7635217.301681954413652],[776500.523293622303754,7634507.104072353802621],[774955.438321747584268,7634262.386653829365969],[773771.131448254454881,7634449.962435159832239],[774249.798218314303085,7633510.526003604754806],[774494.515636838506907,7631965.441031729802489],[774249.798218314303085,7630420.356059854850173],[773539.600608713226393,7629026.514770267531276],[772433.441898300894536,7627920.356059854850173],[771039.600608713226393,7627210.158450254239142],[769494.515636838506907,7626965.441031729802489],[767949.430664963787422,7627210.158450254239142],[766555.589375376119278,7627920.356059854850173],[765449.430664963787422,7629026.514770267531276],[764739.233055362710729,7630420.356059854850173],[764494.515636838506907,7631965.441031729802489],[764739.233055362710729,7633510.526003604754806],[765449.430664963787422,7634904.367293192073703],[766555.589375376119278,7636010.526003604754806],[767949.430664963787422,7636720.723613205365837],[769494.515636838506907,7636965.441031729802489],[770678.822510331636295,7636777.865250399336219],[770200.15574027178809,7637717.301681954413652],[770103.695753047708422,7638326.326072395779192],[769661.515210579615086,7638101.023832737468183],[768582.944753166753799,7637930.195054489187896],[768218.93758140259888,7637566.187882725149393],[766825.096291814930737,7636855.990273124538362],[765280.011319940211251,7636611.272854600101709],[763734.926348065491766,7636855.990273124538362],[762341.085058477823623,7637566.187882725149393],[761491.475207773037255,7638415.797733429819345],[760209.07386579643935,7638212.685314609669149],[758663.988893921719864,7638457.402733134105802],[757643.613621118478477,7638977.30990266148001],[756171.173495383933187,7638744.0982974357903],[754626.088523509213701,7638988.815715960226953],[753232.247233921545558,7639699.013325560837984],[752126.088523509213701,7640805.172035973519087],[751415.890913908137009,7642199.013325560837984],[751229.136549794930033,7643378.133974852971733],[750908.223819689243101,7643699.046704959124327],[750831.392897420679219,7643849.8358801510185],[750774.530158014618792,7643878.808893006294966],[749668.371447602286935,7644984.967603418976068],[748958.173838001210243,7646378.808893006294966],[748713.45641947700642,7647923.893864881247282],[748958.173838001210243,7649468.978836756199598],[749668.371447602286935,7650862.820126343518496],[750774.530158014618792,7651968.978836756199598],[752168.371447602286935,7652679.176446356810629],[753713.45641947700642,7652923.893864881247282],[755258.541391351725906,7652679.176446356810629],[755493.460558265564032,7652559.479152239859104],[756100.512198815355077,7653750.885079367086291],[757206.670909227686934,7654857.043789779767394],[758600.512198815355077,7655567.241399380378425],[760145.597170690074563,7655811.958817904815078],[761149.465735004632734,7655652.961657186038792],[761646.766548476996832,7656150.262470658868551],[763040.607838064664975,7656860.460080259479582],[764585.69280993938446,7657105.177498783916235],[766107.934266273165122,7656864.078137683682144],[766603.851204063626938,7657359.995075474493206],[766678.333660461124964,7657830.258797370828688],[767388.531270062201656,7659224.100086958147585],[768494.689980474533513,7660330.258797370828688],[769888.531270062201656,7661040.456406971439719],[771433.616241936921142,7661285.173825495876372],[772437.26965855259914,7661126.210740825161338],[772726.671093763434328,7661273.668137185275555],[774271.756065638153814,7661518.385555709712207],[775816.841037512873299,7661273.668137185275555],[777210.682327100541443,7660563.470527584664524],[777951.237425537430681,7659822.9154291478917],[777736.802195181837305,7661176.806189605034888],[777981.519613706041127,7662721.891161479987204],[778691.71722330711782,7664115.732451067306101],[779797.875933719449677,7665221.891161479987204],[781191.71722330711782,7665932.088771080598235],[782736.802195181837305,7666176.806189605034888],[784281.887167056556791,7665932.088771080598235],[785675.728456644224934,7665221.891161479987204],[786781.887167056556791,7664115.732451067306101],[787492.084776657633483,7662721.891161479987204],[787736.802195181837305,7661176.806189605034888],[787492.084776657633483,7659631.721217730082572],[787335.548178284196183,7659324.500845266506076],[787550.278306153370067,7659109.770717397332191],[787940.324342514853925,7658344.262268804013729],[789408.622547998791561,7658111.70667929854244],[790802.463837586459704,7657401.509069697931409],[791908.622547998791561,7656295.350359285250306],[792618.820157599868253,7654901.509069697931409],[792863.537576124072075,7653356.424097822979093],[792618.820157599868253,7651811.339125948026776],[792486.11258273338899,7651550.885845354758203],[793523.773538779933006,7650513.224889308214188],[794233.971148381009698,7649119.38359972089529],[794478.68856690521352,7647574.298627845942974],[794233.971148381009698,7646029.213655970990658],[793523.773538779933006,7644635.372366383671761],[792417.614828367601149,7643529.213655970990658],[792353.077654410968535,7643496.330323401838541],[792485.661606600624509,7642659.228194441646338],[793079.7906583850272,7643253.357246226631105],[793717.960625113453716,7643578.521085377782583],[793729.775458259508014,7643601.709001030772924],[794835.934168671839871,7644707.867711443454027],[794886.953154687187634,7644733.863183225505054],[794956.178847649367526,7645170.937007020227611],[795666.376457250444219,7646564.778296607546508],[796772.535167662776075,7647670.937007020227611],[798166.376457250444219,7648381.134616620838642],[799711.461429125163704,7648625.852035145275295],[801256.54640099988319,7648381.134616620838642],[802650.387690587551333,7647670.937007020227611],[803756.54640099988319,7646564.778296607546508],[804466.744010600959882,7645170.937007020227611],[804711.461429125163704,7643625.852035145275295],[804466.744010600959882,7642080.767063270322978],[804366.970790608087555,7641884.951093544252217],[804718.617051639477722,7641705.778374329209328],[805824.775762051809579,7640599.619663916528225],[806534.973371652886271,7639205.778374329209328],[806779.690790177090093,7637660.693402454257011],[806564.807556593674235,7636303.974060938693583],[807334.849542187643237,7635533.932075344026089],[807561.863428953802213,7635088.392236281186342],[808238.433167990413494,7636416.23511382099241],[809344.591878402745351,7637522.393824233673513],[810738.433167990413494,7638232.591433834284544],[812283.51813986513298,7638477.308852358721197],[813828.603111739852466,7638232.591433834284544],[815222.444401327520609,7637522.393824233673513],[816328.603111739852466,7636416.23511382099241],[816337.20794983021915,7636399.347168186679482],[817759.397955053835176,7636174.094400173984468],[819153.239244641503319,7635463.896790573373437],[820259.397955053835176,7634357.738080160692334],[820969.595564654911868,7632963.896790573373437],[821214.31298317911569,7631418.811818698421121],[820969.595564654911868,7629873.726846823468804],[820259.397955053835176,7628479.885557236149907],[819153.239244641503319,7627373.726846823468804],[817759.397955053835176,7626663.529237222857773],[816214.31298317911569,7626418.811818698421121],[814669.228011304396205,7626663.529237222857773],[813275.386721716728061,7627373.726846823468804],[812169.228011304396205,7628479.885557236149907],[812160.623173214029521,7628496.773502870462835],[810738.433167990413494,7628722.026270883157849],[809344.591878402745351,7629432.22388048376888],[808238.433167990413494,7630538.382590896449983],[808011.419281224254519,7630983.92242995928973],[807334.849542187643237,7629656.079552419483662],[806529.644557608524337,7628850.874567840248346],[807686.277967346366495,7628667.681832578033209],[809080.119256934034638,7627957.484222977422178],[810186.277967346366495,7626851.325512564741075],[810896.475576947443187,7625457.484222977422178],[811141.192995471647009,7623912.399251102469862],[811127.492360452306457,7623825.896845997311175],[811685.56636037514545,7623737.506607859395444],[813079.407649962813593,7623027.308998258784413],[814185.56636037514545,7621921.150287846103311],[814895.763969976222143,7620527.308998258784413],[815140.481388500425965,7618982.224026383832097],[814895.763969976222143,7617437.139054508879781],[814185.56636037514545,7616043.297764921560884],[813079.407649962813593,7614937.139054508879781],[811685.56636037514545,7614226.94144490826875],[810140.481388500425965,7613982.224026383832097],[808595.396416625706479,7614226.94144490826875],[807201.555127038038336,7614937.139054508879781],[806095.396416625706479,7616043.297764921560884],[805385.198807024629787,7617437.139054508879781],[805140.481388500425965,7618982.224026383832097],[805154.182023519766517,7619068.726431488990784],[804596.108023596927524,7619157.116669626906514],[803202.26673400925938,7619867.314279227517545],[802096.108023596927524,7620973.472989640198648],[801385.910413995850831,7622367.314279227517545],[801141.192995471647009,7623912.399251102469862],[801385.910413995850831,7625457.484222977422178],[802096.108023596927524,7626851.325512564741075],[802901.313008176046424,7627656.53049714397639],[801744.679598438204266,7627839.723232406191528],[800350.838308850536123,7628549.920842006802559],[800006.67923992802389,7628894.079910929314792],[798725.541935535380617,7628241.307850045152009],[797180.456963660661131,7627996.590431520715356],[795635.371991785941646,7628241.307850045152009],[794241.530702198273502,7628951.50545964576304],[794151.217375693726353,7629041.818786149844527],[794360.590631038881838,7627719.888078082352877],[794338.084029284771532,7627577.786987166851759],[795489.34666027163621,7627760.129074642434716],[797034.431632146355696,7627515.411656117998064],[798428.272921734023839,7626805.214046517387033],[799534.431632146355696,7625699.05533610470593],[800244.629241747432388,7624305.214046517387033],[800489.34666027163621,7622760.129074642434716],[800244.629241747432388,7621215.0441027674824],[799534.431632146355696,7619821.202813180163503],[798428.272921734023839,7618715.0441027674824],[797042.302580937626772,7618008.85694188810885],[797204.312724844785407,7617926.308650490827858],[798310.471435257117264,7616820.149940078146756],[799020.669044858193956,7615426.308650490827858],[799265.386463382397778,7613881.223678615875542],[799238.342654788750224,7613710.475791145116091],[799769.140623709885404,7613794.545930378139019],[801314.225595584604889,7613549.828511853702366],[802708.066885172273032,7612839.630902253091335],[803814.225595584604889,7611733.472191840410233],[804524.423205185681581,7610339.630902253091335],[804769.140623709885404,7608794.545930378139019],[804524.423205185681581,7607249.460958503186703],[803814.225595584604889,7605855.619668915867805],[802708.066885172273032,7604749.460958503186703],[801430.537176686222665,7604098.527059544809163],[801433.834884702111594,7604095.229351528920233],[802144.032494303188287,7602701.388061941601336],[802388.749912827392109,7601156.30309006664902],[802241.007144937175326,7600223.491965517401695],[803069.658836308866739,7601052.143656888976693],[804463.500125896534882,7601762.341266489587724],[806008.585097771254368,7602007.058685014024377],[807553.670069645973854,7601762.341266489587724],[808947.511359233641997,7601052.143656888976693],[810053.670069645973854,7599945.98494647629559],[810472.955392434145324,7599123.091167168691754],[811991.910365010844544,7598882.512333958409727],[813385.751654598512687,7598172.314724357798696],[814491.910365010844544,7597066.156013945117593],[814815.169224160374142,7596431.724780980497599],[815042.922105922480114,7596467.79729369096458],[816588.007077797199599,7596223.079875166527927],[817981.848367384867743,7595512.882265565916896],[819088.007077797199599,7594406.723555153235793],[819600.726160362479277,7593400.455697338096797],[820460.241235626861453,7593838.400502408854663],[822005.326207501580939,7594083.117920933291316],[823550.411179376300424,7593838.400502408854663],[824944.252468963968568,7593128.202892808243632],[826050.411179376300424,7592022.04418239556253],[826760.608788977377117,7590628.202892808243632],[826989.39550621563103,7589183.700410307385027],[827179.593926205765456,7588993.501990317367017],[827889.791535806842148,7587599.66070073004812],[828134.50895433104597,7586054.575728855095804],[827889.791535806842148,7584509.490756980143487],[827179.593926205765456,7583115.64946739282459],[826073.435215793433599,7582009.490756980143487],[824679.593926205765456,7581299.293147379532456],[823134.50895433104597,7581054.575728855095804],[821589.423982456326485,7581299.293147379532456],[820195.582692868658341,7582009.490756980143487],[819089.423982456326485,7583115.64946739282459],[818379.226372855249792,7584509.490756980143487],[818150.439655616995879,7585953.993239481002092],[817960.241235626861453,7586144.191659471020103],[817447.522153061581776,7587150.459517286159098],[816588.007077797199599,7586712.514712215401232],[815042.922105922480114,7586467.79729369096458],[813497.837134047760628,7586712.514712215401232],[812103.995844460092485,7587422.712321816012263],[811588.814473007922061,7587937.893693268299103],[811449.505200333660468,7587866.912073490209877],[809904.420228458940983,7587622.194654965773225],[809043.714824669179507,7587758.51699862908572],[808946.529877068474889,7587144.915388511493802],[808236.332267467398196,7585751.074098924174905],[807130.17355705506634,7584644.915388511493802],[805736.332267467398196,7583934.717778910882771],[804191.247295592678711,7583690.000360386446118],[802699.353654487757012,7583926.293099756352603],[803658.706440792302601,7582966.94031345192343],[804368.904050393379293,7581573.099023864604533],[804613.621468917583115,7580028.014051989652216],[804368.904050393379293,7578482.9290801146999],[803658.706440792302601,7577089.087790527381003],[803529.075906518148258,7576959.457256252877414],[804538.229809583979659,7576445.267660184763372],[805644.388519996311516,7575339.108949772082269],[806354.586129597388208,7573945.267660184763372],[806599.30354812159203,7572400.182688309811056],[806354.586129597388208,7570855.097716434858739],[805644.388519996311516,7569461.256426847539842],[804878.769202326191589,7568695.637109177187085],[806223.966354755219072,7568908.695407290942967],[807769.051326629938558,7568663.977988766506314],[809162.892616217606701,7567953.780379165895283],[810269.051326629938558,7566847.62166875321418],[810979.24893623101525,7565453.780379165895283],[811173.239243130083196,7564228.97378514893353],[811301.954775596619584,7564208.587247578427196],[812695.796065184287727,7563498.389637977816164],[813801.954775596619584,7562392.230927565135062],[814512.152385197696276,7560998.389637977816164],[814756.869803721900098,7559453.304666102863848],[814512.152385197696276,7557908.219694227911532],[813801.954775596619584,7556514.378404640592635],[812695.796065184287727,7555408.219694227911532],[811312.182296319515444,7554703.233266720548272],[812077.622480408288538,7554313.222012862563133],[812863.59962719050236,7554188.735462361015379],[814257.440916778170504,7553478.537852760404348],[815363.59962719050236,7552372.379142347723246],[816073.797236791579053,7550978.537852760404348],[816318.514655315782875,7549433.452880885452032],[816073.797236791579053,7547888.367909010499716],[815363.59962719050236,7546494.526619423180819],[815047.834663206944242,7546178.7616554396227],[814346.731065968750045,7544802.768370052799582],[813240.572355556418188,7543696.60965964011848],[811846.731065968750045,7542986.412050039507449],[811485.188703323714435,7542929.149365277960896],[811400.024974097730592,7542885.756277863867581],[810252.957089406438172,7542704.078572932630777],[810347.582164628780447,7542106.63936092145741],[810102.864746104576625,7540561.554389046505094],[809392.667136503499933,7539167.713099459186196],[808286.508426091168076,7538061.554389046505094],[806892.667136503499933,7537351.356779445894063],[805347.582164628780447,7537106.63936092145741],[803802.497192754060961,7537351.356779445894063],[802408.655903166392818,7538061.554389046505094],[801302.497192754060961,7539167.713099459186196],[800592.299583152984269,7540561.554389046505094],[800347.582164628780447,7542106.63936092145741],[800592.299583152984269,7543651.724332796409726],[801302.497192754060961,7545045.565622383728623],[802408.655903166392818,7546151.724332796409726],[802584.466372819966637,7546241.304241372272372],[801964.011530857183971,7547459.015432399697602],[801719.294112332980148,7549004.100404274649918],[801964.011530857183971,7550549.185376149602234],[802674.209140458260663,7551943.026665736921132],[803780.36785087059252,7553049.185376149602234],[805174.209140458260663,7553759.382985750213265],[805854.38961384317372,7553867.112989347428083],[806266.498663454200141,7554279.222038958221674],[807650.112432318972424,7554984.208466465584934],[806817.943542259512469,7555408.219694227911532],[806267.61879394564312,7555958.544442541897297],[805873.453743449877948,7555896.114831623621285],[804328.368771575158462,7556140.832250148057938],[802934.527481987490319,7556851.029859748668969],[801828.368771575158462,7557957.188570161350071],[801118.17116197408177,7559351.029859748668969],[800873.453743449877948,7560896.114831623621285],[801118.17116197408177,7562441.199803498573601],[801376.190344466711394,7562947.590961679816246],[801231.789543876540847,7563859.301735126413405],[801050.243309687124565,7562713.06392402946949],[800340.045700086047873,7561319.222634442150593],[799233.886989673716016,7560213.06392402946949],[797840.045700086047873,7559502.866314428858459],[797606.82540297601372,7559465.927848198451102],[796959.184891843702644,7559135.938525653444231],[798292.234448906732723,7558924.804217632859945],[799686.075738494400866,7558214.606608032248914],[800792.234448906732723,7557108.447897619567811],[801502.432058507809415,7555714.606608032248914],[801747.149477032013237,7554169.521636157296598],[801502.432058507809415,7552624.436664282344282],[800792.234448906732723,7551230.595374695025384],[799931.200671828701161,7550369.561597616411746],[800061.281411818927154,7550114.263770747929811],[800305.998830343130976,7548569.178798872977495],[800061.281411818927154,7547024.093826998025179],[799351.083802217850462,7545630.252537410706282],[798244.925091805518605,7544524.093826998025179],[796851.083802217850462,7543813.896217397414148],[795305.998830343130976,7543569.178798872977495],[794431.185568025452085,7543707.73560781404376],[794778.450228880392388,7543026.190336229279637],[795023.16764740459621,7541481.105364354327321],[794778.450228880392388,7539936.020392479375005],[794088.71759235789068,7538582.343874051235616],[794901.106999275740236,7538711.013715591281652],[796446.191971150459722,7538466.296297066845],[797840.033260738127865,7537756.098687466233969],[798946.191971150459722,7536649.939977053552866],[799656.389580751536414,7535256.098687466233969],[799901.106999275740236,7533711.013715591281652],[799656.389580751536414,7532165.928743716329336],[798946.191971150459722,7530772.087454129010439],[797888.757237094221637,7529714.652720072306693],[797877.331628855085,7529642.514268746599555],[797640.632942507392727,7529177.966940281912684],[798193.050225935410708,7528093.786976403556764],[798342.324196005007252,7527151.308221775107086],[799572.38706304912921,7526524.559886538423598],[800678.545773461461067,7525418.401176125742495],[801149.866172151523642,7524493.382810197770596],[801432.559491300373338,7524349.343369689770043],[802538.718201712705195,7523243.18465927708894],[803248.915811313781887,7521849.343369689770043],[803493.633229837985709,7520304.258397814817727],[803340.604733043001033,7519338.074494386091828],[803343.852675090660341,7519317.567795363254845],[803099.135256566456519,7517772.482823488302529],[802388.937646965379827,7516378.641533900983632],[801590.867043620208278,7515580.570930555462837],[801465.346586039522663,7514788.065951382741332],[800755.14897643844597,7513394.224661795422435],[799648.990266026114114,7512288.065951382741332],[798255.14897643844597,7511577.868341782130301],[796710.064004563726485,7511333.150923257693648],[795164.979032689006999,7511577.868341782130301],[793771.137743101338856,7512288.065951382741332],[792664.979032689006999,7513394.224661795422435],[792538.809522478841245,7513641.846268008463085],[792379.253572929883376,7512634.449649867601693],[791669.055963328806683,7511240.608360280282795],[790562.897252916474827,7510134.449649867601693],[789169.055963328806683,7509424.252040266990662],[787623.970991454087198,7509179.534621742554009],[786078.886019579367712,7509424.252040266990662],[784685.044729991699569,7510134.449649867601693],[783578.886019579367712,7511240.608360280282795],[782868.68840997829102,7512634.449649867601693],[782754.633359665400349,7513354.564896536991],[782214.551397729897872,7513079.379392118193209],[780669.466425855178386,7512834.661973593756557],[779664.665975555195473,7512993.806730552576482],[779886.68785951542668,7511592.015724407508969],[779641.970440991222858,7510046.930752532556653],[779104.533467607339844,7508992.151302522979677],[779428.211373301688582,7508668.473396828398108],[779711.803093234892003,7508111.893308013677597],[779959.620648865471594,7507985.623956588096917],[781065.779359277803451,7506879.465246175415814],[781775.976968878880143,7505485.623956588096917],[782020.694387403083965,7503940.5389847131446],[781775.976968878880143,7502395.454012838192284],[781065.779359277803451,7501001.612723250873387],[779959.620648865471594,7499895.454012838192284],[779870.7164801832987,7499850.155076328665018],[780287.980822846759111,7499432.890733664855361],[780998.178432447835803,7498039.049444077536464],[781242.895850972039625,7496493.964472202584147],[780998.178432447835803,7494948.879500327631831],[780287.980822846759111,7493555.038210740312934],[779181.822112434427254,7492448.879500327631831],[778461.1433657706948,7492081.675337992608547],[779049.848226988920942,7491492.97047677449882],[779134.469771847594529,7491326.891343843191862],[780275.953553300816566,7491908.506380678154528],[781821.038525175536051,7492153.223799202591181],[783366.123497050255537,7491908.506380678154528],[784759.96478663792368,7491198.308771077543497],[785866.123497050255537,7490092.150060664862394],[786576.321106651332229,7488698.308771077543497],[786576.928178258007392,7488694.475871801376343],[787133.303672850131989,7488977.963345770724118],[788678.388644724851474,7489222.68076429516077],[790223.47361659957096,7488977.963345770724118],[791617.314906187239103,7488267.765736170113087],[792723.47361659957096,7487161.607025757431984],[793433.671226200647652,7485767.765736170113087],[793678.388644724851474,7484222.68076429516077],[793433.671226200647652,7482677.595792420208454],[792723.47361659957096,7481283.754502832889557],[791617.314906187239103,7480177.595792420208454],[790393.678476961445995,7479554.121890801936388],[789653.182190976687707,7478813.625604816712439],[790119.999759127153084,7478887.562244081869721],[790418.790389755740762,7478840.238457275554538],[790585.544940013322048,7478866.649783389642835],[792130.629911888041534,7478621.932364865206182],[793524.471201475709677,7477911.734755264595151],[794630.629911888041534,7476805.576044851914048],[795340.827521489118226,7475411.734755264595151],[795585.544940013322048,7473866.649783389642835],[795555.038794841151685,7473674.041563102044165],[795611.323660913622007,7473318.672904683277011],[795366.606242389418185,7471773.587932808324695],[795226.475305838626809,7471498.565484588034451],[795153.594818781130016,7471038.4161990378052],[794443.397209180053324,7469644.574909450486302],[793337.238498767721467,7468538.4161990378052],[791943.397209180053324,7467828.218589437194169],[790398.312237305333838,7467583.501170912757516],[788853.227265430614352,7467828.218589437194169],[788367.019995663431473,7468075.953567112796009],[788499.862504489254206,7467237.218975800089538],[788408.076883932226337,7466657.707374982535839],[789832.977679063915275,7466432.025260027498007],[791226.818968651583418,7465721.827650426886976],[792332.977679063915275,7464615.668940014205873],[793043.175288664991967,7463221.827650426886976],[793287.892707189195789,7461676.742678551934659],[793043.175288664991967,7460131.657706676982343],[792332.977679063915275,7458737.816417089663446],[791226.818968651583418,7457631.657706676982343],[789832.977679063915275,7456921.460097076371312],[788287.892707189195789,7456676.742678551934659],[786742.807735314476304,7456921.460097076371312],[785348.966445726808161,7457631.657706676982343],[784242.807735314476304,7458737.816417089663446],[783532.610125713399611,7460131.657706676982343],[783287.892707189195789,7461676.742678551934659],[783379.678327746223658,7462256.254279369488358],[781954.777532614534721,7462481.936394324526191],[781711.524679894326255,7462605.879913447424769],[781241.996037834556773,7462366.643121051602066],[781083.636239653103985,7462341.561393046751618],[780827.359547203173861,7462210.981896131299436],[779282.274575328454375,7461966.264477606862783],[777737.18960345373489,7462210.981896131299436],[776343.348313866066746,7462921.179505731910467],[775237.18960345373489,7464027.33821614459157],[774526.991993852658197,7465421.179505731910467],[774282.274575328454375,7466966.264477606862783],[774526.991993852658197,7468511.3494494818151],[775237.18960345373489,7469905.190739069133997],[776343.348313866066746,7471011.3494494818151],[777160.081523875123821,7471427.495805428363383],[776711.644870426389389,7471655.98569284658879],[775605.486160014057532,7472762.144403259269893],[774895.28855041298084,7474155.98569284658879],[774650.571131888777018,7475701.070664721541107],[774895.28855041298084,7477246.155636596493423],[775605.486160014057532,7478639.99692618381232],[776405.184446141007356,7479439.695212311111391],[775909.230736537836492,7479935.64892191439867],[775199.0331269367598,7481329.490211501717567],[775045.511076886788942,7482298.790287541225553],[774417.643563910503872,7482618.704764313064516],[773311.484853498172015,7483724.863474725745618],[773208.664662488736212,7483926.659461778588593],[772320.193500391556881,7484379.358130008913577],[772460.778151701553725,7484238.773478698916733],[773170.975761302630417,7482844.932189111597836],[773415.693179826834239,7481299.84721723664552],[773170.975761302630417,7479754.762245361693203],[772460.778151701553725,7478360.920955774374306],[771354.619441289221868,7477254.762245361693203],[769960.778151701553725,7476544.564635761082172],[769408.349462878890336,7476457.068527062423527],[769321.619984128512442,7476286.852340930141509],[768215.461273716180585,7475180.693630517460406],[766821.619984128512442,7474470.496020916849375],[765276.535012253792956,7474225.778602392412722],[764924.867360472329892,7474281.477286600507796],[764846.65207704086788,7473787.645422363653779],[764136.454467439791188,7472393.804132776334882],[763030.295757027459331,7471287.645422363653779],[761636.454467439791188,7470577.447812763042748],[760091.369495565071702,7470332.730394238606095],[758546.284523690352216,7470577.447812763042748],[757152.443234102684073,7471287.645422363653779],[756216.336423584842123,7472223.752232882194221],[755879.235393855720758,7471562.154210519045591],[754773.076683443388902,7470455.995500106364489],[753831.47903567017056,7469976.227535381913185],[754357.18845376232639,7470059.491727340035141],[755902.273425637045875,7469814.774308815598488],[757296.114715224714018,7469104.576699214987457],[758402.273425637045875,7467998.417988802306354],[759112.471035238122568,7466604.576699214987457],[759357.18845376232639,7465059.491727340035141],[759112.471035238122568,7463514.406755465082824],[758402.273425637045875,7462120.565465877763927],[757490.502079887664877,7461208.794120128266513],[758159.13870694860816,7460540.157493066973984],[758869.336316549684852,7459146.316203479655087],[759094.970937401754782,7457721.715274311602116],[759576.921904876478948,7457798.04880855884403],[761122.006876751198433,7457553.331390034407377],[762504.490156859043054,7456848.920975319109857],[762013.490990420803428,7457812.561097565107048],[761768.773571896599606,7459357.646069440059364],[762013.490990420803428,7460902.73104131501168],[762690.891415516729467,7462232.204232041724026],[762586.656331248464994,7462285.314660206437111],[761480.497620836133137,7463391.473370619118214],[760770.300011235056445,7464785.314660206437111],[760525.582592710852623,7466330.399632081389427],[760770.300011235056445,7467875.484603956341743],[761480.497620836133137,7469269.325893543660641],[762586.656331248464994,7470375.484603956341743],[763980.497620836133137,7471085.682213556952775],[765525.582592710852623,7471330.399632081389427],[767070.667564585572109,7471085.682213556952775],[768464.508854173240252,7470375.484603956341743],[769570.667564585572109,7469269.325893543660641],[770280.865174186648801,7467875.484603956341743],[770525.582592710852623,7466330.399632081389427],[770280.865174186648801,7464785.314660206437111],[769603.464749090722762,7463455.841469479724765],[769707.699833358987235,7463402.73104131501168],[770813.858543771319091,7462296.572330902330577],[771524.056153372395784,7460902.73104131501168],[771768.773571896599606,7459357.646069440059364],[771524.056153372395784,7457812.561097565107048],[770813.858543771319091,7456418.71980797778815],[769707.699833358987235,7455312.561097565107048],[768313.858543771319091,7454602.363487964496017],[766768.773571896599606,7454357.646069440059364],[765223.68860002188012,7454602.363487964496017],[763841.205319914035499,7455306.773902679793537],[764332.204486352275126,7454343.133780433796346],[764576.921904876478948,7452798.04880855884403],[764332.204486352275126,7451252.963836683891714],[763622.006876751198433,7449859.122547096572816],[762515.848166338866577,7448752.963836683891714],[761122.006876751198433,7448042.766227083280683],[759576.921904876478948,7447798.04880855884403],[758031.836933001759462,7448042.766227083280683],[756637.995643414091319,7448752.963836683891714],[755531.836933001759462,7449859.122547096572816],[754821.63932340068277,7451252.963836683891714],[754596.00470254861284,7452677.564765851944685],[754114.053735073888674,7452601.231231604702771],[752568.968763199169189,7452845.948650129139423],[751175.127473611501046,7453556.146259729750454],[750068.968763199169189,7454662.304970142431557],[749358.771153598092496,7456056.146259729750454],[749114.053735073888674,7457601.231231604702771],[749358.771153598092496,7459146.316203479655087],[750068.968763199169189,7460540.157493066973984],[750980.740108948550187,7461451.928838816471398],[750312.103481887606904,7462120.565465877763927],[749601.905872286530212,7463514.406755465082824],[749357.18845376232639,7465059.491727340035141],[749601.905872286530212,7466604.576699214987457],[750312.103481887606904,7467998.417988802306354],[751418.262192299938761,7469104.576699214987457],[752359.859840073157102,7469584.34466393943876],[751834.150421981001273,7469501.080471981316805],[750289.065450106281787,7469745.797890505753458],[748895.224160518613644,7470455.995500106364489],[747789.065450106281787,7471562.154210519045591],[747078.867840505205095,7472955.995500106364489],[746834.150421981001273,7474501.080471981316805]],[[770724.671841732342727,7503922.546157283708453],[770014.474232131266035,7502528.704867696389556],[768908.315521718934178,7501422.546157283708453],[767514.474232131266035,7500712.348547683097422],[765988.876665161689743,7500470.717630878090858],[766401.096721804235131,7500058.497574235312641],[767111.294331405311823,7498664.656284647993743],[767206.674593902775086,7498062.449007834307849],[767289.72704211762175,7498225.448615208268166],[768395.885752529953606,7499331.607325620949268],[769789.72704211762175,7500041.804935221560299],[771334.812013992341235,7500286.522353745996952],[772816.729782764101401,7500051.809637332335114],[773303.969589509651996,7500539.049444077536464],[773392.873758191824891,7500584.34838058706373],[772975.60941552836448,7501001.612723250873387],[772692.017695595161058,7501558.192812065593898],[772444.200139964581467,7501684.462163491174579],[771338.04142955224961,7502790.620873903855681],[770733.356854937039316,7503977.381172560155392],[770724.671841732342727,7503922.546157283708453]],[[766401.096721804235131,7494180.645051310770214],[765294.938011391903274,7493074.486340898089111],[764475.023255309439264,7492656.718906258232892],[764507.000163041986525,7492593.960691208951175],[764751.717581566190347,7491048.875719333998859],[764507.000163041986525,7489503.790747459046543],[763957.077172180986963,7488424.506108377128839],[764456.86619565973524,7488924.295131855644286],[765850.707485247403383,7489634.492741456255317],[767395.792457122122869,7489879.210159980691969],[768940.877428996842355,7489634.492741456255317],[770083.665463716955855,7489052.213154388591647],[770249.480673638405278,7490099.129187187179923],[770418.878891288186423,7490431.591908760368824],[769789.72704211762175,7490531.239772270433605],[768395.885752529953606,7491241.437381871044636],[767289.72704211762175,7492347.596092283725739],[766579.529432516545057,7493741.437381871044636],[766484.149170019081794,7494343.64465868473053],[766401.096721804235131,7494180.645051310770214]],[[762690.643843028577976,7487003.790747459046543],[761296.802553440909833,7486293.593137858435512],[760393.005456635961309,7486150.445740513503551],[761108.082683641929179,7485435.368513507768512],[761818.280293243005872,7484041.527223920449615],[761994.659283507149667,7482927.914106982760131],[762337.608750791405328,7483270.863574267365038],[762627.162298165028915,7483418.398475645110011],[762395.792457122122869,7484879.210159980691969],[762640.509875646326691,7486424.295131855644286],[763190.432866507326253,7487503.579770937561989],[762690.643843028577976,7487003.790747459046543]],[[755756.711530789616518,7477703.33765772357583],[755589.405853518052027,7477729.83627378102392],[755709.183493961230852,7477610.058633337728679],[755756.711530789616518,7477703.33765772357583]],[[753539.630381704773754,7539279.566051986068487],[753437.272864923113957,7539331.719811732880771],[753419.301904053776525,7539218.255630323663354],[753539.630381704773754,7539279.566051986068487]],[[753758.029241752577946,7573954.996225473470986],[754606.341854331432842,7573522.759360237047076],[754913.891193669987842,7573830.308699576184154],[756307.732483257655986,7574540.506309176795185],[756881.536259697051719,7574631.387899164110422],[756649.830062645603903,7576094.323251757770777],[756710.025373665965162,7576474.381487888284028],[756360.047175142681226,7575787.510598769411445],[755253.888464730349369,7574681.351888356730342],[753860.047175142681226,7573971.154278756119311],[753758.029241752577946,7573954.996225473470986]],[[772695.176503289490938,7520510.929182244464755],[773405.374112890567631,7519117.087892657145858],[773650.091531414771453,7517572.002920782193542],[773459.063961571198888,7516365.902312337420881],[774886.68785951542668,7516592.015724407508969],[775891.488309815409593,7516432.870967448689044],[775669.466425855178386,7517834.661973593756557],[775914.183844379382208,7519379.746945468708873],[776624.3814539804589,7520773.58823505602777],[777006.788546208874322,7521155.995327284559608],[776919.074093736242503,7521709.802584442310035],[776920.904033162281848,7521721.356367264874279],[776674.259433113737032,7521595.684666560031474],[775129.174461239017546,7521350.967248035594821],[773584.089489364298061,7521595.684666560031474],[772433.645374101353809,7522181.865221506915987],[772504.47134168073535,7521734.687661424279213],[772363.223267351510003,7520842.882418182678521],[772695.176503289490938,7520510.929182244464755]],[[773754.599462613346986,7648255.412333626300097],[774653.35553826042451,7648113.063355596736073],[774768.917601672001183,7648842.693508500233293],[775375.984305124846287,7650034.12899823859334],[775148.675390210235491,7650070.131193508394063],[773912.084379397099838,7650700.205784133635461],[773545.266407603630796,7650333.387812339700758],[773396.462330544833094,7649393.875845420174301],[772734.024909823434427,7648093.769204272888601],[773754.599462613346986,7648255.412333626300097]],[[785531.154746131156571,7471744.766579600051045],[785468.858770977472886,7472138.087887085042894],[785364.717177651356906,7472342.477272206917405],[785119.999759127153084,7473887.562244081869721],[785364.717177651356906,7475432.647215956822038],[786074.914787252433598,7476826.488505544140935],[786837.98642585601192,7477589.560144147835672],[786371.168857705546543,7477515.62350488267839],[784826.083885830827057,7477760.340923407115042],[783904.641997426166199,7478229.839015779085457],[784405.853713364573196,7477246.155636596493423],[784650.571131888777018,7475701.070664721541107],[784405.853713364573196,7474155.98569284658879],[783695.656103763496503,7472762.144403259269893],[783108.791041514254175,7472175.279341009445488],[783499.862504489254206,7472237.218975800089538],[785044.947476363973692,7471992.501557275652885],[785531.154746131156571,7471744.766579600051045]],[[789828.030324722989462,7569922.87444924376905],[789476.160194455762394,7569743.587662955746055],[789448.472266124561429,7569568.772963516414165],[788738.274656523484737,7568174.931673929095268],[787973.142599083017558,7567409.799616488628089],[788132.108327922876924,7567434.977314481511712],[789677.19329979759641,7567190.259895957075059],[790920.735134147224016,7566556.643683845177293],[790951.768218452110887,7566617.549541120417416],[792057.926928864442743,7567723.708251533098519],[793451.768218452110887,7568433.90586113370955],[793684.988515562145039,7568470.844327364116907],[794749.875756336608902,7569013.431477379985154],[796294.960728211328387,7569258.148895904421806],[797840.045700086047873,7569013.431477379985154],[798170.333633397007361,7568845.141369697637856],[797554.218576246872544,7569461.256426847539842],[796844.020966645795852,7570855.097716434858739],[796599.30354812159203,7572400.182688309811056],[796844.020966645795852,7573945.267660184763372],[797554.218576246872544,7575339.108949772082269],[797683.849110521026887,7575468.739484046585858],[796674.695207455195487,7575982.9290801146999],[795568.53649704286363,7577089.087790527381003],[795400.46358279674314,7577418.949457717128098],[794866.109551411354914,7576370.220622061751783],[793759.950840999023058,7575264.06191164907068],[792366.109551411354914,7574553.864302048459649],[791810.24993578158319,7574465.824787927791476],[791889.104063260601833,7573967.959421118721366],[791644.386644736398011,7572422.87444924376905],[790934.189035135321319,7571029.033159656450152],[789828.030324722989462,7569922.87444924376905]],[[789158.223393632215448,7557597.497974872589111],[790047.657329289359041,7557456.6254787677899],[791441.498618877027184,7556746.427869167178869],[792154.376609054161236,7556033.549878990277648],[792702.064505157293752,7557108.447897619567811],[793808.223215569625609,7558214.606608032248914],[794784.817775515257381,7558712.20639016199857],[793451.768218452110887,7558923.340698182582855],[792208.22638410248328,7559556.956910294480622],[792177.19329979759641,7559496.051053019240499],[791071.034589385264553,7558389.892342606559396],[789677.19329979759641,7557679.694733005948365],[789158.223393632215448,7557597.497974872589111]],[[786706.029627564945258,7548074.184442977420986],[786738.903668453916907,7548009.66550497058779],[786801.610605005640537,7547613.749489336274564],[787241.950745002017356,7547173.40934934001416],[787875.759770706295967,7545929.489097009412944],[788478.082675529876724,7546236.387945829890668],[790023.16764740459621,7546481.105364354327321],[790897.980909722275101,7546342.548555413261056],[790550.716248867334798,7547024.093826998025179],[790378.029749825014733,7548114.393471890129149],[790047.657329289359041,7547946.060315816663206],[788502.572357414639555,7547701.342897292226553],[786957.487385539920069,7547946.060315816663206],[786706.029627564945258,7548074.184442977420986]],[[786696.779689036309719,7523981.398808892816305],[786166.515550756826997,7524251.581882299855351],[786532.297723281430081,7523533.693947777152061],[786561.000729434425011,7523714.917596351355314],[786696.779689036309719,7523981.398808892816305]],[[775819.503021079930477,7593726.448850802145898],[775045.503095352090895,7592952.448925074189901],[776025.891496067866683,7593107.727193222381175],[776098.080415271222591,7593096.293591656722128],[776149.329190407996066,7593419.865623301826417],[776101.940509784966707,7593444.011362097226083],[775819.503021079930477,7593726.448850802145898]],[[779068.101943011162803,7532382.078468587249517],[779004.636796646984294,7532782.781632573343813],[778623.316160463378765,7532034.397746033966541],[779299.851100090891123,7531927.245138260535896],[779068.101943011162803,7532382.078468587249517]],[[783762.451089974259958,7527051.034136896952987],[783540.053000158863142,7528455.200413330458105],[782538.385257574496791,7528965.575620113871992],[782678.620544390403666,7528690.348372966982424],[782923.337962914607488,7527145.263401092030108],[782831.479480391833931,7526565.291767927818],[783464.159065610961989,7526465.085165917873383],[784270.292214429355226,7526054.339810914359987],[783762.451089974259958,7527051.034136896952987]],[[788866.94237804680597,7536664.233456530608237],[788702.082377550541423,7536690.344715441577137],[788747.164576519280672,7536645.262516472488642],[788866.94237804680597,7536664.233456530608237]],[[783818.452604249352589,7650417.497836360707879],[783428.406567887868732,7651183.006284954026341],[782471.208366796607152,7651334.611586313694715],[783569.285155022516847,7650236.53479808755219],[783875.734711062512361,7649635.093679996207356],[784238.295735838124529,7649997.65470477193594],[783818.452604249352589,7650417.497836360707879]],[[801287.137539090006612,7564307.542568068951368],[801468.683773279422894,7565453.780379165895283],[802178.881382880499586,7566847.62166875321418],[802944.500700550619513,7567613.240986423566937],[801599.30354812159203,7567400.182688309811056],[800054.218576246872544,7567644.900106834247708],[799723.930642935913056,7567813.190214516595006],[800340.045700086047873,7567197.07515736669302],[801050.243309687124565,7565803.233867779374123],[801287.137539090006612,7564307.542568068951368]],[[800906.974697470432147,7584990.261725171469152],[800934.120877123088576,7584818.867492271587253],[801105.515110022621229,7584791.721312618814409],[800906.974697470432147,7584990.261725171469152]]],[[[739313.068563541397452,7525441.112519145943224],[739022.219307063962333,7525150.26326266862452],[737628.37801747629419,7524440.065653068013489],[736083.293045601574704,7524195.348234543576837],[734538.208073726855218,7524440.065653068013489],[733144.366784139187075,7525150.26326266862452],[732038.208073726855218,7526256.421973081305623],[731328.010464125778526,7527650.26326266862452],[731083.293045601574704,7529195.348234543576837],[731328.010464125778526,7530740.433206418529153],[732038.208073726855218,7532134.27449600584805],[733144.366784139187075,7533240.433206418529153],[734538.208073726855218,7533950.630816019140184],[736083.293045601574704,7534195.348234543576837],[737628.37801747629419,7533950.630816019140184],[739022.219307063962333,7533240.433206418529153],[740128.37801747629419,7532134.27449600584805],[740838.575627077370882,7530740.433206418529153],[741083.293045601574704,7529195.348234543576837],[740910.144043056294322,7528102.128457458689809],[741200.993299533729441,7528392.977713936008513],[742594.834589121397585,7529103.175323536619544],[744139.91956099611707,7529347.892742061056197],[745685.004532870836556,7529103.175323536619544],[747078.845822458504699,7528392.977713936008513],[748185.004532870836556,7527286.81900352332741],[748895.202142471913248,7525892.977713936008513],[749139.91956099611707,7524347.892742061056197],[748895.202142471913248,7522802.80777018610388],[748185.004532870836556,7521408.966480598784983],[747078.845822458504699,7520302.80777018610388],[745685.004532870836556,7519592.610160585492849],[744139.91956099611707,7519347.892742061056197],[742594.834589121397585,7519592.610160585492849],[741200.993299533729441,7520302.80777018610388],[740094.834589121397585,7521408.966480598784983],[739384.636979520320892,7522802.80777018610388],[739139.91956099611707,7524347.892742061056197],[739313.068563541397452,7525441.112519145943224]]],[[[721202.186825207667425,7535182.334168730303645],[721912.384434808744118,7536576.175458317622542],[723018.543145221075974,7537682.334168730303645],[724412.384434808744118,7538392.531778330914676],[725957.469406683463603,7538637.249196855351329],[727502.554378558183089,7538392.531778330914676],[728896.395668145851232,7537682.334168730303645],[730002.554378558183089,7536576.175458317622542],[730712.751988159259781,7535182.334168730303645],[730957.469406683463603,7533637.249196855351329],[730712.751988159259781,7532092.164224980399013],[730002.554378558183089,7530698.322935393080115],[728896.395668145851232,7529592.164224980399013],[727502.554378558183089,7528881.966615379787982],[725957.469406683463603,7528637.249196855351329],[724412.384434808744118,7528881.966615379787982],[723018.543145221075974,7529592.164224980399013],[721912.384434808744118,7530698.322935393080115],[721202.186825207667425,7532092.164224980399013],[720957.469406683463603,7533637.249196855351329],[721202.186825207667425,7535182.334168730303645]]],[[[729027.30919882922899,7594672.959607634693384],[729272.026617353432812,7596218.0445795096457],[729982.224226954509504,7597611.885869096964598],[731088.382937366841361,7598718.0445795096457],[732482.224226954509504,7599428.242189110256732],[734027.30919882922899,7599672.959607634693384],[735572.394170703948475,7599428.242189110256732],[736966.235460291616619,7598718.0445795096457],[738072.394170703948475,7597611.885869096964598],[738782.591780305025168,7596218.0445795096457],[739027.30919882922899,7594672.959607634693384],[738782.591780305025168,7593127.874635759741068],[738072.394170703948475,7591734.033346172422171],[736966.235460291616619,7590627.874635759741068],[735572.394170703948475,7589917.677026159130037],[734027.30919882922899,7589672.959607634693384],[732482.224226954509504,7589917.677026159130037],[731088.382937366841361,7590627.874635759741068],[729982.224226954509504,7591734.033346172422171],[729272.026617353432812,7593127.874635759741068],[729027.30919882922899,7594672.959607634693384]]],[[[717624.468662467203103,7682921.415162339806557],[717379.751243942999281,7684466.500134214758873],[717624.468662467203103,7686011.585106089711189],[718334.666272068279795,7687405.426395677030087],[719440.824982480611652,7688511.585106089711189],[720834.666272068279795,7689221.78271569032222],[721623.790239007445052,7689346.767673540860415],[721491.816562961204909,7690180.016670575365424],[721736.533981485408731,7691725.10164245031774],[722446.731591086485423,7693118.942932037636638],[722996.864492694148794,7693669.075833645649254],[722307.339282072382048,7695022.345255821943283],[722062.621863548178226,7696567.430227696895599],[722307.339282072382048,7698112.515199571847916],[723017.53689167345874,7699506.356489159166813],[724123.695602085790597,7700612.515199571847916],[724481.587390324799344,7700794.870173844508827],[724310.341257861000486,7700882.124436462298036],[723204.182547448668629,7701988.283146874979138],[722493.984937847591937,7703382.124436462298036],[722249.267519323388115,7704927.209408337250352],[722493.984937847591937,7706472.294380212202668],[723204.182547448668629,7707866.135669799521565],[724310.341257861000486,7708972.294380212202668],[725704.182547448668629,7709682.491989812813699],[727249.267519323388115,7709927.209408337250352],[728794.3524911981076,7709682.491989812813699],[730188.193780785775743,7708972.294380212202668],[731294.3524911981076,7707866.135669799521565],[732004.550100799184293,7706472.294380212202668],[732249.267519323388115,7704927.209408337250352],[732004.550100799184293,7703382.124436462298036],[731294.3524911981076,7701988.283146874979138],[730188.193780785775743,7700882.124436462298036],[729830.301992546766996,7700699.769462189637125],[730001.548125010565855,7700612.515199571847916],[731107.706835422897711,7699506.356489159166813],[731817.904445023974404,7698112.515199571847916],[732062.621863548178226,7696567.430227696895599],[731817.904445023974404,7695022.345255821943283],[731107.706835422897711,7693628.503966234624386],[730557.573933815234341,7693078.371064626611769],[731247.099144437001087,7691725.10164245031774],[731491.816562961204909,7690180.016670575365424],[731247.099144437001087,7688634.931698700413108],[730536.901534835924394,7687241.090409113094211],[729430.742824423592538,7686134.931698700413108],[728036.901534835924394,7685424.734089099802077],[727252.268015612149611,7685300.460348297841847],[727396.452541004982777,7684390.115082705393434],[727151.735122480778955,7682845.030110830441117],[726441.537512879702263,7681451.18882124312222],[725335.378802467370406,7680345.030110830441117],[723941.537512879702263,7679634.832501229830086],[722396.452541004982777,7679390.115082705393434],[720851.367569130263291,7679634.832501229830086],[719457.526279542595148,7680345.030110830441117],[718351.367569130263291,7681451.18882124312222],[717641.169959529186599,7682845.030110830441117],[717631.148011183249764,7682908.306202379986644],[717624.468662467203103,7682921.415162339806557]]],[[[724280.255010735127144,7718779.19004668481648],[724344.342820859048516,7718904.969456109218299],[724497.265584218432195,7719870.485784897580743],[725207.463193819508888,7721264.32707448489964],[726313.621904231840745,7722370.485784897580743],[727707.463193819508888,7723080.683394498191774],[728673.251808198052458,7723233.649283658713102],[728535.607265930622816,7724102.702720886096358],[728780.324684454826638,7725647.787692761048675],[729149.23668298672419,7726371.8182566864416],[728990.407203298178501,7727374.628124644979835],[729235.124621822382323,7728919.713096519932151],[729459.227597774006426,7729359.539951437152922],[729507.317927456228063,7729663.170343309640884],[729606.009089160943404,7729856.862654072232544],[729630.724756217794493,7730012.911234388127923],[730340.922365818871185,7731406.75252397544682],[731447.081076231203042,7732512.911234388127923],[732840.922365818871185,7733223.108843988738954],[734386.007337693590671,7733467.826262513175607],[735931.092309568310156,7733223.108843988738954],[737324.9335991559783,7732512.911234388127923],[738431.092309568310156,7731406.75252397544682],[739141.289919169386849,7730012.911234388127923],[739386.007337693590671,7728467.826262513175607],[739141.289919169386849,7726922.74129063822329],[739042.598757464671507,7726729.04897987563163],[739017.883090407820418,7726573.000399559736252],[738793.780114456196316,7726133.173544642515481],[738745.689784773974679,7725829.543152770027518],[738376.777786242077127,7725105.512588844634593],[738535.607265930622816,7724102.702720886096358],[738290.889847406418994,7722557.617749011144042],[737580.692237805342302,7721163.776459423825145],[736474.533527393010445,7720057.617749011144042],[735080.692237805342302,7719347.420139410533011],[734114.903623426798731,7719194.454250250011683],[734252.548165694228373,7718325.400813022628427],[734007.830747170024551,7716780.31584114767611],[733943.742937046103179,7716654.536431723274291],[733790.8201736867195,7715689.020102934911847],[733080.622564085642807,7714295.17881334759295],[731974.46385367331095,7713189.020102934911847],[730580.622564085642807,7712478.822493334300816],[729035.537592210923322,7712234.105074809864163],[727490.452620336203836,7712478.822493334300816],[726096.611330748535693,7713189.020102934911847],[724990.452620336203836,7714295.17881334759295],[724280.255010735127144,7715689.020102934911847],[724035.537592210923322,7717234.105074809864163],[724280.255010735127144,7718779.19004668481648]]],[[[726171.497773913433775,7739422.571236164309084],[726881.695383514510468,7740816.412525751627982],[727987.854093926842324,7741922.571236164309084],[729381.695383514510468,7742632.768845764920115],[730926.780355389229953,7742877.486264289356768],[732471.865327263949439,7742632.768845764920115],[733865.706616851617582,7741922.571236164309084],[734971.865327263949439,7740816.412525751627982],[735682.062936865026131,7739422.571236164309084],[735926.780355389229953,7737877.486264289356768],[735682.062936865026131,7736332.401292414404452],[734971.865327263949439,7734938.560002827085555],[733865.706616851617582,7733832.401292414404452],[732471.865327263949439,7733122.203682813793421],[730926.780355389229953,7732877.486264289356768],[729381.695383514510468,7733122.203682813793421],[727987.854093926842324,7733832.401292414404452],[726881.695383514510468,7734938.560002827085555],[726171.497773913433775,7736332.401292414404452],[725926.780355389229953,7737877.486264289356768],[726171.497773913433775,7739422.571236164309084]]],[[[718625.297741495422088,7752260.243273976258934],[719335.49535109649878,7753654.084563563577831],[720441.654061508830637,7754760.243273976258934],[721835.49535109649878,7755470.440883576869965],[723380.580322971218266,7755715.158302101306617],[724925.665294845937751,7755470.440883576869965],[726319.506584433605894,7754760.243273976258934],[727425.665294845937751,7753654.084563563577831],[728135.862904447014444,7752260.243273976258934],[728380.580322971218266,7750715.158302101306617],[728135.862904447014444,7749170.073330226354301],[727425.665294845937751,7747776.232040639035404],[726319.506584433605894,7746670.073330226354301],[724925.665294845937751,7745959.87572062574327],[723380.580322971218266,7745715.158302101306617],[721835.49535109649878,7745959.87572062574327],[720441.654061508830637,7746670.073330226354301],[719335.49535109649878,7747776.232040639035404],[718625.297741495422088,7749170.073330226354301],[718380.580322971218266,7750715.158302101306617],[718625.297741495422088,7752260.243273976258934]]],[[[743995.055938745616004,7759246.068368399515748],[744070.786675553070381,7759724.21342262532562],[744064.388666148064658,7759764.608864196576178],[744309.10608467226848,7761309.693836071528494],[745019.303694273345172,7762703.535125658847392],[746125.462404685677029,7763809.693836071528494],[747519.303694273345172,7764519.891445672139525],[749064.388666148064658,7764764.608864196576178],[750609.473638022784144,7764519.891445672139525],[752003.314927610452287,7763809.693836071528494],[752046.166364163858816,7763766.84239951800555],[752071.15120450174436,7763754.111987514421344],[753177.309914914076217,7762647.953277101740241],[753887.507524515152909,7761254.111987514421344],[754132.224943039356731,7759709.027015639469028],[753887.507524515152909,7758163.942043764516711],[753794.866913572768681,7757982.124607492238283],[753750.338520221412182,7757700.983396524563432],[753040.14091062033549,7756307.142106937244534],[751933.982200208003633,7755200.983396524563432],[750540.14091062033549,7754490.785786923952401],[748995.055938745616004,7754246.068368399515748],[747449.970966870896518,7754490.785786923952401],[746056.129677283228375,7755200.983396524563432],[744949.970966870896518,7756307.142106937244534],[744239.773357269819826,7757700.983396524563432],[743995.055938745616004,7759246.068368399515748]]],[[[743540.166936902329326,7794529.668744323775172],[744250.364546503406018,7795923.510033911094069],[745356.523256915737875,7797029.668744323775172],[746750.364546503406018,7797739.866353924386203],[748295.449518378125504,7797984.583772448822856],[749840.534490252844989,7797739.866353924386203],[751234.375779840513133,7797029.668744323775172],[752340.534490252844989,7795923.510033911094069],[753050.732099853921682,7794529.668744323775172],[753295.449518378125504,7792984.583772448822856],[753050.732099853921682,7791439.49880057387054],[752340.534490252844989,7790045.657510986551642],[751234.375779840513133,7788939.49880057387054],[749840.534490252844989,7788229.301190973259509],[748295.449518378125504,7787984.583772448822856],[746750.364546503406018,7788229.301190973259509],[745356.523256915737875,7788939.49880057387054],[744250.364546503406018,7790045.657510986551642],[743540.166936902329326,7791439.49880057387054],[743295.449518378125504,7792984.583772448822856],[743540.166936902329326,7794529.668744323775172]]],[[[738877.38071590650361,7829645.645983416587114],[739587.578325507580303,7831039.487273003906012],[740693.737035919912159,7832145.645983416587114],[742087.578325507580303,7832855.843593017198145],[742667.219043516903184,7832947.649663728661835],[742387.470437385956757,7833496.687217021360993],[742142.753018861752935,7835041.77218889631331],[742387.470437385956757,7836586.857160771265626],[743097.668046987033449,7837980.698450358584523],[744203.826757399365306,7839086.857160771265626],[745597.668046987033449,7839797.054770371876657],[747142.753018861752935,7840041.77218889631331],[748687.83799073647242,7839797.054770371876657],[750081.679280324140564,7839086.857160771265626],[750436.429176763049327,7838732.107264332473278],[750384.462614608695731,7838834.097385151311755],[750139.745196084491909,7840379.182357026264071],[750384.462614608695731,7841924.267328901216388],[751094.660224209772423,7843318.108618488535285],[751161.133137264056131,7843384.581531543284655],[750700.916016966919415,7843619.073866627179086],[749594.757306554587558,7844725.232577039860189],[748884.559696953510866,7846119.073866627179086],[748639.842278429307044,7847664.158838502131402],[748884.559696953510866,7849209.243810377083719],[749594.757306554587558,7850603.085099964402616],[750700.916016966919415,7851709.243810377083719],[751868.205672186915763,7852304.007596642710268],[751327.569616865832359,7852844.643651964142919],[750617.372007264755666,7854238.484941551461816],[750372.654588740551844,7855783.569913426414132],[750617.372007264755666,7857328.654885301366448],[751327.569616865832359,7858722.496174888685346],[752433.728327278164215,7859828.654885301366448],[753827.569616865832359,7860538.852494901977479],[755372.654588740551844,7860783.569913426414132],[756917.73956061527133,7860538.852494901977479],[758311.580850202939473,7859828.654885301366448],[759417.73956061527133,7858722.496174888685346],[760127.937170216348022,7857328.654885301366448],[760372.654588740551844,7855783.569913426414132],[760127.937170216348022,7854238.484941551461816],[759417.73956061527133,7852844.643651964142919],[758311.580850202939473,7851738.484941551461816],[757144.291194982943125,7851143.721155285835266],[757684.927250304026529,7850603.085099964402616],[758395.124859905103222,7849209.243810377083719],[758639.842278429307044,7847664.158838502131402],[758395.124859905103222,7846119.073866627179086],[757684.927250304026529,7844725.232577039860189],[757618.454337249742821,7844658.759663985110819],[758078.671457546879537,7844424.267328901216388],[759184.830167959211394,7843318.108618488535285],[759895.027777560288087,7841924.267328901216388],[760139.745196084491909,7840379.182357026264071],[759895.027777560288087,7838834.097385151311755],[759184.830167959211394,7837440.256095563992858],[758078.671457546879537,7836334.097385151311755],[756684.830167959211394,7835623.899775550700724],[755139.745196084491909,7835379.182357026264071],[753594.660224209772423,7835623.899775550700724],[752200.81893462210428,7836334.097385151311755],[751846.069038183195516,7836688.847281590104103],[751898.035600337549113,7836586.857160771265626],[752142.753018861752935,7835041.77218889631331],[751898.035600337549113,7833496.687217021360993],[751187.83799073647242,7832102.845927434042096],[750081.679280324140564,7830996.687217021360993],[748687.83799073647242,7830286.489607420749962],[748108.197272727149539,7830194.683536709286273],[748387.945878858095966,7829645.645983416587114],[748632.663297382299788,7828100.561011541634798],[748387.945878858095966,7826555.476039666682482],[747677.748269257019274,7825161.634750079363585],[746571.589558844687417,7824055.476039666682482],[745177.748269257019274,7823345.278430066071451],[743632.663297382299788,7823100.561011541634798],[742087.578325507580303,7823345.278430066071451],[740693.737035919912159,7824055.476039666682482],[739587.578325507580303,7825161.634750079363585],[738877.38071590650361,7826555.476039666682482],[738632.663297382299788,7828100.561011541634798],[738877.38071590650361,7829645.645983416587114]]],[[[722108.466600258601829,7875968.444529240950942],[722353.184018782805651,7877513.529501115903258],[723063.381628383882344,7878907.370790703222156],[724169.540338796214201,7880013.529501115903258],[724233.708816199679859,7880046.224973408505321],[723730.256134083028883,7881034.306496354751289],[723485.538715558825061,7882579.391468229703605],[723730.256134083028883,7884124.476440104655921],[724440.453743684105575,7885518.317729691974819],[725546.612454096437432,7886624.476440104655921],[726306.314920731005259,7887011.564180898480117],[726420.746025150408968,7887734.053739752620459],[727130.943634751485661,7889127.895029339939356],[728237.102345163817517,7890234.053739752620459],[729630.943634751485661,7890944.25134935323149],[731176.028606626205146,7891188.968767877668142],[732721.113578500924632,7890944.25134935323149],[734114.954868088592775,7890234.053739752620459],[735221.113578500924632,7889127.895029339939356],[735931.311188102001324,7887734.053739752620459],[736176.028606626205146,7886188.968767877668142],[735931.311188102001324,7884643.883796002715826],[735221.113578500924632,7883250.042506415396929],[734114.954868088592775,7882143.883796002715826],[733355.252401454024948,7881756.79605520889163],[733240.821297034621239,7881034.306496354751289],[732530.623687433544546,7879640.465206767432392],[731424.46497702121269,7878534.306496354751289],[731360.296499617747031,7878501.611024062149227],[731863.749181734398007,7877513.529501115903258],[732108.466600258601829,7875968.444529240950942],[731863.749181734398007,7874423.359557365998626],[731153.551572133321315,7873029.518267778679729],[730047.392861720989458,7871923.359557365998626],[728653.551572133321315,7871213.161947765387595],[727108.466600258601829,7870968.444529240950942],[725563.381628383882344,7871213.161947765387595],[724169.540338796214201,7871923.359557365998626],[723063.381628383882344,7873029.518267778679729],[722353.184018782805651,7874423.359557365998626],[722108.466600258601829,7875968.444529240950942]]],[[[725018.903980967123061,7900163.642830112949014],[726412.745270554791205,7900873.840439713560045],[727563.357668206095695,7901056.079540345817804],[727961.941502064582892,7901259.168147454038262],[729046.830068009556271,7901430.997615786269307],[727904.254547858959995,7901611.963800073601305],[726510.413258271291852,7902322.161409674212337],[725404.254547858959995,7903428.320120086893439],[724694.056938257883303,7904822.161409674212337],[724449.339519733679481,7906367.246381549164653],[724694.056938257883303,7907912.331353424116969],[725404.254547858959995,7909306.172643011435866],[726510.413258271291852,7910412.331353424116969],[727904.254547858959995,7911122.528963024728],[729449.339519733679481,7911367.246381549164653],[730994.424491608398966,7911122.528963024728],[732388.26578119606711,7910412.331353424116969],[733494.424491608398966,7909306.172643011435866],[734204.622101209475659,7907912.331353424116969],[734449.339519733679481,7906367.246381549164653],[734204.622101209475659,7904822.161409674212337],[733494.424491608398966,7903428.320120086893439],[732388.26578119606711,7902322.161409674212337],[730994.424491608398966,7901611.963800073601305],[729909.535925663425587,7901440.134331741370261],[731052.111445814021863,7901259.168147454038262],[732445.952735401690006,7900548.970537853427231],[733552.111445814021863,7899442.811827440746129],[734262.309055415098555,7898048.970537853427231],[734507.026473939302377,7896503.885565978474915],[734262.309055415098555,7894958.800594103522599],[733552.111445814021863,7893564.959304516203701],[732445.952735401690006,7892458.800594103522599],[731052.111445814021863,7891748.602984502911568],[729901.499048162717372,7891566.363883870653808],[729502.915214304230176,7891363.27527676243335],[727957.83024242951069,7891118.557858237996697],[726412.745270554791205,7891363.27527676243335],[725018.903980967123061,7892073.472886363044381],[723912.745270554791205,7893179.631596775725484],[723202.547660953714512,7894573.472886363044381],[722957.83024242951069,7896118.557858237996697],[723202.547660953714512,7897663.642830112949014],[723912.745270554791205,7899057.484119700267911],[725018.903980967123061,7900163.642830112949014]]],[[[739779.305557980202138,7901175.919888093136251],[739796.009380118455738,7901208.702984903939068],[739800.818629744113423,7901239.067392012104392],[739829.09724921407178,7901294.567307665012777],[739854.337172344559804,7901453.925910560414195],[740564.534781945636496,7902847.767200147733092],[740690.973192514735274,7902974.205610716715455],[740774.162265992490575,7903137.473360267467797],[741880.320976404822432,7904243.6320706801489],[742453.986608772538602,7904535.929309871979058],[742801.670065000886098,7904883.612766100093722],[744195.511354588554241,7905593.810375700704753],[745740.596326463273726,7905838.527794225141406],[747285.681298337993212,7905593.810375700704753],[747473.849839157774113,7905497.933715359307826],[747603.164018326438963,7906314.391309954226017],[748313.361627927515656,7907708.232599541544914],[749419.520338339847513,7908814.391309954226017],[749430.873247032170184,7908820.175905859097838],[748854.047404232434928,7909397.001748658716679],[748143.849794631358236,7910790.843038246035576],[747899.132376107154414,7912335.928010120987892],[748143.849794631358236,7913881.012981995940208],[748854.047404232434928,7915274.854271583259106],[749960.206114644766785,7916381.012981995940208],[750572.15648024820257,7916692.817267098464072],[750100.194766319938935,7916933.293771531432867],[748994.036055907607079,7918039.45248194411397],[748662.0034265978029,7918691.103208397515118],[748575.892587516806088,7918522.101170979440212],[747469.733877104474232,7917415.942460566759109],[746075.892587516806088,7916705.744850966148078],[744530.807615642086603,7916461.027432441711426],[742985.722643767367117,7916705.744850966148078],[741591.881354179698974,7917415.942460566759109],[740485.722643767367117,7918522.101170979440212],[739775.525034166290425,7919915.942460566759109],[739530.807615642086603,7921461.027432441711426],[739772.368849914637394,7922986.185041217133403],[739452.846061133430339,7923613.283823227509856],[739424.8873177068308,7923789.808381885290146],[739210.92586527671665,7923680.789576661773026],[737665.840893401997164,7923436.072158137336373],[736120.755921527277678,7923680.789576661773026],[734726.914631939609535,7924390.987186262384057],[733620.755921527277678,7925497.14589667506516],[732910.558311926200986,7926890.987186262384057],[732665.840893401997164,7928436.072158137336373],[732910.558311926200986,7929981.15713001228869],[733620.755921527277678,7931374.998419599607587],[734726.914631939609535,7932481.15713001228869],[736120.755921527277678,7933191.354739612899721],[737665.840893401997164,7933436.072158137336373],[739210.92586527671665,7933191.354739612899721],[740604.767154864384793,7932481.15713001228869],[740857.739197278162464,7932228.185087597928941],[742078.914711946505122,7932850.405090620741248],[742098.079314354923554,7932853.440465447492898],[742115.19300935510546,7932862.160328584723175],[743660.277981229824945,7933106.877747109159827],[744007.836003525066189,7933051.829964268021286],[744106.582810689229518,7933675.292767569422722],[744510.139866835437715,7934467.31808553263545],[744362.729354043025523,7935398.031433954834938],[744607.446772567229345,7936943.116405829787254],[745317.644382168306038,7938336.957695417106152],[746423.803092580637895,7939443.116405829787254],[747817.644382168306038,7940153.314015430398285],[749362.729354043025523,7940398.031433954834938],[750907.814325917745009,7940153.314015430398285],[752301.655615505413152,7939443.116405829787254],[753320.969264922663569,7938423.802756411954761],[753502.560559498728253,7939570.325067593716085],[754212.758169099804945,7940964.166357181034982],[755318.916879512136802,7942070.325067593716085],[756712.758169099804945,7942780.522677194327116],[758257.843140974524431,7943025.240095718763769],[758465.695787995588034,7942992.319470549933612],[758512.383349012117833,7943287.093129634857178],[759222.580958613194525,7944680.934419222176075],[760328.739669025526382,7945787.093129634857178],[761722.580958613194525,7946497.290739235468209],[763267.665930487914011,7946742.008157759904861],[764812.750902362633497,7946497.290739235468209],[766206.59219195030164,7945787.093129634857178],[767312.750902362633497,7944680.934419222176075],[768022.948511963710189,7943287.093129634857178],[768267.665930487914011,7941742.008157759904861],[768022.948511963710189,7940196.923185884952545],[767312.750902362633497,7938803.081896297633648],[766206.59219195030164,7937696.923185884952545],[764812.750902362633497,7936986.725576284341514],[763267.665930487914011,7936742.008157759904861],[763059.813283466850407,7936774.928782928735018],[763013.125722450320609,7936480.155123843811452],[762302.928112849243917,7935086.313834256492555],[761196.76940243691206,7933980.155123843811452],[759802.928112849243917,7933269.957514243200421],[758257.843140974524431,7933025.240095718763769],[756712.758169099804945,7933269.957514243200421],[755318.916879512136802,7933980.155123843811452],[754299.603230094886385,7934999.468773261643946],[754118.011935518821701,7933852.946462079882622],[753859.698625223012641,7933345.978045581839979],[754043.211456829681993,7932187.323627062141895],[753798.494038305478171,7930642.238655187189579],[753088.296428704401478,7929248.397365599870682],[751984.045427106786519,7928144.146364001557231],[751996.712390347733162,7928064.170305652543902],[751963.605103842914104,7927855.13912533596158],[752254.375660887919366,7927564.368568290956318],[752964.573270488996059,7926170.527278703637421],[752996.086165386717767,7925971.562690811231732],[753039.121027782326564,7925978.378743406385183],[753123.519241838366725,7925965.011379508301616],[753088.572477251524106,7926185.656567351892591],[753333.289895775727928,7927730.741539226844907],[754043.48750537680462,7929124.582828814163804],[755149.646215789136477,7930230.741539226844907],[756543.48750537680462,7930940.939148827455938],[758088.572477251524106,7931185.656567351892591],[759633.657449126243591,7930940.939148827455938],[761027.498738713911735,7930230.741539226844907],[762133.657449126243591,7929124.582828814163804],[762843.855058727320284,7927730.741539226844907],[763088.572477251524106,7926185.656567351892591],[762843.855058727320284,7924640.571595476940274],[762554.369577691075392,7924072.424349203705788],[763283.237094839685597,7923956.983075429685414],[763624.499784239451401,7923783.10105021763593],[763804.087791428202763,7923874.60571030434221],[765349.172763302922249,7924119.323128828778863],[766894.257735177641734,7923874.60571030434221],[768288.099024765309878,7923164.408100703731179],[769394.257735177641734,7922058.249390291050076],[769436.463543759309687,7921975.415826975367963],[769675.126978488871828,7922013.216401510871947],[770474.011723051662557,7922812.101146074011922],[771867.8530126393307,7923522.298755674622953],[773412.937984514050186,7923767.016174199059606],[774958.022956388769671,7923522.298755674622953],[776351.864245976437815,7922812.101146074011922],[777458.022956388769671,7921705.942435661330819],[778168.220565989846364,7920312.101146074011922],[778412.937984514050186,7918767.016174199059606],[778168.220565989846364,7917221.931202324107289],[777458.022956388769671,7915828.089912736788392],[776351.864245976437815,7914721.931202324107289],[775412.367988596321084,7914243.233949484303594],[775853.192764409934171,7914018.622507439926267],[776148.401301901321858,7913723.413969948887825],[777141.683495402801782,7913566.09352564625442],[778535.524784990469925,7912855.895916045643389],[778623.523795694462024,7912767.896905341185629],[778972.142427688231692,7913452.099494907073677],[780078.301138100563549,7914558.258205319754779],[781472.142427688231692,7915268.45581492036581],[783017.227399562951177,7915513.173233444802463],[784562.312371437670663,7915268.45581492036581],[785956.153661025338806,7914558.258205319754779],[787062.312371437670663,7913452.099494907073677],[787772.509981038747355,7912058.258205319754779],[788017.227399562951177,7910513.173233444802463],[787772.509981038747355,7908968.088261569850147],[787062.312371437670663,7907574.24697198253125],[785956.153661025338806,7906468.088261569850147],[784562.312371437670663,7905757.890651969239116],[783017.227399562951177,7905513.173233444802463],[781472.142427688231692,7905757.890651969239116],[780078.301138100563549,7906468.088261569850147],[779990.30212739657145,7906556.087272274307907],[779641.683495402801782,7905871.884682708419859],[778647.892988108680584,7904878.094175414182246],[778702.658591890707612,7904532.317761583253741],[778457.94117336650379,7902987.232789708301425],[777747.743563765427098,7901593.391500120982528],[776641.584853353095241,7900487.232789708301425],[775247.743563765427098,7899777.035180107690394],[774980.505780257284641,7899734.708873333409429],[774499.290360478451476,7898790.270435065031052],[774739.002978593111038,7897276.78452935628593],[774494.285560068907216,7895731.699557481333613],[773784.087950467830524,7894337.858267894014716],[772677.929240055498667,7893231.699557481333613],[772669.370557227754034,7893227.338690766133368],[772650.007535486132838,7893105.085382916964591],[773172.469609875231981,7892582.62330852728337],[773882.667219476308674,7891188.782018939964473],[774127.384638000512496,7889643.697047065012157],[773882.667219476308674,7888098.612075190059841],[773172.469609875231981,7886704.770785602740943],[772066.310899462900124,7885598.612075190059841],[770726.85261929675471,7884916.123992909677327],[770055.789646290941164,7883599.088752233423293],[769087.27624221961014,7882630.575348162092268],[769239.937029826571234,7881666.71306917630136],[768995.219611302367412,7880121.628097301349044],[768285.022001701290719,7878727.786807714030147],[767178.863291288958862,7877621.628097301349044],[765785.022001701290719,7876911.430487700738013],[765627.523802314070053,7876886.48522353824228],[766262.785278560593724,7875639.714376514777541],[766507.502697084797546,7874094.629404639825225],[766262.785278560593724,7872549.544432764872909],[765552.587668959517032,7871155.703143177554011],[764446.428958547185175,7870049.544432764872909],[763052.587668959517032,7869339.346823164261878],[761507.502697084797546,7869094.629404639825225],[759962.417725210078061,7869339.346823164261878],[758568.576435622409917,7870049.544432764872909],[757462.417725210078061,7871155.703143177554011],[756765.285834596608765,7872523.901515417732298],[756065.954743568203412,7871824.570424389094114],[754672.113453980535269,7871114.372814788483083],[753127.028482105815783,7870869.655396264046431],[751581.943510231096298,7871114.372814788483083],[750188.102220643428154,7871824.570424389094114],[749081.943510231096298,7872930.729134801775217],[748371.745900630019605,7874324.570424389094114],[748127.028482105815783,7875869.655396264046431],[748371.745900630019605,7877414.740368138998747],[749081.943510231096298,7878808.581657726317644],[750188.102220643428154,7879914.740368138998747],[751581.943510231096298,7880624.937977739609778],[753127.028482105815783,7880869.655396264046431],[754672.113453980535269,7880624.937977739609778],[756065.954743568203412,7879914.740368138998747],[757172.113453980535269,7878808.581657726317644],[757869.245344594004564,7877440.383285486139357],[758568.576435622409917,7878139.714376514777541],[759962.417725210078061,7878849.911986115388572],[760119.915924597298726,7878874.857250277884305],[759484.654448350775056,7880121.628097301349044],[759239.937029826571234,7881666.71306917630136],[759484.654448350775056,7883211.798041051253676],[760194.852057951851748,7884605.639330638572574],[761163.365462023182772,7885574.152734709903598],[761010.704674416221678,7886538.015013695694506],[761255.4220929404255,7888083.099985570646822],[761965.619702541502193,7889476.94127515796572],[762888.611037434311584,7890399.932610050775111],[762368.311663909349591,7891421.077626538462937],[762123.594245385145769,7892966.162598413415253],[762218.804863770259544,7893567.298784456215799],[761909.543716013431549,7893616.280938257463276],[760515.702426425763406,7894326.478547858074307],[759409.543716013431549,7895432.63725827075541],[758699.346106412354857,7896826.478547858074307],[758662.630611109663732,7897058.29106193780899],[758615.794075719197281,7897105.127597328275442],[757905.596466118120588,7898498.968886915594339],[757694.071675636805594,7899834.483853208832443],[756448.678035218385048,7899199.924098777584732],[754903.593063343665563,7898955.206680253148079],[753358.508091468946077,7899199.924098777584732],[752188.072144309408031,7899796.291000857949257],[750813.361627927515656,7900014.023756603710353],[750625.193087107734755,7900109.900416945107281],[750495.878907939069904,7899293.44282235018909],[749785.681298337993212,7897899.601532762870193],[748679.522587925661355,7896793.44282235018909],[748624.872161259758286,7896765.597039137966931],[748604.873899352154694,7896726.348240226507187],[748589.270760012441315,7896710.745100886560977],[748579.673111330717802,7896691.908654755912721],[747473.514400918385945,7895585.749944343231618],[746079.673111330717802,7894875.552334742620587],[744534.588139455998316,7894630.834916218183935],[742989.503167581278831,7894875.552334742620587],[741595.661877993610688,7895585.749944343231618],[740489.503167581278831,7896691.908654755912721],[739779.305557980202138,7898085.749944343231618],[739534.588139455998316,7899630.834916218183935],[739779.305557980202138,7901175.919888093136251]]],[[[728322.91040026745759,7918557.30182739533484],[729033.108009868534282,7919951.143116982653737],[730139.266720280866139,7921057.30182739533484],[731533.108009868534282,7921767.499436995945871],[733078.192981743253767,7922012.216855520382524],[734623.277953617973253,7921767.499436995945871],[736017.119243205641396,7921057.30182739533484],[737123.277953617973253,7919951.143116982653737],[737833.475563219049945,7918557.30182739533484],[738078.192981743253767,7917012.216855520382524],[737833.475563219049945,7915467.131883645430207],[737123.277953617973253,7914073.29059405811131],[736017.119243205641396,7912967.131883645430207],[734623.277953617973253,7912256.934274044819176],[733078.192981743253767,7912012.216855520382524],[731533.108009868534282,7912256.934274044819176],[730139.266720280866139,7912967.131883645430207],[729033.108009868534282,7914073.29059405811131],[728322.91040026745759,7915467.131883645430207],[728078.192981743253767,7917012.216855520382524],[728322.91040026745759,7918557.30182739533484]]],[[[722386.441682992735878,7945634.095704293809831],[722368.2019697886426,7945749.25672116316855],[722612.919388312846422,7947294.341693038120866],[723323.116997913923115,7948688.182982625439763],[724429.275708326254971,7949794.341693038120866],[725823.116997913923115,7950504.539302638731897],[727368.2019697886426,7950749.25672116316855],[728913.286941663362086,7950504.539302638731897],[729319.188861418282613,7950297.721944524906576],[729393.242075937334448,7950765.275539861060679],[730103.43968553841114,7952159.116829448379576],[731209.598395950742997,7953265.275539861060679],[732603.43968553841114,7953975.47314946167171],[734148.524657413130626,7954220.190567986108363],[735693.609629287850112,7953975.47314946167171],[737087.450918875518255,7953265.275539861060679],[738193.609629287850112,7952159.116829448379576],[738903.807238888926804,7950765.275539861060679],[739148.524657413130626,7949220.190567986108363],[738903.807238888926804,7947675.105596111156046],[738193.609629287850112,7946281.264306523837149],[737087.450918875518255,7945175.105596111156046],[735693.609629287850112,7944464.907986510545015],[734148.524657413130626,7944220.190567986108363],[732603.43968553841114,7944464.907986510545015],[732231.293105768738315,7944654.526139845140278],[732133.568134263041429,7944037.514952979981899],[731423.370524661964737,7942643.673663392663002],[730317.21181424963288,7941537.514952979981899],[728923.370524661964737,7940827.317343379370868],[727378.285552787245251,7940582.599924854934216],[725833.200580912525766,7940827.317343379370868],[724439.359291324857622,7941537.514952979981899],[723333.200580912525766,7942643.673663392663002],[722623.002971311449073,7944037.514952979981899],[722378.285552787245251,7945582.599924854934216],[722386.441682992735878,7945634.095704293809831]]],[[[718773.557617683662102,7972112.835368739441037],[718528.84019915945828,7973657.920340614393353],[718773.557617683662102,7975203.00531248934567],[719483.755227284738794,7976596.846602076664567],[720589.913937697070651,7977703.00531248934567],[721983.755227284738794,7978413.202922089956701],[723528.84019915945828,7978657.920340614393353],[725073.925171034177765,7978413.202922089956701],[726467.766460621845908,7977703.00531248934567],[726496.856056979042478,7977673.9157161321491],[726523.496100671123713,7977660.341935895383358],[727629.65481108345557,7976554.183225482702255],[728339.852420684532262,7975160.341935895383358],[728584.569839208736084,7973615.256964020431042],[728339.852420684532262,7972070.171992145478725],[727629.65481108345557,7970676.330702558159828],[726523.496100671123713,7969570.171992145478725],[725129.65481108345557,7968859.974382544867694],[723584.569839208736084,7968615.256964020431042],[722039.484867334016599,7968859.974382544867694],[720645.643577746348456,7969570.171992145478725],[720616.553981389151886,7969599.261588502675295],[720589.913937697070651,7969612.835368739441037],[719483.755227284738794,7970718.99407915212214],[718773.557617683662102,7972112.835368739441037]]],[[[725490.3671569355065,8177814.933299609459937],[725956.449821832124144,8178729.672034168615937],[725851.797435296466574,8178834.324420704506338],[725141.599825695389882,8180228.165710291825235],[724896.88240717118606,8181773.250682166777551],[725141.599825695389882,8183318.335654041729867],[725851.797435296466574,8184712.176943629048765],[726957.956145708798431,8185818.335654041729867],[728351.797435296466574,8186528.533263642340899],[729896.88240717118606,8186773.250682166777551],[731441.967379045905545,8186528.533263642340899],[732835.808668633573689,8185818.335654041729867],[732847.166463080910034,8185806.97785959392786],[732877.540662906365469,8185791.501431775279343],[732891.584727876354009,8185777.457366805523634],[733040.624838923453353,8185701.517637231387198],[733106.308321010088548,8185635.834155145101249],[733184.717178504215553,8185595.882846785709262],[734290.87588891654741,8184489.724136373028159],[735001.073498517624103,8183095.882846785709262],[735245.790917041827925,8181550.797874910756946],[735001.073498517624103,8180005.712903035804629],[734442.873928112676367,8178910.184561991132796],[735000.932319887098856,8177814.933299609459937],[735245.649738411302678,8176269.84832773450762],[735000.932319887098856,8174724.763355859555304],[734290.734710286022164,8173330.922066272236407],[733184.575999873690307,8172224.763355859555304],[731790.734710286022164,8171514.565746258944273],[730245.649738411302678,8171269.84832773450762],[728700.564766536583193,8171514.565746258944273],[727306.723476948915049,8172224.763355859555304],[726200.564766536583193,8173330.922066272236407],[725490.3671569355065,8174724.763355859555304],[725245.649738411302678,8176269.84832773450762],[725490.3671569355065,8177814.933299609459937]]],[[[740827.497549165273085,8197832.800942840054631],[741072.214967689476907,8199377.885914715006948],[741782.4125772905536,8200771.727204302325845],[742888.571287702885456,8201877.885914715006948],[744282.4125772905536,8202588.083524315617979],[745827.497549165273085,8202832.800942840054631],[747372.582521039992571,8202588.083524315617979],[748766.423810627660714,8201877.885914715006948],[749872.582521039992571,8200771.727204302325845],[750582.780130641069263,8199377.885914715006948],[750827.497549165273085,8197832.800942840054631],[750582.780130641069263,8196287.715970965102315],[749872.582521039992571,8194893.874681377783418],[748766.423810627660714,8193787.715970965102315],[747372.582521039992571,8193077.518361364491284],[745827.497549165273085,8192832.800942840054631],[744282.4125772905536,8193077.518361364491284],[742888.571287702885456,8193787.715970965102315],[741782.4125772905536,8194893.874681377783418],[741072.214967689476907,8196287.715970965102315],[740827.497549165273085,8197832.800942840054631]]],[[[721040.2763753317995,8261774.672694841399789],[721750.473984932876192,8263168.513984428718686],[722856.632695345208049,8264274.672694841399789],[724250.473984932876192,8264984.87030444201082],[725795.558956807595678,8265229.587722966447473],[727340.643928682315163,8264984.87030444201082],[728734.485218269983307,8264274.672694841399789],[729840.643928682315163,8263168.513984428718686],[730550.841538283391856,8261774.672694841399789],[730795.558956807595678,8260229.587722966447473],[730550.841538283391856,8258684.502751091495156],[729840.643928682315163,8257290.661461504176259],[728734.485218269983307,8256184.502751091495156],[727340.643928682315163,8255474.305141490884125],[725795.558956807595678,8255229.587722966447473],[724250.473984932876192,8255474.305141490884125],[722856.632695345208049,8256184.502751091495156],[721750.473984932876192,8257290.661461504176259],[721040.2763753317995,8258684.502751091495156],[720795.558956807595678,8260229.587722966447473],[721040.2763753317995,8261774.672694841399789]]],[[[745835.267043074825779,8360102.390274205245078],[746545.464652675902471,8361496.231563792563975],[747651.623363088234328,8362602.390274205245078],[749045.464652675902471,8363312.587883805856109],[750590.549624550621957,8363557.305302330292761],[752135.634596425341442,8363312.587883805856109],[753529.475886013009585,8362602.390274205245078],[754635.634596425341442,8361496.231563792563975],[755345.832206026418135,8360102.390274205245078],[755590.549624550621957,8358557.305302330292761],[755345.832206026418135,8357012.220330455340445],[754635.634596425341442,8355618.379040868021548],[753529.475886013009585,8354512.220330455340445],[752135.634596425341442,8353802.022720854729414],[750590.549624550621957,8353557.305302330292761],[749045.464652675902471,8353802.022720854729414],[747651.623363088234328,8354512.220330455340445],[746545.464652675902471,8355618.379040868021548],[745835.267043074825779,8357012.220330455340445],[745590.549624550621957,8358557.305302330292761],[745835.267043074825779,8360102.390274205245078]]],[[[754341.071662962785922,7689858.778112753294408],[755051.269272563862614,7691252.619402340613306],[756157.427982976194471,7692358.778112753294408],[757551.269272563862614,7693068.975722353905439],[759096.3542444385821,7693313.693140878342092],[760051.354899550322443,7693162.43589660897851],[759968.532603222178295,7693685.355295499786735],[760213.250021746382117,7695230.440267374739051],[760923.44763134745881,7696624.281556962057948],[762029.606341759790666,7697730.440267374739051],[763423.44763134745881,7698440.637876975350082],[764968.532603222178295,7698685.355295499786735],[766513.617575096897781,7698440.637876975350082],[767907.458864684565924,7697730.440267374739051],[769013.617575096897781,7696624.281556962057948],[769535.856296867015772,7695599.330355234444141],[770379.030822076951154,7696442.504880445078015],[770853.994732255814597,7696684.511080272495747],[769889.113127847667783,7696837.333313166163862],[768495.27183825999964,7697547.530922766774893],[767389.113127847667783,7698653.689633179455996],[766678.915518246591091,7700047.530922766774893],[766434.198099722387269,7701592.615894641727209],[766678.915518246591091,7703137.700866516679525],[767389.113127847667783,7704531.542156103998423],[768495.27183825999964,7705637.700866516679525],[769889.113127847667783,7706347.898476117290556],[771434.198099722387269,7706592.615894641727209],[772979.283071597106755,7706347.898476117290556],[774373.124361184774898,7705637.700866516679525],[775479.283071597106755,7704531.542156103998423],[776138.060260862228461,7703238.619123665615916],[776800.541401622933336,7703901.100264426320791],[776929.382109593832865,7703966.747884068638086],[776571.696242298930883,7704324.433751363307238],[775861.498632697854191,7705718.275040950626135],[775616.781214173650369,7707263.360012825578451],[775861.498632697854191,7708808.444984700530767],[776571.696242298930883,7710202.286274287849665],[777677.85495271126274,7711308.444984700530767],[779071.696242298930883,7712018.642594301141798],[780616.781214173650369,7712263.360012825578451],[782161.866186048369855,7712018.642594301141798],[783555.707475636037998,7711308.444984700530767],[784661.866186048369855,7710202.286274287849665],[785326.547185040428303,7708897.776362856850028],[785432.243060490582138,7709003.472238306887448],[786826.084350078250282,7709713.669847907498479],[788371.169321952969767,7709958.387266431935132],[789916.254293827689253,7709713.669847907498479],[791310.095583415357396,7709003.472238306887448],[792017.790497451438569,7708295.777324270457029],[792592.455167983775027,7708870.441994803026319],[793986.29645757144317,7709580.63960440363735],[795531.381429446162656,7709825.357022928074002],[797076.466401320882142,7709580.63960440363735],[798470.307690908550285,7708870.441994803026319],[799576.466401320882142,7707764.283284390345216],[800286.664010921958834,7706370.441994803026319],[800531.381429446162656,7704825.357022928074002],[800286.664010921958834,7703280.272051053121686],[799576.466401320882142,7701886.430761465802789],[798470.307690908550285,7700780.272051053121686],[797076.466401320882142,7700070.074441452510655],[795531.381429446162656,7699825.357022928074002],[793986.29645757144317,7700070.074441452510655],[792592.455167983775027,7700780.272051053121686],[791884.760253947693855,7701487.966965089552104],[791310.095583415357396,7700913.302294556982815],[789916.254293827689253,7700203.104684956371784],[788371.169321952969767,7699958.387266431935132],[786826.084350078250282,7700203.104684956371784],[785432.243060490582138,7700913.302294556982815],[784326.084350078250282,7702019.461004969663918],[783661.403351086191833,7703323.970916400663555],[783555.707475636037998,7703218.275040950626135],[783426.866767665138468,7703152.62742130830884],[783784.55263496004045,7702794.941554013639688],[784494.750244561117142,7701401.100264426320791],[784739.467663085320964,7699856.015292551368475],[784494.750244561117142,7698310.930320676416159],[783784.55263496004045,7696917.089031089097261],[782678.393924547708593,7695810.930320676416159],[781284.55263496004045,7695100.732711075805128],[780289.273618325940333,7694943.096001059748232],[780317.35261778649874,7694887.987861733883619],[780562.070036310702562,7693342.902889858931303],[780317.35261778649874,7691797.817917983978987],[779607.155008185422048,7690403.976628396660089],[778500.996297773090191,7689297.817917983978987],[777107.155008185422048,7688587.620308383367956],[776956.270580270793289,7688563.722562714479864],[777214.847557022352703,7688056.236671660095453],[777459.564975546556525,7686511.151699785143137],[777214.847557022352703,7684966.066727910190821],[776504.649947421276011,7683572.225438322871923],[775398.491237008944154,7682466.066727910190821],[774004.649947421276011,7681755.86911830957979],[772459.564975546556525,7681511.151699785143137],[770914.480003671837039,7681755.86911830957979],[769520.638714084168896,7682466.066727910190821],[768414.480003671837039,7683572.225438322871923],[767846.811905592447147,7684686.336811252869666],[766844.709085968672298,7685196.933700861409307],[766830.728785174200311,7685210.914001655764878],[766829.214540738263167,7685211.685547732748091],[765723.055830325931311,7686317.844258145429194],[765012.858220724854618,7687711.685547732748091],[764855.816528820781969,7688703.207767859101295],[764013.531948110437952,7688836.612539769150317],[764096.3542444385821,7688313.693140878342092],[763851.636825914378278,7686768.608169003389776],[763141.439216313301586,7685374.766879416070879],[762035.280505900969729,7684268.608169003389776],[760641.439216313301586,7683558.410559402778745],[759096.3542444385821,7683313.693140878342092],[757551.269272563862614,7683558.410559402778745],[756157.427982976194471,7684268.608169003389776],[755051.269272563862614,7685374.766879416070879],[754341.071662962785922,7686768.608169003389776],[754096.3542444385821,7688313.693140878342092],[754341.071662962785922,7689858.778112753294408]]],[[[755789.980787293985486,7815053.704213745892048],[756500.178396895062178,7816447.545503333210945],[757606.337107307394035,7817553.704213745892048],[759000.178396895062178,7818263.901823346503079],[760545.263368769781664,7818508.619241870939732],[762090.34834064450115,7818263.901823346503079],[763484.189630232169293,7817553.704213745892048],[764590.34834064450115,7816447.545503333210945],[765300.545950245577842,7815053.704213745892048],[765545.263368769781664,7813508.619241870939732],[765300.545950245577842,7811963.534269995987415],[764590.34834064450115,7810569.692980408668518],[763484.189630232169293,7809463.534269995987415],[762090.34834064450115,7808753.336660395376384],[760545.263368769781664,7808508.619241870939732],[759000.178396895062178,7808753.336660395376384],[757606.337107307394035,7809463.534269995987415],[756500.178396895062178,7810569.692980408668518],[755789.980787293985486,7811963.534269995987415],[755545.263368769781664,7813508.619241870939732],[755789.980787293985486,7815053.704213745892048]]],[[[761376.814969678409398,7726083.993190437555313],[762087.01257927948609,7727477.83448002487421],[763193.171289691817947,7728583.993190437555313],[764587.01257927948609,7729294.190800038166344],[766132.097551154205576,7729538.908218562602997],[767677.182523028925061,7729294.190800038166344],[769071.023812616593204,7728583.993190437555313],[770177.182523028925061,7727477.83448002487421],[770887.380132630001754,7726083.993190437555313],[771132.097551154205576,7724538.908218562602997],[770887.380132630001754,7722993.823246687650681],[770177.182523028925061,7721599.981957100331783],[769071.023812616593204,7720493.823246687650681],[767677.182523028925061,7719783.625637087039649],[766132.097551154205576,7719538.908218562602997],[764587.01257927948609,7719783.625637087039649],[763193.171289691817947,7720493.823246687650681],[762087.01257927948609,7721599.981957100331783],[761376.814969678409398,7722993.823246687650681],[761132.097551154205576,7724538.908218562602997],[761376.814969678409398,7726083.993190437555313]]],[[[763634.566790863405913,7545865.592669025063515],[764344.764400464482605,7547259.433958612382412],[765450.923110876814462,7548365.592669025063515],[766844.764400464482605,7549075.790278625674546],[768389.849372339202091,7549320.507697150111198],[769934.934344213921577,7549075.790278625674546],[771328.77563380158972,7548365.592669025063515],[772434.934344213921577,7547259.433958612382412],[773145.131953814998269,7545865.592669025063515],[773389.849372339202091,7544320.507697150111198],[773145.131953814998269,7542775.422725275158882],[772434.934344213921577,7541381.581435687839985],[771328.77563380158972,7540275.422725275158882],[769934.934344213921577,7539565.225115674547851],[768389.849372339202091,7539320.507697150111198],[766844.764400464482605,7539565.225115674547851],[765450.923110876814462,7540275.422725275158882],[764344.764400464482605,7541381.581435687839985],[763634.566790863405913,7542775.422725275158882],[763389.849372339202091,7544320.507697150111198],[763634.566790863405913,7545865.592669025063515]]],[[[765650.998462584568188,7560251.904400152154267],[766361.19607218564488,7561645.745689739473164],[767467.354782597976737,7562751.904400152154267],[768861.19607218564488,7563462.102009752765298],[770406.281044060364366,7563706.819428277201951],[771951.366015935083851,7563462.102009752765298],[773345.207305522751994,7562751.904400152154267],[774451.366015935083851,7561645.745689739473164],[775161.563625536160544,7560251.904400152154267],[775406.281044060364366,7558706.819428277201951],[775161.563625536160544,7557161.734456402249634],[774451.366015935083851,7555767.893166814930737],[773345.207305522751994,7554661.734456402249634],[771951.366015935083851,7553951.536846801638603],[770406.281044060364366,7553706.819428277201951],[768861.19607218564488,7553951.536846801638603],[767467.354782597976737,7554661.734456402249634],[766361.19607218564488,7555767.893166814930737],[765650.998462584568188,7557161.734456402249634],[765406.281044060364366,7558706.819428277201951],[765650.998462584568188,7560251.904400152154267]]],[[[770350.13394842739217,7670571.851068904623389],[770594.851366951595992,7672116.936040779575706],[771305.048976552672684,7673510.777330366894603],[772411.207686965004541,7674616.936040779575706],[773805.048976552672684,7675327.133650380186737],[775350.13394842739217,7675571.851068904623389],[776174.466028201393783,7675441.289693808183074],[775345.445012493990362,7676270.310709515586495],[774635.247402892913669,7677664.151999102905393],[774390.529984368709847,7679209.236970977857709],[774635.247402892913669,7680754.321942852810025],[775345.445012493990362,7682148.163232440128922],[776451.603722906322218,7683254.321942852810025],[777845.445012493990362,7683964.519552453421056],[779390.529984368709847,7684209.236970977857709],[780935.614956243429333,7683964.519552453421056],[782329.456245831097476,7683254.321942852810025],[783435.614956243429333,7682148.163232440128922],[783658.210735577275045,7681711.294417439028621],[784367.055208624340594,7681823.564352579414845],[785912.140180499060079,7681578.846934054978192],[787305.981470086728223,7680868.649324454367161],[788412.140180499060079,7679762.490614041686058],[789122.337790100136772,7678368.649324454367161],[789367.055208624340594,7676823.564352579414845],[789122.337790100136772,7675278.479380704462528],[788412.140180499060079,7673884.638091117143631],[787305.981470086728223,7672778.479380704462528],[785912.140180499060079,7672068.281771103851497],[784367.055208624340594,7671823.564352579414845],[782821.970236749621108,7672068.281771103851497],[781428.128947161952965,7672778.479380704462528],[780321.970236749621108,7673884.638091117143631],[780099.374457415775396,7674321.506906118243933],[779390.529984368709847,7674209.236970977857709],[778566.197904594708234,7674339.798346074298024],[779395.218920302111655,7673510.777330366894603],[780105.416529903188348,7672116.936040779575706],[780350.13394842739217,7670571.851068904623389],[780105.416529903188348,7669026.766097029671073],[779395.218920302111655,7667632.924807442352176],[778289.060209889779799,7666526.766097029671073],[776895.218920302111655,7665816.568487429060042],[775350.13394842739217,7665571.851068904623389],[773805.048976552672684,7665816.568487429060042],[772411.207686965004541,7666526.766097029671073],[771305.048976552672684,7667632.924807442352176],[770594.851366951595992,7669026.766097029671073],[770350.13394842739217,7670571.851068904623389]]],[[[783705.509087295737118,7688507.334984885528684],[784415.70669689681381,7689901.176274472847581],[785521.865407309145667,7691007.334984885528684],[786915.70669689681381,7691717.532594486139715],[788460.791668771533296,7691962.250013010576367],[790005.876640646252781,7691717.532594486139715],[791399.717930233920924,7691007.334984885528684],[792505.876640646252781,7689901.176274472847581],[793216.074250247329473,7688507.334984885528684],[793460.791668771533296,7686962.250013010576367],[793216.074250247329473,7685417.165041135624051],[792505.876640646252781,7684023.323751548305154],[791399.717930233920924,7682917.165041135624051],[790005.876640646252781,7682206.96743153501302],[788460.791668771533296,7681962.250013010576367],[786915.70669689681381,7682206.96743153501302],[785521.865407309145667,7682917.165041135624051],[784415.70669689681381,7684023.323751548305154],[783705.509087295737118,7685417.165041135624051],[783460.791668771533296,7686962.250013010576367],[783705.509087295737118,7688507.334984885528684]]],[[[775031.871330945985392,7718811.189798633567989],[775276.588749470189214,7720356.274770508520305],[775986.786359071265906,7721750.116060095839202],[777092.945069483597763,7722856.274770508520305],[778486.786359071265906,7723566.472380109131336],[780031.871330945985392,7723811.189798633567989],[781576.956302820704877,7723566.472380109131336],[782970.797592408373021,7722856.274770508520305],[784076.956302820704877,7721750.116060095839202],[784787.15391242178157,7720356.274770508520305],[785031.871330945985392,7718811.189798633567989],[784787.15391242178157,7717266.104826758615673],[784076.956302820704877,7715872.263537171296775],[782970.797592408373021,7714766.104826758615673],[781576.956302820704877,7714055.907217158004642],[780031.871330945985392,7713811.189798633567989],[778486.786359071265906,7714055.907217158004642],[777092.945069483597763,7714766.104826758615673],[775986.786359071265906,7715872.263537171296775],[775276.588749470189214,7717266.104826758615673],[775031.871330945985392,7718811.189798633567989]]],[[[784861.085314501891844,7879557.306973902508616],[785240.755024975398555,7880302.450736299157143],[785069.145380689413287,7881385.951387843117118],[785313.862799213617109,7882931.036359718069434],[786024.060408814693801,7884324.877649305388331],[787130.219119227025658,7885431.036359718069434],[788524.060408814693801,7886141.233969318680465],[790069.145380689413287,7886385.951387843117118],[791614.230352564132772,7886141.233969318680465],[793008.071642151800916,7885431.036359718069434],[794114.230352564132772,7884324.877649305388331],[794824.427962165209465,7882931.036359718069434],[795069.145380689413287,7881385.951387843117118],[794824.427962165209465,7879840.866415968164802],[794444.758251691702753,7879095.722653571516275],[794616.367895977688022,7878012.2220020275563],[794371.6504774534842,7876467.137030152603984],[793661.452867852407508,7875073.295740565285087],[792555.294157440075651,7873967.137030152603984],[791161.452867852407508,7873256.939420551992953],[789616.367895977688022,7873012.2220020275563],[788071.282924102968536,7873256.939420551992953],[786677.441634515300393,7873967.137030152603984],[785571.282924102968536,7875073.295740565285087],[784861.085314501891844,7876467.137030152603984],[784616.367895977688022,7878012.2220020275563],[784861.085314501891844,7879557.306973902508616]]],[[[783291.609218021505512,7900766.446493196301162],[783536.326636545709334,7902311.531465071253479],[784246.524246146786027,7903705.372754658572376],[785352.682956559117883,7904811.531465071253479],[786746.524246146786027,7905521.72907467186451],[787519.665085125016049,7905644.182553745806217],[787717.143948237411678,7906891.015024838037789],[788427.34155783848837,7908284.856314425356686],[789533.500268250820227,7909391.015024838037789],[790927.34155783848837,7910101.21263443864882],[791845.590549898915924,7910246.648987124674022],[791657.426346266060136,7911434.671012819744647],[791902.143764790263958,7912979.755984694696963],[792612.341374391340651,7914373.59727428201586],[793718.500084803672507,7915479.755984694696963],[795112.341374391340651,7916189.953594295307994],[796657.426346266060136,7916434.671012819744647],[798202.511318140779622,7916189.953594295307994],[799596.352607728447765,7915479.755984694696963],[800702.511318140779622,7914373.59727428201586],[801412.708927741856314,7912979.755984694696963],[801657.426346266060136,7911434.671012819744647],[801412.708927741856314,7909889.58604094479233],[800801.614758520619944,7908690.246204578317702],[802055.264784447848797,7909329.012797547504306],[803600.349756322568282,7909573.730216071940958],[805145.434728197287768,7909329.012797547504306],[806539.276017784955911,7908618.815187946893275],[807645.434728197287768,7907512.656477534212172],[808355.63233779836446,7906118.815187946893275],[808600.349756322568282,7904573.730216071940958],[808355.63233779836446,7903028.645244196988642],[807645.434728197287768,7901634.803954609669745],[806539.276017784955911,7900528.645244196988642],[805145.434728197287768,7899818.447634596377611],[803600.349756322568282,7899573.730216071940958],[802055.264784447848797,7899818.447634596377611],[800661.423494860180654,7900528.645244196988642],[799555.264784447848797,7901634.803954609669745],[799437.693112175562419,7901865.551353760994971],[798972.881940861116163,7901400.740182446315885],[797579.04065127344802,7900690.542572845704854],[796033.955679398728535,7900445.825154321268201],[794488.870707524009049,7900690.542572845704854],[794351.218692243099213,7900760.679777805693448],[794017.511501587927341,7900590.647471487522125],[793244.37066260969732,7900468.193992413580418],[793046.89179949730169,7899221.361521321348846],[792336.694189896224998,7897827.520231734029949],[791230.535479483893141,7896721.361521321348846],[789836.694189896224998,7896011.163911720737815],[788291.609218021505512,7895766.446493196301162],[786746.524246146786027,7896011.163911720737815],[785352.682956559117883,7896721.361521321348846],[784246.524246146786027,7897827.520231734029949],[783536.326636545709334,7899221.361521321348846],[783291.609218021505512,7900766.446493196301162]]],[[[778082.640024644788355,8220756.447343928739429],[778792.837634245865047,8222150.288633516058326],[779898.996344658196904,8223256.447343928739429],[781292.837634245865047,8223966.64495352935046],[782837.922606120584533,8224211.362372053787112],[784383.007577995304018,8223966.64495352935046],[785776.848867582972161,8223256.447343928739429],[786883.007577995304018,8222150.288633516058326],[787593.205187596380711,8220756.447343928739429],[787837.922606120584533,8219211.362372053787112],[787593.205187596380711,8217666.277400178834796],[786883.007577995304018,8216272.436110591515899],[785776.848867582972161,8215166.277400178834796],[784383.007577995304018,8214456.079790578223765],[782837.922606120584533,8214211.362372053787112],[781292.837634245865047,8214456.079790578223765],[779898.996344658196904,8215166.277400178834796],[778792.837634245865047,8216272.436110591515899],[778082.640024644788355,8217666.277400178834796],[777837.922606120584533,8219211.362372053787112],[778082.640024644788355,8220756.447343928739429]]],[[[778880.192185641499236,8230985.194077111780643],[779590.389795242575929,8232379.035366699099541],[780696.548505654907785,8233485.194077111780643],[782090.389795242575929,8234195.391686712391675],[783635.474767117295414,8234440.109105236828327],[785180.5597389920149,8234195.391686712391675],[786574.401028579683043,8233485.194077111780643],[787680.5597389920149,8232379.035366699099541],[788390.757348593091592,8230985.194077111780643],[788635.474767117295414,8229440.109105236828327],[788390.757348593091592,8227895.024133361876011],[787680.5597389920149,8226501.182843774557114],[786574.401028579683043,8225395.024133361876011],[785180.5597389920149,8224684.82652376126498],[783635.474767117295414,8224440.109105236828327],[782090.389795242575929,8224684.82652376126498],[780696.548505654907785,8225395.024133361876011],[779590.389795242575929,8226501.182843774557114],[778880.192185641499236,8227895.024133361876011],[778635.474767117295414,8229440.109105236828327],[778880.192185641499236,8230985.194077111780643]]],[[[777413.928303878172301,8244991.604479170404375],[777658.645722402376123,8246536.689451045356691],[778368.843332003452815,8247930.530740632675588],[779475.002042415784672,8249036.689451045356691],[780868.843332003452815,8249746.887060645967722],[782413.928303878172301,8249991.604479170404375],[783959.013275752891786,8249746.887060645967722],[785352.85456534055993,8249036.689451045356691],[786459.013275752891786,8247930.530740632675588],[787169.210885353968479,8246536.689451045356691],[787413.928303878172301,8244991.604479170404375],[787169.210885353968479,8243446.519507295452058],[786459.013275752891786,8242052.678217708133161],[785352.85456534055993,8240946.519507295452058],[783959.013275752891786,8240236.321897694841027],[782413.928303878172301,8239991.604479170404375],[780868.843332003452815,8240236.321897694841027],[779475.002042415784672,8240946.519507295452058],[778368.843332003452815,8242052.678217708133161],[777658.645722402376123,8243446.519507295452058],[777413.928303878172301,8244991.604479170404375]]],[[[776877.304161785286851,8277690.328916838392615],[777587.501771386363544,8279084.170206425711513],[778693.6604817986954,8280190.328916838392615],[780087.501771386363544,8280900.526526439003646],[781632.586743261083029,8281145.243944963440299],[783177.671715135802515,8280900.526526439003646],[784571.513004723470658,8280190.328916838392615],[785677.671715135802515,8279084.170206425711513],[786387.869324736879207,8277690.328916838392615],[786632.586743261083029,8276145.243944963440299],[786387.869324736879207,8274600.158973088487983],[785677.671715135802515,8273206.317683501169086],[784571.513004723470658,8272100.158973088487983],[783177.671715135802515,8271389.961363487876952],[781632.586743261083029,8271145.243944963440299],[780087.501771386363544,8271389.961363487876952],[778693.6604817986954,8272100.158973088487983],[777587.501771386363544,8273206.317683501169086],[776877.304161785286851,8274600.158973088487983],[776632.586743261083029,8276145.243944963440299],[776877.304161785286851,8277690.328916838392615]]],[[[780102.257025861064903,8298561.933170058764517],[780812.454635462141596,8299955.774459646083415],[780820.860528172575869,8299964.180352356284857],[780826.817742810351774,8299975.872044388204813],[781932.976453222683631,8301082.030754800885916],[783326.817742810351774,8301792.228364401496947],[784871.90271468507126,8302036.945782925933599],[786416.987686559790745,8301792.228364401496947],[787223.446293434477411,8301381.31718023493886],[787613.989629979128949,8301771.860516780056059],[789007.830919566797093,8302482.05812638066709],[790552.915891441516578,8302726.775544905103743],[792098.000863316236064,8302482.05812638066709],[793491.842152903904207,8301771.860516780056059],[794598.000863316236064,8300665.701806367374957],[795308.198472917312756,8299271.860516780056059],[795552.915891441516578,8297726.775544905103743],[795308.198472917312756,8296181.690573030151427],[794598.000863316236064,8294787.84928344283253],[793491.842152903904207,8293681.690573030151427],[792098.000863316236064,8292971.492963429540396],[790552.915891441516578,8292726.775544905103743],[789007.830919566797093,8292971.492963429540396],[788205.171173715498298,8293380.468531224876642],[787796.46586879924871,8292971.763226308859885],[786402.624579211580567,8292261.565616708248854],[784857.539607336861081,8292016.848198183812201],[783312.454635462141596,8292261.565616708248854],[781918.613345874473453,8292971.763226308859885],[780812.454635462141596,8294077.921936721540987],[780102.257025861064903,8295471.763226308859885],[779857.539607336861081,8297016.848198183812201],[780102.257025861064903,8298561.933170058764517]]],[[[813871.173276652349159,7569690.080450020730495],[814581.370886253425851,7571083.921739608049393],[815687.529596665757708,7572190.080450020730495],[817081.370886253425851,7572900.278059621341527],[818626.455858128145337,7573144.995478145778179],[820171.540830002864823,7572900.278059621341527],[821565.382119590532966,7572190.080450020730495],[822671.540830002864823,7571083.921739608049393],[823381.738439603941515,7569690.080450020730495],[823626.455858128145337,7568144.995478145778179],[823381.738439603941515,7566599.910506270825863],[822671.540830002864823,7565206.069216683506966],[821565.382119590532966,7564099.910506270825863],[820171.540830002864823,7563389.712896670214832],[818626.455858128145337,7563144.995478145778179],[817081.370886253425851,7563389.712896670214832],[815687.529596665757708,7564099.910506270825863],[814581.370886253425851,7565206.069216683506966],[813871.173276652349159,7566599.910506270825863],[813626.455858128145337,7568144.995478145778179],[813871.173276652349159,7569690.080450020730495]]],[[[824594.825270136119798,7603763.660047958604991],[824839.54268866032362,7605308.745019833557308],[825549.740298261400312,7606702.586309420876205],[826655.899008673732169,7607808.745019833557308],[828049.740298261400312,7608518.942629434168339],[829594.825270136119798,7608763.660047958604991],[831139.910242010839283,7608518.942629434168339],[832533.751531598507427,7607808.745019833557308],[833639.910242010839283,7606702.586309420876205],[834350.107851611915976,7605308.745019833557308],[834594.825270136119798,7603763.660047958604991],[834350.107851611915976,7602218.575076083652675],[833639.910242010839283,7600824.733786496333778],[832533.751531598507427,7599718.575076083652675],[831139.910242010839283,7599008.377466483041644],[829594.825270136119798,7598763.660047958604991],[828049.740298261400312,7599008.377466483041644],[826655.899008673732169,7599718.575076083652675],[825549.740298261400312,7600824.733786496333778],[824839.54268866032362,7602218.575076083652675],[824594.825270136119798,7603763.660047958604991]]],[[[815824.827735905186273,7614257.132179604843259],[816069.545154429390095,7615802.217151479795575],[816779.742764030466788,7617196.058441067114472],[817885.901474442798644,7618302.217151479795575],[819279.742764030466788,7619012.414761080406606],[820824.827735905186273,7619257.132179604843259],[822369.912707779905759,7619012.414761080406606],[823763.753997367573902,7618302.217151479795575],[824869.912707779905759,7617196.058441067114472],[825580.110317380982451,7615802.217151479795575],[825824.827735905186273,7614257.132179604843259],[825580.110317380982451,7612712.047207729890943],[824869.912707779905759,7611318.205918142572045],[823763.753997367573902,7610212.047207729890943],[822369.912707779905759,7609501.849598129279912],[820824.827735905186273,7609257.132179604843259],[819279.742764030466788,7609501.849598129279912],[817885.901474442798644,7610212.047207729890943],[816779.742764030466788,7611318.205918142572045],[816069.545154429390095,7612712.047207729890943],[815824.827735905186273,7614257.132179604843259]]],[[[835698.382967638084665,7629877.714043015614152],[836408.580577239161357,7631271.555332602933049],[837514.739287651493214,7632377.714043015614152],[838908.580577239161357,7633087.911652616225183],[840453.665549113880843,7633332.629071140661836],[841998.750520988600329,7633087.911652616225183],[843392.591810576268472,7632377.714043015614152],[844498.750520988600329,7631271.555332602933049],[845208.948130589677021,7629877.714043015614152],[845453.665549113880843,7628332.629071140661836],[845208.948130589677021,7626787.544099265709519],[844498.750520988600329,7625393.702809678390622],[843392.591810576268472,7624287.544099265709519],[841998.750520988600329,7623577.346489665098488],[840453.665549113880843,7623332.629071140661836],[838908.580577239161357,7623577.346489665098488],[837514.739287651493214,7624287.544099265709519],[836408.580577239161357,7625393.702809678390622],[835698.382967638084665,7626787.544099265709519],[835453.665549113880843,7628332.629071140661836],[835698.382967638084665,7629877.714043015614152]]],[[[816983.883457463700324,7640004.692759678699076],[815590.042167876032181,7640714.890369279310107],[814483.883457463700324,7641821.04907969199121],[813773.685847862623632,7643214.890369279310107],[813528.96842933841981,7644759.975341154262424],[813773.685847862623632,7646305.06031302921474],[813926.399792041862383,7646604.778304212726653],[813298.44035984040238,7646284.816992255859077],[811753.355387965682894,7646040.099573731422424],[810208.270416090963408,7646284.816992255859077],[808814.429126503295265,7646995.014601856470108],[807708.270416090963408,7648101.173312269151211],[806998.072806489886716,7649495.014601856470108],[806753.355387965682894,7651040.099573731422424],[806998.072806489886716,7652585.184545606374741],[807708.270416090963408,7653979.025835193693638],[808814.429126503295265,7655085.184545606374741],[810208.270416090963408,7655795.382155206985772],[811753.355387965682894,7656040.099573731422424],[813298.44035984040238,7655795.382155206985772],[814692.281649428070523,7655085.184545606374741],[815798.44035984040238,7653979.025835193693638],[816508.637969441479072,7652585.184545606374741],[816753.355387965682894,7651040.099573731422424],[816508.637969441479072,7649495.014601856470108],[816355.92402526224032,7649195.296610672958195],[816983.883457463700324,7649515.257922629825771],[818528.96842933841981,7649759.975341154262424],[820074.053401213139296,7649515.257922629825771],[821467.894690800807439,7648805.06031302921474],[821563.039868746418506,7648709.915135083720088],[821455.796262001036666,7648920.392564330250025],[821211.078843476832844,7650465.477536205202341],[821455.796262001036666,7652010.562508080154657],[822165.993871602113359,7653404.403797667473555],[823272.152582014445215,7654510.562508080154657],[824665.993871602113359,7655220.760117680765688],[826211.078843476832844,7655465.477536205202341],[827756.16381535155233,7655220.760117680765688],[829150.005104939220473,7654510.562508080154657],[830116.428585341665894,7653544.139027677476406],[830051.34922801842913,7653955.033918551169336],[830296.066646542632952,7655500.118890426121652],[831006.264256143709645,7656893.960180013440549],[832112.422966556041501,7658000.118890426121652],[833506.264256143709645,7658710.316500026732683],[835051.34922801842913,7658955.033918551169336],[836596.434199893148616,7658710.316500026732683],[837990.275489480816759,7658000.118890426121652],[839096.434199893148616,7656893.960180013440549],[839806.631809494225308,7655500.118890426121652],[840051.34922801842913,7653955.033918551169336],[839993.689714972046204,7653590.986080719158053],[841141.737599532818422,7654175.945695140399039],[842686.822571407537907,7654420.663113664835691],[844231.907543282257393,7654175.945695140399039],[844747.156859640148468,7653913.413055622018874],[845403.949847675277852,7654570.206043656915426],[846797.791137262945995,7655280.403653257526457],[848342.87610913766548,7655525.12107178196311],[849887.961081012384966,7655280.403653257526457],[851281.802370600053109,7654570.206043656915426],[852387.961081012384966,7653464.047333244234324],[853098.158690613461658,7652070.206043656915426],[853342.87610913766548,7650525.12107178196311],[853098.158690613461658,7648980.036099907010794],[852387.961081012384966,7647586.194810319691896],[851281.802370600053109,7646480.036099907010794],[849887.961081012384966,7645769.838490306399763],[848342.87610913766548,7645525.12107178196311],[847342.71051969693508,7645683.531738897785544],[847287.403398221358657,7645334.336316908709705],[846577.205788620281965,7643940.495027321390808],[845471.047078207950108,7642834.336316908709705],[844077.205788620281965,7642124.138707308098674],[842532.120816745562479,7641879.421288783662021],[840987.035844870842993,7642124.138707308098674],[839593.19455528317485,7642834.336316908709705],[838487.035844870842993,7643940.495027321390808],[837776.838235269766301,7645334.336316908709705],[837532.120816745562479,7646879.421288783662021],[837776.838235269766301,7648424.506260658614337],[837828.5300677329069,7648525.957194099202752],[837686.822571407537907,7649420.663113664835691],[837744.482084453920834,7649784.710951496846974],[836596.434199893148616,7649199.751337075605989],[835051.34922801842913,7648955.033918551169336],[833506.264256143709645,7649199.751337075605989],[832112.422966556041501,7649909.94894667621702],[831145.999486153596081,7650876.372427078895271],[831211.078843476832844,7650465.477536205202341],[830966.361424952629022,7648920.392564330250025],[830256.16381535155233,7647526.551274742931128],[829150.005104939220473,7646420.392564330250025],[827836.601520216092467,7645751.180012457072735],[828627.531183445593342,7644960.250349227339029],[829337.728793046670035,7643566.409059640020132],[829582.446211570873857,7642021.324087765067816],[829337.728793046670035,7640476.239115890115499],[828627.531183445593342,7639082.397826302796602],[827521.372473033261485,7637976.239115890115499],[826127.531183445593342,7637266.041506289504468],[824582.446211570873857,7637021.324087765067816],[823037.361239696154371,7637266.041506289504468],[821643.519950108486228,7637976.239115890115499],[820537.361239696154371,7639082.397826302796602],[820067.923211081302725,7640003.721832945942879],[818528.96842933841981,7639759.975341154262424],[816983.883457463700324,7640004.692759678699076]]],[[[825684.987289608106948,7665312.65762890689075],[826395.184899209183641,7666706.498918494209647],[827501.343609621515498,7667812.65762890689075],[828895.184899209183641,7668522.855238507501781],[830440.269871083903126,7668767.572657031938434],[831985.354842958622612,7668522.855238507501781],[833379.196132546290755,7667812.65762890689075],[834485.354842958622612,7666706.498918494209647],[835195.552452559699304,7665312.65762890689075],[835440.269871083903126,7663767.572657031938434],[835195.552452559699304,7662222.487685156986117],[834485.354842958622612,7660828.64639556966722],[833379.196132546290755,7659722.487685156986117],[831985.354842958622612,7659012.290075556375086],[830440.269871083903126,7658767.572657031938434],[828895.184899209183641,7659012.290075556375086],[827501.343609621515498,7659722.487685156986117],[826395.184899209183641,7660828.64639556966722],[825684.987289608106948,7662222.487685156986117],[825440.269871083903126,7663767.572657031938434],[825684.987289608106948,7665312.65762890689075]]],[[[804643.147145151393488,7664065.262841348536313],[803098.062173276674002,7664309.980259872972965],[801704.220883689005859,7665020.177869473583996],[800759.127009106916375,7665965.27174405567348],[800612.834926130133681,7665041.619883576408029],[799902.637316529056989,7663647.778593989089131],[798796.478606116725132,7662541.619883576408029],[797402.637316529056989,7661831.422273975796998],[795857.552344654337503,7661586.704855451360345],[794312.467372779618017,7661831.422273975796998],[792918.626083191949874,7662541.619883576408029],[791812.467372779618017,7663647.778593989089131],[791102.269763178541325,7665041.619883576408029],[790857.552344654337503,7666586.704855451360345],[791102.269763178541325,7668131.789827326312661],[791812.467372779618017,7669525.631116913631558],[792918.626083191949874,7670631.789827326312661],[794312.467372779618017,7671341.987436926923692],[795857.552344654337503,7671586.704855451360345],[797402.637316529056989,7671341.987436926923692],[798796.478606116725132,7670631.789827326312661],[799741.572480698814616,7669686.695952744223177],[799887.86456367559731,7670610.347813223488629],[800598.062173276674002,7672004.189102810807526],[801198.948371664038859,7672605.075301198288798],[800210.297543180407956,7672448.488393052481115],[798665.212571305688471,7672693.205811576917768],[797271.371281718020327,7673403.403421177528799],[796165.212571305688471,7674509.562131590209901],[795455.014961704611778,7675903.403421177528799],[795210.297543180407956,7677448.488393052481115],[795455.014961704611778,7678993.573364927433431],[796165.212571305688471,7680387.414654514752328],[797271.371281718020327,7681493.573364927433431],[798665.212571305688471,7682203.770974528044462],[800210.297543180407956,7682448.488393052481115],[801166.614412609604187,7682297.022680914960802],[800833.541060383548029,7682630.09603314101696],[800123.343450782471336,7684023.937322728335857],[799878.626032258267514,7685569.022294603288174],[800123.343450782471336,7687114.10726647824049],[800833.541060383548029,7688507.948556065559387],[801939.699770795879886,7689614.10726647824049],[803333.541060383548029,7690324.304876078851521],[804878.626032258267514,7690569.022294603288174],[806423.711004132987,7690324.304876078851521],[807817.552293720655143,7689614.10726647824049],[808923.711004132987,7688507.948556065559387],[809633.908613734063692,7687114.10726647824049],[809878.626032258267514,7685569.022294603288174],[809633.908613734063692,7684023.937322728335857],[808923.711004132987,7682630.09603314101696],[807817.552293720655143,7681523.937322728335857],[806423.711004132987,7680813.739713127724826],[804878.626032258267514,7680569.022294603288174],[803922.309162829071283,7680720.488006740808487],[804255.382515055127442,7680387.414654514752328],[804965.580124656204134,7678993.573364927433431],[805210.297543180407956,7677448.488393052481115],[804965.580124656204134,7675903.403421177528799],[804255.382515055127442,7674509.562131590209901],[803654.496316667762585,7673908.675933202728629],[804643.147145151393488,7674065.262841348536313],[806188.232117026112974,7673820.54542282409966],[807582.073406613781117,7673110.347813223488629],[808688.232117026112974,7672004.189102810807526],[809398.429726627189666,7670610.347813223488629],[809463.668048469349742,7670198.449259878136218],[809604.057617774582468,7670338.838829183019698],[810997.898907362250611,7671049.036438783630729],[811319.252046972047538,7671099.93377594742924],[811336.896228887140751,7671108.923935668542981],[812881.981200761860237,7671353.641354192979634],[814427.066172636579722,7671108.923935668542981],[815820.907462224247865,7670398.72632606793195],[816927.066172636579722,7669292.567615655250847],[817637.263782237656415,7667898.72632606793195],[817881.981200761860237,7666353.641354192979634],[817637.263782237656415,7664808.556382318027318],[816927.066172636579722,7663414.71509273070842],[815820.907462224247865,7662308.556382318027318],[814427.066172636579722,7661598.358772717416286],[814105.713033026782796,7661547.461435553617775],[814088.068851111689582,7661538.471275832504034],[812542.983879236970097,7661293.753857308067381],[810997.898907362250611,7661538.471275832504034],[809604.057617774582468,7662248.668885433115065],[808497.898907362250611,7663354.827595845796168],[807787.701297761173919,7664748.668885433115065],[807722.462975919013843,7665160.567438778467476],[807582.073406613781117,7665020.177869473583996],[806188.232117026112974,7664309.980259872972965],[804643.147145151393488,7664065.262841348536313]]],[[[831593.294706332497299,7677430.280795606784523],[830199.453416744829156,7678140.478405207395554],[829932.629827821278013,7678407.301994130946696],[829868.8874023942044,7678282.200440341606736],[828762.728691981872544,7677176.041729928925633],[827368.8874023942044,7676465.844120328314602],[825823.802430519484915,7676221.12670180387795],[824278.717458644765429,7676465.844120328314602],[822884.876169057097286,7677176.041729928925633],[821778.717458644765429,7678282.200440341606736],[821068.519849043688737,7679676.041729928925633],[820823.802430519484915,7681221.12670180387795],[821068.519849043688737,7682766.211673678830266],[821734.925130019313656,7684074.105679045431316],[821236.190500279190019,7685052.927502832375467],[820991.473081754986197,7686598.012474707327783],[821236.190500279190019,7688143.097446582280099],[821946.388109880266711,7689536.938736169598997],[823052.546820292598568,7690643.097446582280099],[823239.657225715112872,7690738.434960010461509],[823220.272189834737219,7690860.827259661629796],[823464.989608358941041,7692405.912231536582112],[824175.187217960017733,7693799.75352112390101],[825281.34592837234959,7694905.912231536582112],[826675.187217960017733,7695616.109841137193143],[828220.272189834737219,7695860.827259661629796],[828459.674819135456346,7695822.909608207643032],[828661.874478628626093,7697099.548014599829912],[829372.072088229702786,7698493.389304187148809],[830478.230798642034642,7699599.548014599829912],[831872.072088229702786,7700309.745624200440943],[833417.157060104422271,7700554.463042724877596],[834962.242031979141757,7700309.745624200440943],[835459.456266458611935,7700056.40231788251549],[835332.824212660663761,7700855.925639355555177],[835577.541631184867583,7702401.010611230507493],[836287.739240785944276,7703794.85190081782639],[836295.530733963474631,7703802.643393995240331],[835923.700548542896286,7703613.18645163346082],[834378.6155766681768,7703368.469033109024167],[832833.530604793457314,7703613.18645163346082],[831439.689315205789171,7704323.384061234071851],[830333.530604793457314,7705429.542771646752954],[829623.332995192380622,7706823.384061234071851],[829378.6155766681768,7708368.469033109024167],[829623.332995192380622,7709913.554004983976483],[830333.530604793457314,7711307.395294571295381],[831439.689315205789171,7712413.554004983976483],[832833.530604793457314,7713123.751614584587514],[834378.6155766681768,7713368.469033109024167],[835923.700548542896286,7713123.751614584587514],[837317.541838130564429,7712413.554004983976483],[838423.700548542896286,7711307.395294571295381],[839133.898158143972978,7709913.554004983976483],[839378.6155766681768,7708368.469033109024167],[839133.898158143972978,7706823.384061234071851],[838423.700548542896286,7705429.542771646752954],[838415.90905536536593,7705421.751278469339013],[838787.739240785944276,7705611.208220831118524],[840332.824212660663761,7705855.925639355555177],[841877.909184535383247,7705611.208220831118524],[843271.75047412305139,7704901.010611230507493],[844377.909184535383247,7703794.85190081782639],[845088.106794136459939,7702401.010611230507493],[845332.824212660663761,7700855.925639355555177],[845088.106794136459939,7699310.84066748060286],[844377.909184535383247,7697916.999377893283963],[843271.75047412305139,7696810.84066748060286],[841877.909184535383247,7696100.643057879991829],[840332.824212660663761,7695855.925639355555177],[838787.739240785944276,7696100.643057879991829],[838290.525006306474097,7696353.986364197917283],[838417.157060104422271,7695554.463042724877596],[838172.439641580218449,7694009.37807084992528],[837462.242031979141757,7692615.536781262606382],[836356.0833215668099,7691509.37807084992528],[834962.242031979141757,7690799.180461249314249],[833417.157060104422271,7690554.463042724877596],[833177.754430803703144,7690592.38069417886436],[832975.554771310533397,7689315.74228778667748],[832685.060982416034676,7688745.616125918924809],[834048.389465005719103,7688050.965568019077182],[835154.54817541805096,7686944.806857606396079],[835322.459849298000336,7686615.261642452329397],[835983.272009049775079,7686278.561029723845422],[835988.503933259751648,7686311.594099129550159],[836698.70154286082834,7687705.435388716869056],[837804.860253273160197,7688811.594099129550159],[838753.553025237983093,7689294.97721019666642],[838639.435035655507818,7689518.946375418454409],[838394.717617131303996,7691064.031347293406725],[838639.435035655507818,7692609.116319168359041],[839349.63264525658451,7694002.957608755677938],[839558.39027673995588,7694211.715240239165723],[839569.436045724200085,7694233.393782489001751],[840675.594756136531942,7695339.552492901682854],[842069.436045724200085,7696049.750102502293885],[843614.52101759891957,7696294.467521026730537],[845159.605989473639056,7696049.750102502293885],[846553.447279061307199,7695339.552492901682854],[847659.605989473639056,7694233.393782489001751],[848369.803599074715748,7692839.552492901682854],[848614.52101759891957,7691294.467521026730537],[848369.803599074715748,7689749.382549151778221],[847659.605989473639056,7688355.541259564459324],[847450.848357990267687,7688146.783628080971539],[847439.802589006023481,7688125.105085831135511],[846333.643878593691625,7687018.946375418454409],[845384.951106628868729,7686535.563264351338148],[845499.069096211344004,7686311.594099129550159],[845743.786514735547826,7684766.509127254597843],[845499.069096211344004,7683221.424155379645526],[844788.871486610267311,7681827.582865792326629],[843682.712776197935455,7680721.424155379645526],[843082.486123249982484,7680415.593400238081813],[843271.882775328238495,7679219.790001303888857],[843027.165356804034673,7677674.705029428936541],[842316.96774720295798,7676280.863739841617644],[841210.809036790626124,7675174.705029428936541],[839816.96774720295798,7674464.50741982832551],[838271.882775328238495,7674219.790001303888857],[836726.797803453519009,7674464.50741982832551],[835332.956513865850866,7675174.705029428936541],[834226.797803453519009,7676280.863739841617644],[833718.975691493717022,7677277.520751701667905],[833138.379678207216784,7677185.56337708234787],[831593.294706332497299,7677430.280795606784523]]],[[[801024.049377021263354,7701066.459397930651903],[801734.246986622340046,7702460.3006875179708],[802840.405697034671903,7703566.459397930651903],[804234.246986622340046,7704276.657007531262934],[805779.331958497059532,7704521.374426055699587],[807324.416930371779017,7704276.657007531262934],[808718.25821995944716,7703566.459397930651903],[809824.416930371779017,7702460.3006875179708],[810534.614539972855709,7701066.459397930651903],[810779.331958497059532,7699521.374426055699587],[810534.614539972855709,7697976.289454180747271],[809824.416930371779017,7696582.448164593428373],[808718.25821995944716,7695476.289454180747271],[807324.416930371779017,7694766.09184458013624],[805779.331958497059532,7694521.374426055699587],[804234.246986622340046,7694766.09184458013624],[802840.405697034671903,7695476.289454180747271],[801734.246986622340046,7696582.448164593428373],[801024.049377021263354,7697976.289454180747271],[800779.331958497059532,7699521.374426055699587],[801024.049377021263354,7701066.459397930651903]]],[[[817254.105522525380366,7711027.437739849090576],[817964.303132126457058,7712421.279029436409473],[819070.461842538788915,7713527.437739849090576],[820464.303132126457058,7714237.635349449701607],[822009.388104001176544,7714482.35276797413826],[823554.473075875896029,7714237.635349449701607],[824948.314365463564172,7713527.437739849090576],[826054.473075875896029,7712421.279029436409473],[826764.670685476972722,7711027.437739849090576],[827009.388104001176544,7709482.35276797413826],[826764.670685476972722,7707937.267796099185944],[826054.473075875896029,7706543.426506511867046],[824948.314365463564172,7705437.267796099185944],[823554.473075875896029,7704727.070186498574913],[822009.388104001176544,7704482.35276797413826],[820464.303132126457058,7704727.070186498574913],[819070.461842538788915,7705437.267796099185944],[817964.303132126457058,7706543.426506511867046],[817254.105522525380366,7707937.267796099185944],[817009.388104001176544,7709482.35276797413826],[817254.105522525380366,7711027.437739849090576]]],[[[805892.134478556225076,7715540.349751742556691],[806136.851897080428898,7717085.434723617509007],[806847.049506681505591,7718479.276013204827905],[807953.208217093837447,7719585.434723617509007],[809347.049506681505591,7720295.632333218120039],[810892.134478556225076,7720540.349751742556691],[812437.219450430944562,7720295.632333218120039],[813831.060740018612705,7719585.434723617509007],[814937.219450430944562,7718479.276013204827905],[815647.417060032021254,7717085.434723617509007],[815892.134478556225076,7715540.349751742556691],[815647.417060032021254,7713995.264779867604375],[814937.219450430944562,7712601.423490280285478],[813831.060740018612705,7711495.264779867604375],[812437.219450430944562,7710785.067170266993344],[810892.134478556225076,7710540.349751742556691],[809347.049506681505591,7710785.067170266993344],[807953.208217093837447,7711495.264779867604375],[806847.049506681505591,7712601.423490280285478],[806136.851897080428898,7713995.264779867604375],[805892.134478556225076,7715540.349751742556691]]],[[[790435.82109529688023,7717846.688876951113343],[791146.018704897956923,7719240.53016653843224],[792252.177415310288779,7720346.688876951113343],[793646.018704897956923,7721056.886486551724374],[795191.103676772676408,7721301.603905076161027],[796736.188648647395894,7721056.886486551724374],[798130.029938235064037,7720346.688876951113343],[799236.188648647395894,7719240.53016653843224],[799946.386258248472586,7717846.688876951113343],[800191.103676772676408,7716301.603905076161027],[799946.386258248472586,7714756.518933201208711],[799236.188648647395894,7713362.677643613889813],[798130.029938235064037,7712256.518933201208711],[796736.188648647395894,7711546.32132360059768],[795191.103676772676408,7711301.603905076161027],[793646.018704897956923,7711546.32132360059768],[792252.177415310288779,7712256.518933201208711],[791146.018704897956923,7713362.677643613889813],[790435.82109529688023,7714756.518933201208711],[790191.103676772676408,7716301.603905076161027],[790435.82109529688023,7717846.688876951113343]]],[[[831743.22902968688868,7724220.988123390823603],[830198.144057812169194,7724465.705541915260255],[828804.302768224501051,7725175.903151515871286],[827698.144057812169194,7726282.061861928552389],[826987.946448211092502,7727675.903151515871286],[826743.22902968688868,7729220.988123390823603],[826987.946448211092502,7730766.073095265775919],[827698.144057812169194,7732159.914384853094816],[828804.302768224501051,7733266.073095265775919],[830198.144057812169194,7733976.27070486638695],[831743.22902968688868,7734220.988123390823603],[833288.314001561608166,7733976.27070486638695],[834682.155291149276309,7733266.073095265775919],[835788.314001561608166,7732159.914384853094816],[836174.496481569833122,7731401.988592547364533],[836273.260095743113197,7731452.311167452484369],[837818.345067617832683,7731697.028585976921022],[839363.430039492552169,7731452.311167452484369],[840757.271329080220312,7730742.113557851873338],[841863.430039492552169,7729635.954847439192235],[842573.627649093628861,7728242.113557851873338],[842818.345067617832683,7726697.028585976921022],[842573.627649093628861,7725151.943614101968706],[841863.430039492552169,7723758.102324514649808],[840757.271329080220312,7722651.943614101968706],[839363.430039492552169,7721941.746004501357675],[837818.345067617832683,7721697.028585976921022],[836273.260095743113197,7721941.746004501357675],[834879.418806155445054,7722651.943614101968706],[833773.260095743113197,7723758.102324514649808],[833387.077615734888241,7724516.028116820380092],[833288.314001561608166,7724465.705541915260255],[831743.22902968688868,7724220.988123390823603]]],[[[807179.244703936041333,7727549.025986881926656],[807423.962122460245155,7729094.110958756878972],[808134.159732061321847,7730487.952248344197869],[808301.41043866192922,7730655.202954945154488],[807863.637923196307383,7731092.975470410659909],[806544.989782840828411,7730421.090683971531689],[804999.904810966108926,7730176.373265447095037],[803454.81983909138944,7730421.090683971531689],[802060.978549503721297,7731131.28829357214272],[800954.81983909138944,7732237.447003984823823],[800244.622229490312748,7733631.28829357214272],[799999.904810966108926,7735176.373265447095037],[800244.622229490312748,7736721.458237322047353],[800954.81983909138944,7738115.29952690936625],[802060.978549503721297,7739221.458237322047353],[803454.81983909138944,7739931.655846922658384],[804999.904810966108926,7740176.373265447095037],[806544.989782840828411,7739931.655846922658384],[807938.831072428496554,7739221.458237322047353],[808418.291223139618523,7738741.998086610808969],[809736.93936349498108,7739413.882873049937189],[811282.024335369700566,7739658.600291574373841],[812827.109307244420052,7739413.882873049937189],[814220.950596832088195,7738703.685263449326158],[815327.109307244420052,7737597.526553036645055],[816037.306916845496744,7736203.685263449326158],[816282.024335369700566,7734658.600291574373841],[816037.306916845496744,7733113.515319699421525],[815327.109307244420052,7731719.674030112102628],[815159.858600643812679,7731552.423323511146009],[816224.329675810760818,7730487.952248344197869],[816934.527285411837511,7729094.110958756878972],[817179.244703936041333,7727549.025986881926656],[816934.527285411837511,7726003.941015006974339],[816224.329675810760818,7724610.099725419655442],[815118.170965398428962,7723503.941015006974339],[813724.329675810760818,7722793.743405406363308],[812179.244703936041333,7722549.025986881926656],[810634.159732061321847,7722793.743405406363308],[809240.318442473653704,7723503.941015006974339],[808134.159732061321847,7724610.099725419655442],[807423.962122460245155,7726003.941015006974339],[807179.244703936041333,7727549.025986881926656]]],[[[828161.618277192348614,7745315.786368425935507],[828871.815886793425307,7746709.627658013254404],[829977.974597205757163,7747815.786368425935507],[831371.815886793425307,7748525.983978026546538],[832916.900858668144792,7748770.701396550983191],[834461.985830542864278,7748525.983978026546538],[835455.671121269231662,7748019.676033613272011],[834946.465853219036944,7749019.047642147168517],[834701.748434694833122,7750564.132614022120833],[834946.465853219036944,7752109.21758589707315],[835656.663462820113637,7753503.058875484392047],[836762.822173232445493,7754609.21758589707315],[838156.663462820113637,7755319.415195497684181],[839701.748434694833122,7755564.132614022120833],[841246.833406569552608,7755319.415195497684181],[842640.674696157220751,7754609.21758589707315],[843746.833406569552608,7753503.058875484392047],[844457.0310161706293,7752109.21758589707315],[844701.748434694833122,7750564.132614022120833],[844457.0310161706293,7749019.047642147168517],[843746.833406569552608,7747625.20635255984962],[843356.034195516142063,7747234.407141506671906],[844876.218684619991109,7746993.633572009392083],[846270.059974207659252,7746283.435962408781052],[847376.218684619991109,7745177.277251996099949],[848086.416294221067801,7743783.435962408781052],[848331.133712745271623,7742238.350990533828735],[848086.416294221067801,7740693.266018658876419],[847376.218684619991109,7739299.424729071557522],[846270.059974207659252,7738193.266018658876419],[844876.218684619991109,7737483.068409058265388],[843331.133712745271623,7737238.350990533828735],[841786.048740870552137,7737483.068409058265388],[840392.207451282883994,7738193.266018658876419],[839286.048740870552137,7739299.424729071557522],[838575.851131269475445,7740693.266018658876419],[838331.133712745271623,7742238.350990533828735],[838575.851131269475445,7743783.435962408781052],[839286.048740870552137,7745177.277251996099949],[839676.847951923962682,7745568.076463049277663],[838156.663462820113637,7745808.850032546557486],[837162.978172093746252,7746315.157976959832013],[837672.18344014394097,7745315.786368425935507],[837916.900858668144792,7743770.701396550983191],[837672.18344014394097,7742225.616424676030874],[836961.985830542864278,7740831.775135088711977],[835855.827120130532421,7739725.616424676030874],[834461.985830542864278,7739015.418815075419843],[832916.900858668144792,7738770.701396550983191],[831371.815886793425307,7739015.418815075419843],[829977.974597205757163,7739725.616424676030874],[828871.815886793425307,7740831.775135088711977],[828161.618277192348614,7742225.616424676030874],[827916.900858668144792,7743770.701396550983191],[828161.618277192348614,7745315.786368425935507]]],[[[836182.979703197255731,7898902.382153012789786],[836174.702195797814056,7898918.627675994299352],[836087.698058290174231,7899005.631813501939178],[835377.500448689097539,7900399.473103089258075],[835132.783030164893717,7901944.558074964210391],[835377.500448689097539,7903489.643046839162707],[835378.79786496667657,7903492.18936965521425],[835378.838281908771023,7903492.44455218501389],[836089.035891509847715,7904886.285841772332788],[837195.194601922179572,7905992.44455218501389],[838589.035891509847715,7906702.642161785624921],[840134.120863384567201,7906947.359580310061574],[841679.205835259286687,7906702.642161785624921],[843073.04712484695483,7905992.44455218501389],[844179.205835259286687,7904886.285841772332788],[844191.783460454898886,7904861.600862429477274],[844273.149646946694702,7904780.234675937332213],[844362.551874443423003,7904604.77292503695935],[844426.928988056490198,7904540.395811423659325],[845137.12659765756689,7903146.554521836340427],[845381.844016181770712,7901601.469549961388111],[845137.12659765756689,7900056.384578086435795],[844426.928988056490198,7898662.543288499116898],[843320.770277644158341,7897556.384578086435795],[841926.928988056490198,7896846.186968485824764],[840381.844016181770712,7896601.469549961388111],[838836.759044307051226,7896846.186968485824764],[837442.917754719383083,7897556.384578086435795],[836336.759044307051226,7898662.543288499116898],[836247.356816810322925,7898838.00503939948976],[836182.979703197255731,7898902.382153012789786]]],[[[808419.870057789841667,7909480.556866835802794],[809130.067667390918359,7910874.398156423121691],[810236.226377803250216,7911980.556866835802794],[811630.067667390918359,7912690.754476436413825],[813175.152639265637845,7912935.471894960850477],[814720.23761114035733,7912690.754476436413825],[816114.078900728025474,7911980.556866835802794],[817220.23761114035733,7910874.398156423121691],[817930.435220741434023,7909480.556866835802794],[818175.152639265637845,7907935.471894960850477],[817930.435220741434023,7906390.386923085898161],[817220.23761114035733,7904996.545633498579264],[816114.078900728025474,7903890.386923085898161],[814720.23761114035733,7903180.18931348528713],[813175.152639265637845,7902935.471894960850477],[811630.067667390918359,7903180.18931348528713],[810236.226377803250216,7903890.386923085898161],[809130.067667390918359,7904996.545633498579264],[808419.870057789841667,7906390.386923085898161],[808175.152639265637845,7907935.471894960850477],[808419.870057789841667,7909480.556866835802794]]],[[[787793.750092924688943,7920849.762743961066008],[788038.467511448892765,7922394.847715836018324],[788748.665121049969457,7923788.689005423337221],[789854.823831462301314,7924894.847715836018324],[791248.665121049969457,7925605.045325436629355],[792793.750092924688943,7925849.762743961066008],[794338.835064799408428,7925605.045325436629355],[795732.676354387076572,7924894.847715836018324],[796838.835064799408428,7923788.689005423337221],[797549.032674400485121,7922394.847715836018324],[797793.750092924688943,7920849.762743961066008],[797549.032674400485121,7919304.677772086113691],[796838.835064799408428,7917910.836482498794794],[795732.676354387076572,7916804.677772086113691],[794338.835064799408428,7916094.48016248550266],[792793.750092924688943,7915849.762743961066008],[791248.665121049969457,7916094.48016248550266],[789854.823831462301314,7916804.677772086113691],[788748.665121049969457,7917910.836482498794794],[788038.467511448892765,7919304.677772086113691],[787793.750092924688943,7920849.762743961066008]]],[[[804627.285237955395132,7948685.336993725039065],[805337.482847556471825,7950079.178283312357962],[806443.641557968803681,7951185.336993725039065],[807837.482847556471825,7951895.534603325650096],[809382.56781943119131,7952140.252021850086749],[810927.652791305910796,7951895.534603325650096],[812321.494080893578939,7951185.336993725039065],[813427.652791305910796,7950079.178283312357962],[814137.850400906987488,7948685.336993725039065],[814382.56781943119131,7947140.252021850086749],[814137.850400906987488,7945595.167049975134432],[813427.652791305910796,7944201.325760387815535],[812321.494080893578939,7943095.167049975134432],[810927.652791305910796,7942384.969440374523401],[809382.56781943119131,7942140.252021850086749],[807837.482847556471825,7942384.969440374523401],[806443.641557968803681,7943095.167049975134432],[805337.482847556471825,7944201.325760387815535],[804627.285237955395132,7945595.167049975134432],[804382.56781943119131,7947140.252021850086749],[804627.285237955395132,7948685.336993725039065]]],[[[788212.390194263774902,7996037.981378581374884],[788922.587803864851594,7997431.822668168693781],[790028.746514277183451,7998537.981378581374884],[791422.587803864851594,7999248.178988181985915],[792967.67277573957108,7999492.896406706422567],[794512.757747614290565,7999248.178988181985915],[795906.599037201958708,7998537.981378581374884],[797012.757747614290565,7997431.822668168693781],[797722.955357215367258,7996037.981378581374884],[797967.67277573957108,7994492.896406706422567],[797722.955357215367258,7992947.811434831470251],[797012.757747614290565,7991553.970145244151354],[795906.599037201958708,7990447.811434831470251],[794512.757747614290565,7989737.61382523085922],[792967.67277573957108,7989492.896406706422567],[791422.587803864851594,7989737.61382523085922],[790028.746514277183451,7990447.811434831470251],[788922.587803864851594,7991553.970145244151354],[788212.390194263774902,7992947.811434831470251],[787967.67277573957108,7994492.896406706422567],[788212.390194263774902,7996037.981378581374884]]],[[[834266.12601846375037,8046956.918277198448777],[834510.843436987954192,8048502.003249073401093],[834563.857606694102287,8048606.049415479414165],[834571.623719628783874,8048655.082722784020007],[835281.821329229860567,8050048.924012371338904],[836387.980039642192423,8051155.082722784020007],[837305.191258783801459,8051622.425181497819722],[837134.651894359150901,8052699.168351946398616],[837379.369312883354723,8054244.253323821350932],[838089.566922484431416,8055638.094613408669829],[839195.725632896763273,8056744.253323821350932],[840589.566922484431416,8057454.450933421961963],[842134.651894359150901,8057699.168351946398616],[843679.736866233870387,8057454.450933421961963],[845073.57815582153853,8056744.253323821350932],[845212.368736109347083,8056605.46274353377521],[845359.666284744860604,8056530.41089385561645],[846465.824995157192461,8055424.252183442935348],[847176.022604758269154,8054030.41089385561645],[847420.740023282472976,8052485.325921980664134],[847176.022604758269154,8050940.240950105711818],[846465.824995157192461,8049546.39966051839292],[845359.666284744860604,8048440.240950105711818],[844209.070588362053968,8047853.983160720206797],[844326.906301104580052,8047109.99775090906769],[844082.18888258037623,8045564.912779034115374],[844029.174712874228135,8045460.866612628102303],[844021.408599939546548,8045411.833305323496461],[843311.210990338469855,8044017.992015736177564],[842205.052279926137999,8042911.833305323496461],[840811.210990338469855,8042201.63569572288543],[839266.12601846375037,8041956.918277198448777],[837721.041046589030884,8042201.63569572288543],[836327.199757001362741,8042911.833305323496461],[835221.041046589030884,8044017.992015736177564],[834510.843436987954192,8045411.833305323496461],[834266.12601846375037,8046956.918277198448777]]],[[[796667.960757362889126,8050132.481835461221635],[797378.158366963965818,8051526.323125048540533],[798484.317077376297675,8052632.481835461221635],[799878.158366963965818,8053342.679445061832666],[801423.243338838685304,8053587.396863586269319],[802968.32831071340479,8053342.679445061832666],[804362.169600301072933,8052632.481835461221635],[805468.32831071340479,8051526.323125048540533],[806178.525920314481482,8050132.481835461221635],[806423.243338838685304,8048587.396863586269319],[806178.525920314481482,8047042.311891711317003],[805468.32831071340479,8045648.470602123998106],[804362.169600301072933,8044542.311891711317003],[802968.32831071340479,8043832.114282110705972],[801423.243338838685304,8043587.396863586269319],[799878.158366963965818,8043832.114282110705972],[798484.317077376297675,8044542.311891711317003],[797378.158366963965818,8045648.470602123998106],[796667.960757362889126,8047042.311891711317003],[796423.243338838685304,8048587.396863586269319],[796667.960757362889126,8050132.481835461221635]]],[[[812756.00079058110714,8294705.624820274300873],[813000.718209105310962,8296250.70979214925319],[813710.915818706387654,8297644.551081736572087],[813963.343457137118094,8297896.978720167651772],[813832.223286279477179,8298724.838897524401546],[814076.940704803681001,8300269.923869399353862],[814787.138314404757693,8301663.765158986672759],[815893.29702481708955,8302769.923869399353862],[817287.138314404757693,8303480.121479],[818832.223286279477179,8303724.838897524401546],[820377.308258154196665,8303480.121479],[821771.149547741864808,8302769.923869399353862],[822877.308258154196665,8301663.765158986672759],[823587.505867755273357,8300269.923869399353862],[823832.223286279477179,8298724.838897524401546],[823587.505867755273357,8297179.753925649449229],[822877.308258154196665,8295785.912636062130332],[822624.880619723466225,8295533.484997631050646],[822756.00079058110714,8294705.624820274300873],[822511.283372056903318,8293160.539848399348557],[821801.085762455826625,8291766.69855881202966],[820694.927052043494768,8290660.539848399348557],[819301.085762455826625,8289950.342238798737526],[817756.00079058110714,8289705.624820274300873],[816210.915818706387654,8289950.342238798737526],[814817.074529118719511,8290660.539848399348557],[813710.915818706387654,8291766.69855881202966],[813000.718209105310962,8293160.539848399348557],[812756.00079058110714,8294705.624820274300873]]],[[[795902.922489223070443,8301951.719246943481266],[796147.639907747274265,8303496.804218818433583],[796857.837517348350957,8304890.64550840575248],[797963.996227760682814,8305996.804218818433583],[799357.837517348350957,8306707.001828419044614],[800902.922489223070443,8306951.719246943481266],[802448.007461097789928,8306707.001828419044614],[803841.848750685458072,8305996.804218818433583],[804948.007461097789928,8304890.64550840575248],[805658.205070698866621,8303496.804218818433583],[805902.922489223070443,8301951.719246943481266],[805658.205070698866621,8300406.63427506852895],[804948.007461097789928,8299012.792985481210053],[803841.848750685458072,8297906.63427506852895],[802448.007461097789928,8297196.436665467917919],[800902.922489223070443,8296951.719246943481266],[799357.837517348350957,8297196.436665467917919],[797963.996227760682814,8297906.63427506852895],[796857.837517348350957,8299012.792985481210053],[796147.639907747274265,8300406.63427506852895],[795902.922489223070443,8301951.719246943481266]]],[[[816957.235211216146126,8350718.786650136113167],[816900.315037634805776,8351078.166482300497591],[816547.445601577404886,8351770.711744578555226],[816302.728183053201064,8353315.796716453507543],[816547.445601577404886,8354860.881688328459859],[817257.643211178481579,8356254.722977915778756],[818363.801921590813436,8357360.881688328459859],[819757.643211178481579,8358071.07929792907089],[821302.728183053201064,8358315.796716453507543],[822847.81315492792055,8358071.07929792907089],[824241.654444515588693,8357360.881688328459859],[825347.81315492792055,8356254.722977915778756],[825486.555033579352312,8355982.426709321327507],[825584.49233685573563,8355884.489406044594944],[826294.689946456812322,8354490.648116457276046],[826331.087768078548834,8354260.841315061785281],[826708.452141775749624,8353520.222030840814114],[826953.169560299953446,8351975.137058965861797],[826708.452141775749624,8350430.052087090909481],[825998.254532174672931,8349036.210797503590584],[824892.095821762341075,8347930.052087090909481],[823498.254532174672931,8347219.85447749029845],[821953.169560299953446,8346975.137058965861797],[820408.08458842523396,8347219.85447749029845],[819014.243298837565817,8347930.052087090909481],[817908.08458842523396,8349036.210797503590584],[817858.134172174381092,8349134.244009191170335],[817667.432820817222819,8349324.94536054879427],[816957.235211216146126,8350718.786650136113167]]],[[[850296.202721395296976,7676345.639624859206378],[851006.400330996373668,7677739.480914446525276],[852112.559041408705525,7678845.639624859206378],[853139.597337391460314,7679368.941774267703295],[853685.91219772468321,7680441.145058470778167],[854792.070908137015067,7681547.30376888345927],[856185.91219772468321,7682257.501378484070301],[857730.997169599402696,7682502.218797008506954],[859276.082141474122182,7682257.501378484070301],[860669.923431061790325,7681547.30376888345927],[861776.082141474122182,7680441.145058470778167],[862486.279751075198874,7679047.30376888345927],[862730.997169599402696,7677502.218797008506954],[862486.279751075198874,7675957.133825133554637],[861776.082141474122182,7674563.29253554623574],[860669.923431061790325,7673457.133825133554637],[859642.885135079035535,7672933.831675725057721],[859096.57027474581264,7671861.628391521982849],[857990.411564333480783,7670755.469681109301746],[856596.57027474581264,7670045.272071508690715],[855051.485302871093154,7669800.554652984254062],[853506.400330996373668,7670045.272071508690715],[852112.559041408705525,7670755.469681109301746],[851006.400330996373668,7671861.628391521982849],[850296.202721395296976,7673255.469681109301746],[850051.485302871093154,7674800.554652984254062],[850296.202721395296976,7676345.639624859206378]]],[[[855518.295024360530078,7687106.960534881800413],[855273.577605836326256,7688652.045506756752729],[855406.327721636043862,7689490.196751460433006],[855133.693074884358793,7689447.015665521845222],[853588.608103009639308,7689691.733084046281874],[852194.766813421971165,7690401.930693646892905],[851088.608103009639308,7691508.089404059574008],[850378.410493408562616,7692901.930693646892905],[850133.693074884358793,7694447.015665521845222],[850378.410493408562616,7695992.100637396797538],[851088.608103009639308,7697385.941926984116435],[852194.766813421971165,7698492.100637396797538],[853588.608103009639308,7699202.298246997408569],[855133.693074884358793,7699447.015665521845222],[856678.778046759078279,7699202.298246997408569],[857345.279698610072955,7698862.698693249374628],[857580.502155705820769,7700347.834838023409247],[858290.699765306897461,7701741.676127610728145],[859396.858475719229318,7702847.834838023409247],[860790.699765306897461,7703558.032447624020278],[862335.784737181616947,7703802.749866148456931],[863880.869709056336433,7703558.032447624020278],[865274.710998644004576,7702847.834838023409247],[866380.869709056336433,7701741.676127610728145],[867091.067318657413125,7700347.834838023409247],[867335.784737181616947,7698802.749866148456931],[867091.067318657413125,7697257.664894273504615],[866380.869709056336433,7695863.823604686185718],[865274.710998644004576,7694757.664894273504615],[863880.869709056336433,7694047.467284672893584],[862335.784737181616947,7693802.749866148456931],[860790.699765306897461,7694047.467284672893584],[860124.198113455902785,7694387.066838420927525],[860000.942959084641188,7693608.864420818164945],[860273.577605836326256,7693652.045506756752729],[861818.662577711045742,7693407.328088232316077],[863212.503867298713885,7692697.130478631705046],[864318.662577711045742,7691590.971768219023943],[864461.80850989674218,7691310.032057891599834],[864472.128960387548432,7691299.711607400327921],[865182.326569988625124,7689905.870317813009024],[865427.043988512828946,7688360.785345938056707],[865182.326569988625124,7686815.700374063104391],[864472.128960387548432,7685421.859084475785494],[863365.970249975216575,7684315.700374063104391],[861972.128960387548432,7683605.50276446249336],[860427.043988512828946,7683360.785345938056707],[858881.95901663810946,7683605.50276446249336],[857488.117727050441317,7684315.700374063104391],[856381.95901663810946,7685421.859084475785494],[856238.813084452413023,7685702.798794803209603],[856228.492633961606771,7685713.119245294481516],[855518.295024360530078,7687106.960534881800413]]],[[[843559.051012152340263,7709009.256610657088459],[844269.248621753416955,7710403.097900244407356],[845375.407332165748812,7711509.256610657088459],[846769.248621753416955,7712219.45422025769949],[848314.333593628136441,7712464.171638782136142],[849859.418565502855927,7712219.45422025769949],[851253.25985509052407,7711509.256610657088459],[852359.418565502855927,7710403.097900244407356],[852402.74520047463011,7710318.064591281116009],[852633.189238639199175,7710770.33648151345551],[853739.347949051531032,7711876.495191926136613],[855133.189238639199175,7712586.692801526747644],[856678.274210513918661,7712831.410220051184297],[858223.359182388638146,7712586.692801526747644],[859617.200471976306289,7711876.495191926136613],[860723.359182388638146,7710770.33648151345551],[861433.556791989714839,7709376.495191926136613],[861678.274210513918661,7707831.410220051184297],[861433.556791989714839,7706286.32524817623198],[860723.359182388638146,7704892.483958588913083],[859617.200471976306289,7703786.32524817623198],[858223.359182388638146,7703076.127638575620949],[856678.274210513918661,7702831.410220051184297],[855133.189238639199175,7703076.127638575620949],[853739.347949051531032,7703786.32524817623198],[852633.189238639199175,7704892.483958588913083],[852589.862603667424992,7704977.51726755220443],[852359.418565502855927,7704525.245377319864929],[851253.25985509052407,7703419.086666907183826],[849859.418565502855927,7702708.889057306572795],[848314.333593628136441,7702464.171638782136142],[846769.248621753416955,7702708.889057306572795],[845375.407332165748812,7703419.086666907183826],[844269.248621753416955,7704525.245377319864929],[843559.051012152340263,7705919.086666907183826],[843314.333593628136441,7707464.171638782136142],[843559.051012152340263,7709009.256610657088459]]],[[[859820.022550266119651,7712679.628798286430538],[859109.824940665042959,7714073.470087873749435],[858865.107522140839137,7715618.555059748701751],[859109.824940665042959,7717163.640031623654068],[859820.022550266119651,7718557.481321210972965],[860926.181260678451508,7719663.640031623654068],[862320.022550266119651,7720373.837641224265099],[863865.107522140839137,7720618.555059748701751],[865410.192494015558623,7720373.837641224265099],[866343.093009202391841,7719898.501086890697479],[866812.808981479844078,7719972.896788271144032],[868357.893953354563564,7719728.17936974670738],[869751.735242942231707,7719017.981760146096349],[870857.893953354563564,7717911.823049733415246],[871568.091562955640256,7716517.981760146096349],[871812.808981479844078,7714972.896788271144032],[871568.091562955640256,7713427.811816396191716],[870857.893953354563564,7712033.970526808872819],[869751.735242942231707,7710927.811816396191716],[868357.893953354563564,7710217.614206795580685],[866812.808981479844078,7709972.896788271144032],[865267.724009605124593,7710217.614206795580685],[864334.823494418291375,7710692.950761129148304],[863865.107522140839137,7710618.555059748701751],[862320.022550266119651,7710863.272478273138404],[860926.181260678451508,7711573.470087873749435],[859820.022550266119651,7712679.628798286430538]]],[[[841701.909436610760167,7718768.918921820819378],[841946.626855134963989,7720314.003893695771694],[842656.824464736040682,7721707.845183283090591],[843762.983175148372538,7722814.003893695771694],[845156.824464736040682,7723524.201503296382725],[846701.909436610760167,7723768.918921820819378],[848246.994408485479653,7723524.201503296382725],[849640.835698073147796,7722814.003893695771694],[850746.994408485479653,7721707.845183283090591],[851457.192018086556345,7720314.003893695771694],[851701.909436610760167,7718768.918921820819378],[851457.192018086556345,7717223.833949945867062],[850746.994408485479653,7715829.992660358548164],[849640.835698073147796,7714723.833949945867062],[848246.994408485479653,7714013.636340345256031],[846701.909436610760167,7713768.918921820819378],[845156.824464736040682,7714013.636340345256031],[843762.983175148372538,7714723.833949945867062],[842656.824464736040682,7715829.992660358548164],[841946.626855134963989,7717223.833949945867062],[841701.909436610760167,7718768.918921820819378]]],[[[848051.847348854644224,7737775.191624268889427],[848762.044958455720916,7739169.032913856208324],[849868.203668868052773,7740275.191624268889427],[851262.044958455720916,7740985.389233869500458],[852807.129930330440402,7741230.106652393937111],[854352.214902205159888,7740985.389233869500458],[855746.056191792828031,7740275.191624268889427],[856852.214902205159888,7739169.032913856208324],[857562.41251180623658,7737775.191624268889427],[857807.129930330440402,7736230.106652393937111],[857562.41251180623658,7734685.021680518984795],[856852.214902205159888,7733291.180390931665897],[855746.056191792828031,7732185.021680518984795],[854352.214902205159888,7731474.824070918373764],[852807.129930330440402,7731230.106652393937111],[851262.044958455720916,7731474.824070918373764],[849868.203668868052773,7732185.021680518984795],[848762.044958455720916,7733291.180390931665897],[848051.847348854644224,7734685.021680518984795],[847807.129930330440402,7736230.106652393937111],[848051.847348854644224,7737775.191624268889427]]],[[[862222.284800964407623,7749319.504227299243212],[862467.002219488611445,7750864.589199174195528],[863177.199829089688137,7752258.430488761514425],[864283.358539502019994,7753364.589199174195528],[865677.199829089688137,7754074.786808774806559],[867222.284800964407623,7754319.504227299243212],[868767.369772839127108,7754074.786808774806559],[870161.211062426795252,7753364.589199174195528],[871267.369772839127108,7752258.430488761514425],[871977.567382440203801,7750864.589199174195528],[872222.284800964407623,7749319.504227299243212],[871977.567382440203801,7747774.419255424290895],[871267.369772839127108,7746380.577965836971998],[870161.211062426795252,7745274.419255424290895],[868767.369772839127108,7744564.221645823679864],[867222.284800964407623,7744319.504227299243212],[865677.199829089688137,7744564.221645823679864],[864283.358539502019994,7745274.419255424290895],[863177.199829089688137,7746380.577965836971998],[862467.002219488611445,7747774.419255424290895],[862222.284800964407623,7749319.504227299243212]]],[[[893820.063402069616131,7795772.599008616060019],[893819.88415225641802,7795773.73074739612639],[894064.601570780621842,7797318.815719271078706],[894774.799180381698534,7798712.657008858397603],[895880.957890794030391,7799818.815719271078706],[897274.799180381698534,7800529.013328871689737],[898819.88415225641802,7800773.73074739612639],[900364.969124131137505,7800529.013328871689737],[901758.810413718805648,7799818.815719271078706],[902864.969124131137505,7798712.657008858397603],[903575.166733732214198,7797318.815719271078706],[903819.88415225641802,7795773.73074739612639],[903818.569684185320511,7795765.431522620841861],[903818.88523331657052,7795763.439223815687001],[903574.167814792366698,7794218.354251940734684],[903573.772258765180595,7794217.577929526567459],[903572.560726066236384,7794209.928613113239408],[902862.363116465159692,7792816.08732352592051],[901756.204406052827835,7791709.928613113239408],[900362.363116465159692,7790999.731003512628376],[898817.278144590440206,7790755.013584988191724],[897272.193172715720721,7790999.731003512628376],[895878.351883128052577,7791709.928613113239408],[894772.193172715720721,7792816.08732352592051],[894061.995563114644028,7794209.928613113239408],[893817.278144590440206,7795755.013584988191724],[893820.063402069616131,7795772.599008616060019]]],[[[891812.890612304676324,7823200.377494520507753],[891825.180590291391127,7823224.497934429906309],[891830.194059277651832,7823256.15173183567822],[892540.391668878728524,7824649.993021422997117],[893646.550379291060381,7825756.15173183567822],[895040.391668878728524,7826466.349341436289251],[896585.476640753448009,7826711.066759960725904],[898130.561612628167495,7826466.349341436289251],[899524.402902215835638,7825756.15173183567822],[900630.561612628167495,7824649.993021422997117],[901340.759222229244187,7823256.15173183567822],[901585.476640753448009,7821711.066759960725904],[901340.759222229244187,7820165.981788085773587],[901328.469244242529385,7820141.861348176375031],[901323.45577525626868,7820110.20755077060312],[900613.258165655191988,7818716.366261183284223],[899507.099455242860131,7817610.20755077060312],[898113.258165655191988,7816900.009941169992089],[896568.173193780472502,7816655.292522645555437],[895023.088221905753016,7816900.009941169992089],[893629.246932318084873,7817610.20755077060312],[892523.088221905753016,7818716.366261183284223],[891812.890612304676324,7820110.20755077060312],[891568.173193780472502,7821655.292522645555437],[891812.890612304676324,7823200.377494520507753]]],[[[898034.028790199197829,7835231.521912505850196],[898744.226399800274521,7836625.363202093169093],[899850.385110212606378,7837731.521912505850196],[901244.226399800274521,7838441.719522106461227],[902789.311371674994007,7838686.43694063089788],[903757.064607231295668,7838533.159886045381427],[904016.390101873315871,7839042.114826174452901],[905122.548812285647728,7840148.273536587134004],[906516.390101873315871,7840858.471146187745035],[908061.475073748035356,7841103.188564712181687],[909606.560045622754842,7840858.471146187745035],[911000.401335210422985,7840148.273536587134004],[912106.560045622754842,7839042.114826174452901],[912816.757655223831534,7837648.273536587134004],[913061.475073748035356,7836103.188564712181687],[912816.757655223831534,7834558.103592837229371],[912106.560045622754842,7833164.262303249910474],[911000.401335210422985,7832058.103592837229371],[909606.560045622754842,7831347.90598323661834],[908061.475073748035356,7831103.188564712181687],[907093.721838191733696,7831256.46561929769814],[906834.396343549713492,7830747.510679168626666],[905728.237633137381636,7829641.351968755945563],[904334.396343549713492,7828931.154359155334532],[902789.311371674994007,7828686.43694063089788],[901244.226399800274521,7828931.154359155334532],[899850.385110212606378,7829641.351968755945563],[898744.226399800274521,7830747.510679168626666],[898034.028790199197829,7832141.351968755945563],[897789.311371674994007,7833686.43694063089788],[898034.028790199197829,7835231.521912505850196]]],[[[913568.023336019483395,7859337.352453000843525],[914278.220945620560087,7860731.193742588162422],[915384.379656032891944,7861837.352453000843525],[916234.985107691260055,7862270.757578099146485],[915259.966042289277539,7863245.776643501594663],[914549.768432688200846,7864639.61793308891356],[914305.051014163997024,7866184.702904963865876],[914549.768432688200846,7867729.787876838818192],[915259.966042289277539,7869123.62916642613709],[916366.124752701609395,7870229.787876838818192],[917759.966042289277539,7870939.985486439429224],[919305.051014163997024,7871184.702904963865876],[920850.13598603871651,7870939.985486439429224],[922243.977275626384653,7870229.787876838818192],[923350.13598603871651,7869123.62916642613709],[924060.333595639793202,7867729.787876838818192],[924305.051014163997024,7866184.702904963865876],[924060.333595639793202,7864639.61793308891356],[923350.13598603871651,7863245.776643501594663],[922243.977275626384653,7862139.61793308891356],[921393.371823968016542,7861706.2128079906106],[922368.390889369999059,7860731.193742588162422],[923078.588498971075751,7859337.352453000843525],[923323.305917495279573,7857792.267481125891209],[923078.588498971075751,7856247.182509250938892],[922368.390889369999059,7854853.341219663619995],[921262.232178957667202,7853747.182509250938892],[919868.390889369999059,7853036.984899650327861],[918323.305917495279573,7852792.267481125891209],[916778.220945620560087,7853036.984899650327861],[915384.379656032891944,7853747.182509250938892],[914278.220945620560087,7854853.341219663619995],[913568.023336019483395,7856247.182509250938892],[913323.305917495279573,7857792.267481125891209],[913568.023336019483395,7859337.352453000843525]]],[[[891401.401889385422692,7896610.519048576243222],[891156.68447086121887,7898155.604020451195538],[891401.401889385422692,7899700.688992326147854],[892111.599498986499384,7901094.530281913466752],[893217.758209398831241,7902200.688992326147854],[894611.599498986499384,7902910.886601926758885],[896156.68447086121887,7903155.604020451195538],[897701.769442735938355,7902910.886601926758885],[897722.259492318029515,7902900.446400202810764],[897733.831289784866385,7902898.613607537932694],[899127.672579372534528,7902188.415997937321663],[900233.831289784866385,7901082.25728752464056],[900944.028899385943078,7899688.415997937321663],[901188.7463179101469,7898143.331026062369347],[900944.028899385943078,7896598.24605418741703],[900233.831289784866385,7895204.404764600098133],[899127.672579372534528,7894098.24605418741703],[897733.831289784866385,7893388.048444586805999],[896188.7463179101469,7893143.331026062369347],[894643.661346035427414,7893388.048444586805999],[894623.171296453336254,7893398.48864631075412],[894611.599498986499384,7893400.321438975632191],[893217.758209398831241,7894110.519048576243222],[892111.599498986499384,7895216.677758988924325],[891401.401889385422692,7896610.519048576243222]]],[[[918536.552634808584116,7902178.594794348813593],[919246.750244409660809,7903572.436083936132491],[920352.908954821992666,7904678.594794348813593],[921746.750244409660809,7905388.792403949424624],[923291.835216284380294,7905633.509822473861277],[924836.92018815909978,7905388.792403949424624],[926230.761477746767923,7904678.594794348813593],[927336.92018815909978,7903572.436083936132491],[928047.117797760176472,7902178.594794348813593],[928291.835216284380294,7900633.509822473861277],[928047.117797760176472,7899088.424850598908961],[927336.92018815909978,7897694.583561011590064],[926230.761477746767923,7896588.424850598908961],[924836.92018815909978,7895878.22724099829793],[923291.835216284380294,7895633.509822473861277],[921746.750244409660809,7895878.22724099829793],[920352.908954821992666,7896588.424850598908961],[919246.750244409660809,7897694.583561011590064],[918536.552634808584116,7899088.424850598908961],[918291.835216284380294,7900633.509822473861277],[918536.552634808584116,7902178.594794348813593]]],[[[926194.909751783008687,7910040.662058721296489],[925088.75104137067683,7911146.820769133977592],[924378.553431769600138,7912540.662058721296489],[924133.836013245396316,7914085.747030596248806],[924378.553431769600138,7915630.832002471201122],[925088.75104137067683,7917024.673292058520019],[926194.909751783008687,7918130.832002471201122],[927588.75104137067683,7918841.029612071812153],[929133.836013245396316,7919085.747030596248806],[930678.920985120115802,7918841.029612071812153],[932072.762274707783945,7918130.832002471201122],[932094.291874024900608,7918109.302403153851628],[932191.130531835951842,7918059.960642504505813],[933297.289242248283699,7916953.80193209182471],[934007.486851849360391,7915559.960642504505813],[934252.204270373564214,7914014.875670629553497],[934007.486851849360391,7912469.790698754601181],[933297.289242248283699,7911075.949409167282283],[932191.130531835951842,7909969.790698754601181],[930797.289242248283699,7909259.593089153990149],[929252.204270373564214,7909014.875670629553497],[929233.440440633217804,7909017.847569301724434],[929226.462925717700273,7909016.742439506575465],[927681.377953842980787,7909261.459858031012118],[926287.536664255312644,7909971.657467631623149],[926243.071927288896404,7910016.122204598039389],[926194.909751783008687,7910040.662058721296489]]],[[[881100.330027968157083,7916915.509930733591318],[881345.047446492360905,7918460.594902608543634],[882055.245056093437597,7919854.436192195862532],[883161.403766505769454,7920960.594902608543634],[884555.245056093437597,7921670.792512209154665],[886100.330027968157083,7921915.509930733591318],[887645.414999842876568,7921670.792512209154665],[889039.256289430544712,7920960.594902608543634],[890145.414999842876568,7919854.436192195862532],[890855.612609443953261,7918460.594902608543634],[891100.330027968157083,7916915.509930733591318],[890855.612609443953261,7915370.424958858639002],[890145.414999842876568,7913976.583669271320105],[889039.256289430544712,7912870.424958858639002],[887645.414999842876568,7912160.227349258027971],[886100.330027968157083,7911915.509930733591318],[884555.245056093437597,7912160.227349258027971],[883161.403766505769454,7912870.424958858639002],[882055.245056093437597,7913976.583669271320105],[881345.047446492360905,7915370.424958858639002],[881100.330027968157083,7916915.509930733591318]]],[[[915024.012258875183761,7925373.903649096377194],[915734.209868476260453,7926767.744938683696091],[916840.36857888859231,7927873.903649096377194],[918234.209868476260453,7928584.101258696988225],[919779.294840350979939,7928828.818677221424878],[921324.379812225699425,7928584.101258696988225],[922718.221101813367568,7927873.903649096377194],[923824.379812225699425,7926767.744938683696091],[924534.577421826776117,7925373.903649096377194],[924779.294840350979939,7923828.818677221424878],[924534.577421826776117,7922283.733705346472561],[923824.379812225699425,7920889.892415759153664],[922718.221101813367568,7919783.733705346472561],[921324.379812225699425,7919073.53609574586153],[919779.294840350979939,7918828.818677221424878],[918234.209868476260453,7919073.53609574586153],[916840.36857888859231,7919783.733705346472561],[915734.209868476260453,7920889.892415759153664],[915024.012258875183761,7922283.733705346472561],[914779.294840350979939,7923828.818677221424878],[915024.012258875183761,7925373.903649096377194]]],[[[935560.472880650311708,7960452.356217568740249],[936270.670490251388401,7961846.197507156059146],[937376.829200663720258,7962952.356217568740249],[938770.670490251388401,7963662.55382716935128],[940315.755462126107886,7963907.271245693787932],[941860.840434000827372,7963662.55382716935128],[943254.681723588495515,7962952.356217568740249],[944360.840434000827372,7961846.197507156059146],[945071.038043601904064,7960452.356217568740249],[945315.755462126107886,7958907.271245693787932],[945071.038043601904064,7957362.186273818835616],[944360.840434000827372,7955968.344984231516719],[943254.681723588495515,7954862.186273818835616],[941860.840434000827372,7954151.988664218224585],[940315.755462126107886,7953907.271245693787932],[938770.670490251388401,7954151.988664218224585],[937376.829200663720258,7954862.186273818835616],[936270.670490251388401,7955968.344984231516719],[935560.472880650311708,7957362.186273818835616],[935315.755462126107886,7958907.271245693787932],[935560.472880650311708,7960452.356217568740249]]],[[[943274.636364111676812,7970531.578236440196633],[943519.353782635880634,7972076.66320831514895],[944229.551392236957327,7973470.504497902467847],[945335.710102649289183,7974576.66320831514895],[946729.551392236957327,7975286.860817915759981],[946815.892304982990026,7975300.535875057801604],[946589.9292581503978,7976727.210404258221388],[946834.646676674601622,7978272.295376133173704],[947544.844286275678314,7979666.136665720492601],[948651.002996688010171,7980772.295376133173704],[950044.844286275678314,7981482.492985733784735],[951589.9292581503978,7981727.210404258221388],[953135.014230025117286,7981482.492985733784735],[954528.855519612785429,7980772.295376133173704],[955635.014230025117286,7979666.136665720492601],[956345.211839626193978,7978272.295376133173704],[956589.9292581503978,7976727.210404258221388],[956345.211839626193978,7975182.125432383269072],[955635.014230025117286,7973788.284142795950174],[954528.855519612785429,7972682.125432383269072],[953135.014230025117286,7971971.927822782658041],[953048.673317279084586,7971958.252765640616417],[953274.636364111676812,7970531.578236440196633],[953029.91894558747299,7968986.493264565244317],[952319.721335986396298,7967592.65197497792542],[951213.562625574064441,7966486.493264565244317],[949819.721335986396298,7965776.295654964633286],[948274.636364111676812,7965531.578236440196633],[946729.551392236957327,7965776.295654964633286],[945335.710102649289183,7966486.493264565244317],[944229.551392236957327,7967592.65197497792542],[943519.353782635880634,7968986.493264565244317],[943274.636364111676812,7970531.578236440196633]]],[[[961177.433017757022753,7983685.442649891600013],[959783.59172816935461,7984395.640259492211044],[958677.433017757022753,7985501.798969904892147],[957967.235408155946061,7986895.640259492211044],[957722.517989631742239,7988440.72523136716336],[957967.235408155946061,7989985.810203242115676],[958677.433017757022753,7991379.651492829434574],[959783.59172816935461,7992485.810203242115676],[961177.433017757022753,7993196.007812842726707],[962722.517989631742239,7993440.72523136716336],[962935.296579746762291,7993407.024413459002972],[964020.694217340322211,7993578.934510818682611],[965565.779189215041697,7993334.217092294245958],[965647.890151781612076,7993292.379467184655368],[965787.735722973709926,7993270.230104659684002],[966551.297333589987829,7993391.166383010335267],[968096.382305464707315,7993146.448964485898614],[969490.223595052375458,7992436.251354885287583],[969913.905106166610494,7992012.569843770936131],[970220.83766938757617,7991856.179891531355679],[971326.996379799908027,7990750.021181118674576],[971346.088741955347359,7990712.550310577265918],[971404.232810363406315,7990654.406242169439793],[971843.499140068073757,7989792.297528776340187],[972465.26780943875201,7989170.528859405778348],[973175.465419039828703,7987776.687569818459451],[973420.182837564032525,7986231.602597943507135],[973175.465419039828703,7984686.517626068554819],[972465.26780943875201,7983292.676336481235921],[971359.109099026420154,7982186.517626068554819],[969965.26780943875201,7981476.320016467943788],[968420.182837564032525,7981231.602597943507135],[968031.071017701877281,7981293.231855755671859],[967209.618326193420216,7981163.126530958339572],[967001.280817530117929,7981196.123950666747987],[966916.797110345214605,7981182.743045987561345],[965371.71213847049512,7981427.460464511997998],[963977.870848882826976,7982137.658074112609029],[963378.70690023386851,7982736.822022762149572],[962523.338144639623351,7983172.65417243912816],[962477.734679246437736,7983218.257637832313776],[961733.767286292393692,7983597.327958135865629],[961177.433017757022753,7983685.442649891600013]]],[[[934277.989001258276403,7996523.300129127688706],[934988.186610859353095,7997917.141418715007603],[936094.345321271684952,7999023.300129127688706],[937488.186610859353095,7999733.497738728299737],[939033.271582734072581,7999978.21515725273639],[940578.356554608792067,7999733.497738728299737],[941972.19784419646021,7999023.300129127688706],[943078.356554608792067,7997917.141418715007603],[943788.554164209868759,7996523.300129127688706],[944033.271582734072581,7994978.21515725273639],[943788.554164209868759,7993433.130185377784073],[943078.356554608792067,7992039.288895790465176],[941972.19784419646021,7990933.130185377784073],[940578.356554608792067,7990222.932575777173042],[939033.271582734072581,7989978.21515725273639],[937488.186610859353095,7990222.932575777173042],[936094.345321271684952,7990933.130185377784073],[934988.186610859353095,7992039.288895790465176],[934277.989001258276403,7993433.130185377784073],[934033.271582734072581,7994978.21515725273639],[934277.989001258276403,7996523.300129127688706]]],[[[844343.674570518662222,8024093.970487825572491],[845053.872180119738914,8025487.811777412891388],[846160.030890532070771,8026593.970487825572491],[847553.872180119738914,8027304.168097426183522],[849098.9571519944584,8027548.885515950620174],[850644.042123869177885,8027304.168097426183522],[852037.883413456846029,8026593.970487825572491],[853144.042123869177885,8025487.811777412891388],[853854.239733470254578,8024093.970487825572491],[854098.9571519944584,8022548.885515950620174],[853854.239733470254578,8021003.800544075667858],[853144.042123869177885,8019609.959254488348961],[852037.883413456846029,8018503.800544075667858],[850644.042123869177885,8017793.602934475056827],[849098.9571519944584,8017548.885515950620174],[847553.872180119738914,8017793.602934475056827],[846160.030890532070771,8018503.800544075667858],[845053.872180119738914,8019609.959254488348961],[844343.674570518662222,8021003.800544075667858],[844098.9571519944584,8022548.885515950620174],[844343.674570518662222,8024093.970487825572491]]],[[[858162.506344836787321,8024835.398699190467596],[857933.511602849001065,8026281.214598269201815],[858178.229021373204887,8027826.299570144154131],[858888.426630974281579,8029220.140859731473029],[859892.748620443861,8030224.462849201634526],[859671.632347730104811,8031620.536050967872143],[859916.349766254308634,8033165.621022842824459],[860626.547375855385326,8034559.462312430143356],[861732.706086267717183,8035665.621022842824459],[863126.547375855385326,8036375.81863244343549],[863159.641856433358043,8036381.060283227823675],[863332.805556972743943,8036469.291595580987632],[864000.65492396557238,8036575.06854379363358],[863860.059550692443736,8036715.663917066529393],[863149.861941091367044,8038109.50520665384829],[862905.144522567163222,8039654.590178528800607],[863149.861941091367044,8041199.675150403752923],[863860.059550692443736,8042593.51643999107182],[864966.218261104775593,8043699.675150403752923],[866360.059550692443736,8044409.872760004363954],[867905.144522567163222,8044654.590178528800607],[869450.229494441882707,8044409.872760004363954],[870844.07078402955085,8043699.675150403752923],[871950.229494441882707,8042593.51643999107182],[872660.4271040429594,8041199.675150403752923],[872905.144522567163222,8039654.590178528800607],[872660.4271040429594,8038109.50520665384829],[871950.229494441882707,8036715.663917066529393],[870844.07078402955085,8035609.50520665384829],[869450.229494441882707,8034899.307597053237259],[868782.380127449054271,8034793.530648840591311],[868922.975500722182915,8034652.935275567695498],[869633.173110323259607,8033259.093985980376601],[869877.890528847463429,8031714.009014105424285],[869633.173110323259607,8030168.924042230471969],[868922.975500722182915,8028775.082752643153071],[868055.37044134142343,8027907.477693262510002],[868372.656012772582471,8027284.769697526469827],[868617.373431296786293,8025739.68472565151751],[868372.656012772582471,8024194.599753776565194],[868022.247030359925702,8023506.883403670042753],[868008.799706195830368,8023421.980340360663831],[867906.99817060760688,8023222.183577138930559],[867904.730024288292043,8023207.86306487955153],[867194.532414687215351,8021814.021775292232633],[866088.373704274883494,8020707.86306487955153],[864694.532414687215351,8019997.665455278940499],[863149.447442812495865,8019752.948036754503846],[861604.362470937776379,8019997.665455278940499],[860210.521181350108236,8020707.86306487955153],[859104.362470937776379,8021814.021775292232633],[858394.164861336699687,8023207.86306487955153],[858149.447442812495865,8024752.948036754503846],[858162.506344836787321,8024835.398699190467596]]],[[[960379.959346847143024,8046394.4913310687989],[961090.156956448219717,8047788.332620656117797],[962196.315666860551573,8048894.4913310687989],[963590.156956448219717,8049604.688940669409931],[965135.241928322939202,8049849.406359193846583],[966680.326900197658688,8049604.688940669409931],[968074.168189785326831,8048894.4913310687989],[969180.326900197658688,8047788.332620656117797],[969890.52450979873538,8046394.4913310687989],[970135.241928322939202,8044849.406359193846583],[969890.52450979873538,8043304.321387318894267],[969180.326900197658688,8041910.48009773157537],[968074.168189785326831,8040804.321387318894267],[966680.326900197658688,8040094.123777718283236],[965135.241928322939202,8039849.406359193846583],[963590.156956448219717,8040094.123777718283236],[962196.315666860551573,8040804.321387318894267],[961090.156956448219717,8041910.48009773157537],[960379.959346847143024,8043304.321387318894267],[960135.241928322939202,8044849.406359193846583],[960379.959346847143024,8046394.4913310687989]]],[[[940947.126825000857934,8060157.090871259570122],[941657.324434601934627,8061550.932160846889019],[942763.483145014266483,8062657.090871259570122],[944157.324434601934627,8063367.288480860181153],[945702.409406476654112,8063612.005899384617805],[947247.494378351373598,8063367.288480860181153],[948641.335667939041741,8062657.090871259570122],[949747.494378351373598,8061550.932160846889019],[950457.69198795245029,8060157.090871259570122],[950702.409406476654112,8058612.005899384617805],[950457.69198795245029,8057066.920927509665489],[949747.494378351373598,8055673.079637922346592],[948641.335667939041741,8054566.920927509665489],[947247.494378351373598,8053856.723317909054458],[945702.409406476654112,8053612.005899384617805],[944157.324434601934627,8053856.723317909054458],[942763.483145014266483,8054566.920927509665489],[941657.324434601934627,8055673.079637922346592],[940947.126825000857934,8057066.920927509665489],[940702.409406476654112,8058612.005899384617805],[940947.126825000857934,8060157.090871259570122]]],[[[878643.596613674424589,8076311.262086196802557],[878398.879195150220767,8077856.347058071754873],[878592.065371380653232,8079076.076570861041546],[878440.596357756410725,8079153.253888112492859],[877334.437647344078869,8080259.412598525173962],[876624.240037743002176,8081653.253888112492859],[876379.522619218798354,8083198.338859987445176],[876624.240037743002176,8084743.423831862397492],[877334.437647344078869,8086137.265121449716389],[878440.596357756410725,8087243.423831862397492],[879834.437647344078869,8087953.621441463008523],[881379.522619218798354,8088198.338859987445176],[882924.60759109351784,8087953.621441463008523],[884318.448880681185983,8087243.423831862397492],[885424.60759109351784,8086137.265121449716389],[886134.805200694594532,8084743.423831862397492],[886379.522619218798354,8083198.338859987445176],[886186.336442988365889,8081978.609347198158503],[886337.805456612608396,8081901.432029946707189],[887443.964167024940252,8080795.273319534026086],[888154.161776626016945,8079401.432029946707189],[888163.925958962761797,8079339.783408928662539],[888187.147925666533411,8079294.207733117043972],[888431.865344190737233,8077749.122761242091656],[888187.147925666533411,8076204.037789367139339],[887476.950316065456718,8074810.196499779820442],[886370.791605653124861,8073704.037789367139339],[884976.950316065456718,8072993.840179766528308],[883431.865344190737233,8072749.122761242091656],[881886.780372316017747,8072993.840179766528308],[880492.939082728349604,8073704.037789367139339],[879386.780372316017747,8074810.196499779820442],[878676.582762714941055,8076204.037789367139339],[878666.818580378196202,8076265.68641038518399],[878643.596613674424589,8076311.262086196802557]]],[[[865923.179745150497183,8079456.006033225916326],[866633.377354751573876,8080849.847322813235223],[867739.536065163905732,8081956.006033225916326],[869133.377354751573876,8082666.203642826527357],[870678.462326626293361,8082910.92106135096401],[872223.547298501012847,8082666.203642826527357],[873617.38858808868099,8081956.006033225916326],[874723.547298501012847,8080849.847322813235223],[875433.744908102089539,8079456.006033225916326],[875678.462326626293361,8077910.92106135096401],[875433.744908102089539,8076365.836089476011693],[874723.547298501012847,8074971.994799888692796],[873617.38858808868099,8073865.836089476011693],[872223.547298501012847,8073155.638479875400662],[870678.462326626293361,8072910.92106135096401],[869133.377354751573876,8073155.638479875400662],[867739.536065163905732,8073865.836089476011693],[866633.377354751573876,8074971.994799888692796],[865923.179745150497183,8076365.836089476011693],[865678.462326626293361,8077910.92106135096401],[865923.179745150497183,8079456.006033225916326]]],[[[875713.000338186277077,8116829.705943326465786],[876423.197947787353769,8118223.547232913784683],[877529.356658199685626,8119329.705943326465786],[878923.197947787353769,8120039.903552927076817],[880468.282919662073255,8120284.620971451513469],[882013.36789153679274,8120039.903552927076817],[883407.209181124460883,8119329.705943326465786],[884513.36789153679274,8118223.547232913784683],[885223.565501137869433,8116829.705943326465786],[885468.282919662073255,8115284.620971451513469],[885223.565501137869433,8113739.535999576561153],[884513.36789153679274,8112345.694709989242256],[883407.209181124460883,8111239.535999576561153],[882013.36789153679274,8110529.338389975950122],[880468.282919662073255,8110284.620971451513469],[878923.197947787353769,8110529.338389975950122],[877529.356658199685626,8111239.535999576561153],[876423.197947787353769,8112345.694709989242256],[875713.000338186277077,8113739.535999576561153],[875468.282919662073255,8115284.620971451513469],[875713.000338186277077,8116829.705943326465786]]],[[[905354.354798841057345,8246895.578514771535993],[905516.704354752670042,8247920.613269316032529],[906226.901964353746735,8249314.454558903351426],[907333.060674766078591,8250420.613269316032529],[908726.901964353746735,8251130.81087891664356],[910271.98693622846622,8251375.528297441080213],[911817.071908103185706,8251130.81087891664356],[913210.913197690853849,8250420.613269316032529],[914317.071908103185706,8249314.454558903351426],[915027.269517704262398,8247920.613269316032529],[915271.98693622846622,8246375.528297441080213],[915027.269517704262398,8244830.443325566127896],[914970.369692691718228,8244718.771131235174835],[914725.909003743436188,8243175.307086109183729],[914015.711394142359495,8241781.465796521864831],[912909.552683730027638,8240675.307086109183729],[912713.276712211431004,8240575.299483496695757],[912638.40589292824734,8240500.428664213046432],[911244.564603340579197,8239790.2310546124354],[909699.479631465859711,8239545.513636087998748],[908154.394659591140226,8239790.2310546124354],[906760.553370003472082,8240500.428664213046432],[905654.394659591140226,8241606.587374625727534],[904944.197049990063533,8243000.428664213046432],[904699.479631465859711,8244545.513636087998748],[904944.197049990063533,8246090.598607962951064],[905354.354798841057345,8246895.578514771535993]]],[[[879690.631000343360938,8296877.530646473169327],[879935.34841886756476,8298422.615618348121643],[880645.546028468641452,8299816.45690793544054],[881751.704738880973309,8300922.615618348121643],[883145.546028468641452,8301632.813227948732674],[884690.631000343360938,8301877.530646473169327],[886235.715972218080424,8301632.813227948732674],[887629.557261805748567,8300922.615618348121643],[888735.715972218080424,8299816.45690793544054],[889445.913581819157116,8298422.615618348121643],[889690.631000343360938,8296877.530646473169327],[889445.913581819157116,8295332.44567459821701],[888735.715972218080424,8293938.604385010898113],[887629.557261805748567,8292832.44567459821701],[886235.715972218080424,8292122.248064997605979],[884690.631000343360938,8291877.530646473169327],[883145.546028468641452,8292122.248064997605979],[881751.704738880973309,8292832.44567459821701],[880645.546028468641452,8293938.604385010898113],[879935.34841886756476,8295332.44567459821701],[879690.631000343360938,8296877.530646473169327]]],[[[877167.114211482810788,8306407.506894294172525],[876060.955501070478931,8307513.665604706853628],[875350.757891469402239,8308907.506894294172525],[875106.040472945198417,8310452.591866169124842],[875350.757891469402239,8311997.676838044077158],[876060.955501070478931,8313391.518127631396055],[877167.114211482810788,8314497.676838044077158],[878560.955501070478931,8315207.874447644688189],[880106.040472945198417,8315452.591866169124842],[880368.40713164396584,8315411.037069771438837],[880553.82941505080089,8315440.405074352398515],[882098.914386925520375,8315195.687655827961862],[883492.755676513188519,8314485.490046227350831],[884598.914386925520375,8313379.331335814669728],[885309.111996526597068,8311985.490046227350831],[885553.82941505080089,8310440.405074352398515],[885534.997119190986268,8310321.502637842670083],[885544.288581000408158,8310262.838656770065427],[885299.571162476204336,8308717.753684895113111],[884589.373552875127643,8307323.912395307794213],[883483.214842462795787,8306217.753684895113111],[882089.373552875127643,8305507.556075294502079],[880544.288581000408158,8305262.838656770065427],[878999.203609125688672,8305507.556075294502079],[878970.953434242517687,8305521.950258349999785],[878897.829506825539283,8305533.531950668431818],[878583.364006413379684,8305693.760126116685569],[878560.955501070478931,8305697.309284693561494],[877167.114211482810788,8306407.506894294172525]]],[[[917651.896144186379388,8334130.895418340340257],[918362.09375378745608,8335524.736707927659154],[919468.252464199787937,8336630.895418340340257],[920862.09375378745608,8337341.093027940951288],[922407.178725662175566,8337585.81044646538794],[923952.263697536895052,8337341.093027940951288],[925346.104987124563195,8336630.895418340340257],[926452.263697536895052,8335524.736707927659154],[927162.461307137971744,8334130.895418340340257],[927407.178725662175566,8332585.81044646538794],[927162.461307137971744,8331040.725474590435624],[926452.263697536895052,8329646.884185003116727],[925346.104987124563195,8328540.725474590435624],[923952.263697536895052,8327830.527864989824593],[922407.178725662175566,8327585.81044646538794],[920862.09375378745608,8327830.527864989824593],[919468.252464199787937,8328540.725474590435624],[918362.09375378745608,8329646.884185003116727],[917651.896144186379388,8331040.725474590435624],[917407.178725662175566,8332585.81044646538794],[917651.896144186379388,8334130.895418340340257]]],[[[891005.379914215882309,8378188.937146062031388],[891250.097332740086131,8379734.022117936983705],[891960.294942341162823,8381127.863407524302602],[893066.45365275349468,8382234.022117936983705],[894460.294942341162823,8382944.219727537594736],[896005.379914215882309,8383188.937146062031388],[897550.464886090601794,8382944.219727537594736],[898944.306175678269938,8382234.022117936983705],[900050.464886090601794,8381127.863407524302602],[900760.662495691678487,8379734.022117936983705],[901005.379914215882309,8378188.937146062031388],[900760.662495691678487,8376643.852174187079072],[900050.464886090601794,8375250.010884599760175],[898944.306175678269938,8374143.852174187079072],[897550.464886090601794,8373433.654564586468041],[896005.379914215882309,8373188.937146062031388],[894460.294942341162823,8373433.654564586468041],[893066.45365275349468,8374143.852174187079072],[891960.294942341162823,8375250.010884599760175],[891250.097332740086131,8376643.852174187079072],[891005.379914215882309,8378188.937146062031388]]],[[[904265.456479538581334,8383755.179840506054461],[904210.493279054411687,8383746.474524758756161],[903620.784366607083939,8383839.875240811146796],[903544.147856257972308,8383827.73721001110971],[901999.062884383252822,8384072.454628535546362],[900605.221594795584679,8384782.652238136157393],[899499.062884383252822,8385888.810948548838496],[898788.86527478217613,8387282.652238136157393],[898544.147856257972308,8388827.73721001110971],[898788.86527478217613,8390372.822181886062026],[898954.754347518319264,8390698.397818787023425],[898746.628193759825081,8390592.352246740832925],[897201.543221885105595,8390347.634828217327595],[895656.458250010386109,8390592.352246740832925],[895613.898170926258899,8390614.037690166383982],[895553.436907167779282,8390623.613813588395715],[894159.595617580111139,8391333.811423189938068],[893053.436907167779282,8392439.970133602619171],[892343.239297566702589,8393833.811423189938068],[892098.521879042498767,8395378.896395064890385],[892343.239297566702589,8396923.981366939842701],[893053.436907167779282,8398317.822656527161598],[894159.595617580111139,8399423.981366939842701],[895553.436907167779282,8400134.178976541385055],[897098.521879042498767,8400378.896395064890385],[898643.606850917218253,8400134.178976541385055],[898686.166930001345463,8400112.493533115833998],[898746.628193759825081,8400102.917409693822265],[900140.469483347493224,8399392.719800092279911],[901246.628193759825081,8398286.561089679598808],[901956.825803360901773,8396892.719800092279911],[902201.543221885105595,8395347.634828217327595],[901956.825803360901773,8393802.549856342375278],[901804.885006236843765,8393504.349251691251993],[902684.181923762196675,8393952.373408833518624],[904229.266895636916161,8394197.090827357023954],[905774.351867511635646,8393952.373408833518624],[907168.193157099303789,8393242.175799231976271],[908274.351867511635646,8392136.017088819295168],[908984.549477112712339,8390742.175799231976271],[909229.266895636916161,8389197.090827357023954],[909219.485689016291872,8389135.334719240665436],[909280.062713311053813,8388752.86644034460187],[909035.34529478684999,8387207.781468469649553],[908325.147685185773298,8385813.940178882330656],[907218.988974773441441,8384707.781468469649553],[905825.147685185773298,8383997.583858869038522],[904280.062713311053813,8383752.86644034460187],[904265.456479538581334,8383755.179840506054461]]],[[[907691.021656670374796,8407598.922460678964853],[908401.219266271451488,8408992.763750266283751],[909507.377976683783345,8410098.922460678964853],[910901.219266271451488,8410809.120070280507207],[912446.304238146170974,8411053.837488804012537],[913738.826781851472333,8410849.122029112651944],[913596.519929927075282,8411747.612130999565125],[913841.237348451279104,8413292.697102874517441],[914551.434958052355796,8414686.538392461836338],[915657.593668464687653,8415792.697102874517441],[917051.434958052355796,8416502.894712476059794],[917185.020554405986331,8416524.052592389285564],[917247.90944772795774,8416921.117437858134508],[917685.379421804798767,8417779.700604824349284],[917231.606171228922904,8418670.280753521248698],[916986.888752704719082,8420215.365725396201015],[917231.606171228922904,8421760.450697271153331],[917941.803780829999596,8423154.291986858472228],[919047.962491242331453,8424260.450697271153331],[920441.803780829999596,8424970.648306872695684],[921986.888752704719082,8425215.365725396201015],[923531.973724579438567,8424970.648306872695684],[924925.81501416710671,8424260.450697271153331],[926031.973724579438567,8423154.291986858472228],[926742.17133418051526,8421760.450697271153331],[926986.888752704719082,8420215.365725396201015],[926742.17133418051526,8418670.280753521248698],[926304.701360103674233,8417811.697586555033922],[926758.474610679550096,8416921.117437858134508],[927003.192029203753918,8415376.032465983182192],[926758.474610679550096,8413830.947494108229876],[926048.277001078473404,8412437.106204520910978],[924942.118290666141547,8411330.947494108229876],[923548.277001078473404,8410620.749884506687522],[923414.691404724842869,8410599.592004593461752],[923351.80251140287146,8410202.527159124612808],[922641.604901801794767,8408808.685869537293911],[921535.446191389462911,8407702.527159124612808],[920141.604901801794767,8406992.329549523070455],[918596.519929927075282,8406747.612130999565125],[917303.997386221773922,8406952.327590690925717],[917446.304238146170974,8406053.837488804012537],[917201.586819621967152,8404508.752516929060221],[916491.389210020890459,8403114.911227341741323],[915385.230499608558603,8402008.752516929060221],[913991.389210020890459,8401298.554907327517867],[912446.304238146170974,8401053.837488804012537],[910901.219266271451488,8401298.554907327517867],[909507.377976683783345,8402008.752516929060221],[908401.219266271451488,8403114.911227341741323],[907691.021656670374796,8404508.752516929060221],[907446.304238146170974,8406053.837488804012537],[907691.021656670374796,8407598.922460678964853]]],[[[868730.857200606260449,8417651.02014122903347],[869441.054810207337141,8419044.861430816352367],[870547.213520619668998,8420151.02014122903347],[871941.054810207337141,8420861.217750830575824],[873486.139782082056627,8421105.935169354081154],[875031.224753956776112,8420861.217750830575824],[876425.066043544444256,8420151.02014122903347],[877531.224753956776112,8419044.861430816352367],[878241.422363557852805,8417651.02014122903347],[878486.139782082056627,8416105.935169354081154],[878241.422363557852805,8414560.850197479128838],[877531.224753956776112,8413167.00890789180994],[876425.066043544444256,8412060.850197479128838],[875031.224753956776112,8411350.652587877586484],[873486.139782082056627,8411105.935169354081154],[871941.054810207337141,8411350.652587877586484],[870547.213520619668998,8412060.850197479128838],[869441.054810207337141,8413167.00890789180994],[868730.857200606260449,8414560.850197479128838],[868486.139782082056627,8416105.935169354081154],[868730.857200606260449,8417651.02014122903347]]],[[[868727.147491668118164,8483113.283969068899751],[868482.430073143914342,8484658.368940943852067],[868522.071147335343994,8484908.652833163738251],[868394.31317332922481,8485715.284935057163239],[868639.030591853428632,8487260.369906932115555],[869349.228201454505324,8488654.211196519434452],[870455.386911866837181,8489760.369906932115555],[870714.67031132907141,8489892.481397589668632],[870735.875930919428356,8489913.687017180025578],[872129.717220507096499,8490623.884626781567931],[873674.802192381815985,8490868.602045305073261],[875219.88716425653547,8490623.884626781567931],[875304.926318511017598,8490580.555013485252857],[874877.112352655269206,8491420.187197275459766],[874632.394934131065384,8492965.272169150412083],[874877.112352655269206,8494510.357141025364399],[875587.309962256345898,8495904.198430612683296],[876693.468672668677755,8497010.357141025364399],[878087.309962256345898,8497720.554750626906753],[879632.394934131065384,8497965.272169150412083],[881177.479906005784869,8497720.554750626906753],[882571.321195593453012,8497010.357141025364399],[883677.479906005784869,8495904.198430612683296],[884387.677515606861562,8494510.357141025364399],[884632.394934131065384,8492965.272169150412083],[884387.677515606861562,8491420.187197275459766],[883677.479906005784869,8490026.345907688140869],[882571.321195593453012,8488920.187197275459766],[881177.479906005784869,8488209.989587673917413],[879632.394934131065384,8487965.272169150412083],[878087.309962256345898,8488209.989587673917413],[878002.27080800186377,8488253.319200970232487],[878430.084773857612163,8487413.687017180025578],[878674.802192381815985,8485868.602045305073261],[878498.605363692622632,8484756.139051286503673],[878531.219064885983244,8484550.22424597851932],[878286.501646361779422,8483005.139274103567004],[877576.304036760702729,8481611.297984516248107],[876470.145326348370872,8480505.139274103567004],[875076.304036760702729,8479794.941664502024651],[873531.219064885983244,8479550.22424597851932],[871986.134093011263758,8479794.941664502024651],[870592.292803423595615,8480505.139274103567004],[869486.134093011263758,8481611.297984516248107],[868775.936483410187066,8483005.139274103567004],[868773.088745956192724,8483023.119180766865611],[868727.147491668118164,8483113.283969068899751]]],[[[857769.896380262682214,8512673.847994811832905],[857122.06762746872846,8512026.019242018461227],[855728.226337881060317,8511315.821632416918874],[855704.099347162758932,8511312.000292494893074],[855647.689271601382643,8511283.257923388853669],[854102.604299726663157,8511038.540504865348339],[854070.113051442429423,8511043.686613040044904],[853857.713469240581617,8511010.045824088156223],[852312.628497365862131,8511254.763242611661553],[850918.787207778193988,8511964.960852213203907],[850318.324709931039251,8512565.423350060358644],[848933.229055180214345,8511859.68186398036778],[847388.14408330549486,8511614.96444545686245],[845843.059111430775374,8511859.68186398036778],[844449.217821843107231,8512569.879473581910133],[843343.059111430775374,8513676.038183994591236],[842632.861501829698682,8515069.879473581910133],[842388.14408330549486,8516614.96444545686245],[842632.861501829698682,8518160.049417331814766],[843343.059111430775374,8519553.890706919133663],[844449.217821843107231,8520660.049417331814766],[845843.059111430775374,8521370.24702693335712],[847388.14408330549486,8521614.96444545686245],[848933.229055180214345,8521370.24702693335712],[850327.070344767882489,8520660.049417331814766],[850506.297912414767779,8520480.821849685162306],[850792.024450642755255,8520766.548387913033366],[852185.865740230423398,8521476.74599751457572],[853730.950712105142884,8521721.46341603808105],[855276.03568397986237,8521476.74599751457572],[856669.876973567530513,8520766.548387913033366],[856891.461511405650526,8520544.963850075379014],[857249.442815442103893,8520362.563265224918723],[858355.601525854435749,8519256.40455481223762],[859065.799135455512442,8517862.563265224918723],[859310.516553979716264,8516317.478293349966407],[859092.258889793301933,8514939.45363550260663],[859635.106970269116573,8515482.301715979352593],[861028.948259856784716,8516192.499325580894947],[862574.033231731504202,8516437.216744104400277],[864119.118203606223688,8516192.499325580894947],[865512.959493193891831,8515482.301715979352593],[866619.118203606223688,8514376.143005566671491],[867329.31581320730038,8512982.301715979352593],[867574.033231731504202,8511437.216744104400277],[867329.31581320730038,8509892.131772229447961],[866619.118203606223688,8508498.290482642129064],[865512.959493193891831,8507392.131772229447961],[864119.118203606223688,8506681.934162627905607],[862574.033231731504202,8506437.216744104400277],[861028.948259856784716,8506681.934162627905607],[859635.106970269116573,8507392.131772229447961],[858528.948259856784716,8508498.290482642129064],[857818.750650255708024,8509892.131772229447961],[857574.033231731504202,8511437.216744104400277],[857769.896380262682214,8512673.847994811832905]]],[[[915241.63919041142799,8523231.115014303475618],[915951.836800012504682,8524624.956303890794516],[917057.995510424836539,8525731.115014303475618],[918451.836800012504682,8526441.312623905017972],[919996.921771887224168,8526686.030042428523302],[921542.006743761943653,8526441.312623905017972],[922935.848033349611796,8525731.115014303475618],[924042.006743761943653,8524624.956303890794516],[924752.204353363020346,8523231.115014303475618],[924996.921771887224168,8521686.030042428523302],[924752.204353363020346,8520140.945070553570986],[924042.006743761943653,8518747.103780966252089],[922935.848033349611796,8517640.945070553570986],[921542.006743761943653,8516930.747460952028632],[919996.921771887224168,8516686.030042428523302],[918451.836800012504682,8516930.747460952028632],[917057.995510424836539,8517640.945070553570986],[915951.836800012504682,8518747.103780966252089],[915241.63919041142799,8520140.945070553570986],[914996.921771887224168,8521686.030042428523302],[915241.63919041142799,8523231.115014303475618]]],[[[935056.243917122017592,8535010.950462721288204],[934346.0463075209409,8536404.791752308607101],[934101.328888996737078,8537949.876724183559418],[934346.0463075209409,8539494.961696058511734],[935056.243917122017592,8540888.802985645830631],[936162.402627534349449,8541994.961696058511734],[937556.243917122017592,8542705.159305660054088],[939101.328888996737078,8542949.876724183559418],[940646.413860871456563,8542705.159305660054088],[942040.255150459124707,8541994.961696058511734],[942094.238619310897775,8541940.978227207437158],[942171.955250539002009,8541901.379625746980309],[943278.113960951333866,8540795.220915334299207],[943988.311570552410558,8539401.379625746980309],[944233.02898907661438,8537856.294653872027993],[943988.311570552410558,8536311.209681997075677],[943278.113960951333866,8534917.36839240975678],[942171.955250539002009,8533811.209681997075677],[940778.113960951333866,8533101.012072395533323],[939233.02898907661438,8532856.294653872027993],[937687.944017201894894,8533101.012072395533323],[936294.102727614226751,8533811.209681997075677],[936240.119258762453683,8533865.193150848150253],[936162.402627534349449,8533904.791752308607101],[935056.243917122017592,8535010.950462721288204]]],[[[955022.625885286019184,8542886.350630532950163],[955732.823494887095876,8544280.19192012026906],[956838.982205299427733,8545386.350630532950163],[958232.823494887095876,8546096.548240134492517],[959777.908466761815362,8546341.265658657997847],[961322.993438636534847,8546096.548240134492517],[962716.834728224202991,8545386.350630532950163],[963822.993438636534847,8544280.19192012026906],[964533.19104823761154,8542886.350630532950163],[964777.908466761815362,8541341.265658657997847],[964533.19104823761154,8539796.18068678304553],[963822.993438636534847,8538402.339397195726633],[962716.834728224202991,8537296.18068678304553],[961322.993438636534847,8536585.983077181503177],[959777.908466761815362,8536341.265658657997847],[958232.823494887095876,8536585.983077181503177],[956838.982205299427733,8537296.18068678304553],[955732.823494887095876,8538402.339397195726633],[955022.625885286019184,8539796.18068678304553],[954777.908466761815362,8541341.265658657997847],[955022.625885286019184,8542886.350630532950163]]],[[[952052.933743823086843,8614826.40655074827373],[952297.651162347290665,8616371.491522623226047],[953007.848771948367357,8617765.332812210544944],[954114.007482360699214,8618871.491522623226047],[955507.848771948367357,8619581.6891322247684],[957052.933743823086843,8619826.40655074827373],[958598.018715697806329,8619581.6891322247684],[959991.860005285474472,8618871.491522623226047],[961098.018715697806329,8617765.332812210544944],[961808.216325298883021,8616371.491522623226047],[962052.933743823086843,8614826.40655074827373],[961808.216325298883021,8613281.321578873321414],[961098.018715697806329,8611887.480289286002517],[959991.860005285474472,8610781.321578873321414],[958598.018715697806329,8610071.12396927177906],[957052.933743823086843,8609826.40655074827373],[955507.848771948367357,8610071.12396927177906],[954114.007482360699214,8610781.321578873321414],[953007.848771948367357,8611887.480289286002517],[952297.651162347290665,8613281.321578873321414],[952052.933743823086843,8614826.40655074827373]]],[[[968224.131630308111198,8061061.640280588530004],[968468.84904883231502,8062606.72525246348232],[969179.046658433391713,8064000.566542050801218],[970285.205368845723569,8065106.72525246348232],[971679.046658433391713,8065816.922862064093351],[973224.131630308111198,8066061.640280588530004],[974769.216602182830684,8065816.922862064093351],[976163.057891770498827,8065106.72525246348232],[977269.216602182830684,8064000.566542050801218],[977979.414211783907376,8062606.72525246348232],[978224.131630308111198,8061061.640280588530004],[977979.414211783907376,8059516.555308713577688],[977269.216602182830684,8058122.71401912625879],[976163.057891770498827,8057016.555308713577688],[974769.216602182830684,8056306.357699112966657],[973224.131630308111198,8056061.640280588530004],[971679.046658433391713,8056306.357699112966657],[970285.205368845723569,8057016.555308713577688],[969179.046658433391713,8058122.71401912625879],[968468.84904883231502,8059516.555308713577688],[968224.131630308111198,8061061.640280588530004]]],[[[964486.75511525105685,8075778.107679350301623],[965592.913825663388707,8076884.266389762982726],[966986.75511525105685,8077594.463999363593757],[968531.840087125776336,8077839.18141788803041],[969451.152669381001033,8077693.576609063893557],[969885.40288292709738,8077762.355086097493768],[971430.487854801816866,8077517.637667573057115],[972824.329144389485009,8076807.440057972446084],[973930.487854801816866,8075701.281347559764981],[974640.685464402893558,8074307.440057972446084],[974885.40288292709738,8072762.355086097493768],[974640.685464402893558,8071217.270114222541451],[973930.487854801816866,8069823.428824635222554],[972824.329144389485009,8068717.270114222541451],[971430.487854801816866,8068007.07250462193042],[970661.899578458629549,8067885.340080632828176],[970643.649426089832559,8067876.041163544170558],[969098.564454215113074,8067631.323745019733906],[967553.479482340393588,8067876.041163544170558],[967217.154905932140537,8068047.407094514928758],[966986.75511525105685,8068083.898836412467062],[965592.913825663388707,8068794.096446013078094],[964486.75511525105685,8069900.255156425759196],[963776.557505649980158,8071294.096446013078094],[963531.840087125776336,8072839.18141788803041],[963776.557505649980158,8074384.266389762982726],[964486.75511525105685,8075778.107679350301623]]],[[[974496.583394394023344,8103051.125825646333396],[975206.781003995100036,8104444.967115233652294],[976312.939714407431893,8105551.125825646333396],[977706.781003995100036,8106261.323435246944427],[979251.865975869819522,8106506.04085377138108],[980796.950947744539008,8106261.323435246944427],[982190.792237332207151,8105551.125825646333396],[983296.950947744539008,8104444.967115233652294],[984007.1485573456157,8103051.125825646333396],[984251.865975869819522,8101506.04085377138108],[984007.1485573456157,8099960.955881896428764],[983296.950947744539008,8098567.114592309109867],[982190.792237332207151,8097460.955881896428764],[980796.950947744539008,8096750.758272295817733],[979251.865975869819522,8096506.04085377138108],[977706.781003995100036,8096750.758272295817733],[976312.939714407431893,8097460.955881896428764],[975206.781003995100036,8098567.114592309109867],[974496.583394394023344,8099960.955881896428764],[974251.865975869819522,8101506.04085377138108],[974496.583394394023344,8103051.125825646333396]]],[[[1009252.02192005852703,8108757.317841663956642],[1009962.219529659603722,8110151.159131251275539],[1011068.378240071935579,8111257.317841663956642],[1012462.219529659603722,8111967.515451264567673],[1012565.119431489962153,8111983.813194625079632],[1012107.19580995826982,8112882.538904962129891],[1011862.478391434065998,8114427.623876837082207],[1012107.19580995826982,8115972.708848712034523],[1012817.393419559346512,8117366.550138299353421],[1013923.552129971678369,8118472.708848712034523],[1015317.393419559346512,8119182.906458312645555],[1016862.478391434065998,8119427.623876837082207],[1018407.563363308785483,8119182.906458312645555],[1019801.404652896453626,8118472.708848712034523],[1020907.563363308785483,8117366.550138299353421],[1021617.760972909862176,8115972.708848712034523],[1021862.478391434065998,8114427.623876837082207],[1021617.760972909862176,8112882.538904962129891],[1020907.563363308785483,8111488.697615374810994],[1019801.404652896453626,8110382.538904962129891],[1018407.563363308785483,8109672.34129536151886],[1018304.663461478427052,8109656.043552001006901],[1018762.587083010119386,8108757.317841663956642],[1019007.304501534323208,8107212.232869789004326],[1018762.587083010119386,8105667.14789791405201],[1018052.389473409042694,8104273.306608326733112],[1016946.230762996710837,8103167.14789791405201],[1015552.389473409042694,8102456.950288313440979],[1014007.304501534323208,8102212.232869789004326],[1012462.219529659603722,8102456.950288313440979],[1011068.378240071935579,8103167.14789791405201],[1009962.219529659603722,8104273.306608326733112],[1009252.02192005852703,8105667.14789791405201],[1009007.304501534323208,8107212.232869789004326],[1009252.02192005852703,8108757.317841663956642]]],[[[984068.717928390717134,8122017.839435769245028],[983824.000509866513312,8123562.924407644197345],[984068.717928390717134,8125108.009379519149661],[984778.915537991793826,8126501.850669106468558],[985885.074248404125683,8127608.009379519149661],[987278.915537991793826,8128318.206989119760692],[988824.000509866513312,8128562.924407644197345],[990369.085481741232798,8128318.206989119760692],[991762.926771328900941,8127608.009379519149661],[992869.085481741232798,8126501.850669106468558],[993579.28309134230949,8125108.009379519149661],[993603.736258034943603,8124953.618161275051534],[993609.779689743649215,8124941.757258714176714],[993854.497108267853037,8123396.672286839224398],[993609.779689743649215,8121851.587314964272082],[992899.582080142572522,8120457.746025376953185],[991793.423369730240665,8119351.587314964272082],[990399.582080142572522,8118641.389705363661051],[988854.497108267853037,8118396.672286839224398],[987309.412136393133551,8118641.389705363661051],[985915.570846805465408,8119351.587314964272082],[984809.412136393133551,8120457.746025376953185],[984099.214526792056859,8121851.587314964272082],[984074.761360099422745,8122005.978533208370209],[984068.717928390717134,8122017.839435769245028]]],[[[1001802.242992839659564,8148753.427962386980653],[1002046.960411363863386,8150298.512934261932969],[1002757.158020964940079,8151692.354223849251866],[1003863.316731377271935,8152798.512934261932969],[1005257.158020964940079,8153508.710543862544],[1006802.242992839659564,8153753.427962386980653],[1008347.32796471437905,8153508.710543862544],[1009741.169254302047193,8152798.512934261932969],[1010847.32796471437905,8151692.354223849251866],[1011557.525574315455742,8150298.512934261932969],[1011802.242992839659564,8148753.427962386980653],[1011557.525574315455742,8147208.342990512028337],[1010847.32796471437905,8145814.501700924709439],[1009741.169254302047193,8144708.342990512028337],[1008347.32796471437905,8143998.145380911417305],[1006802.242992839659564,8143753.427962386980653],[1005257.158020964940079,8143998.145380911417305],[1003863.316731377271935,8144708.342990512028337],[1002757.158020964940079,8145814.501700924709439],[1002046.960411363863386,8147208.342990512028337],[1001802.242992839659564,8148753.427962386980653]]],[[[1005600.601517972303554,8207882.736300819553435],[1006310.799127573380247,8209276.577590406872332],[1007416.957837985712104,8210382.736300819553435],[1008810.799127573380247,8211092.933910420164466],[1010355.884099448099732,8211337.651328944601119],[1011900.969071322819218,8211092.933910420164466],[1013294.810360910487361,8210382.736300819553435],[1014400.969071322819218,8209276.577590406872332],[1015111.16668092389591,8207882.736300819553435],[1015355.884099448099732,8206337.651328944601119],[1015111.16668092389591,8204792.566357069648802],[1014400.969071322819218,8203398.725067482329905],[1013294.810360910487361,8202292.566357069648802],[1011900.969071322819218,8201582.368747469037771],[1010355.884099448099732,8201337.651328944601119],[1008810.799127573380247,8201582.368747469037771],[1007416.957837985712104,8202292.566357069648802],[1006310.799127573380247,8203398.725067482329905],[1005600.601517972303554,8204792.566357069648802],[1005355.884099448099732,8206337.651328944601119],[1005600.601517972303554,8207882.736300819553435]]],[[[994287.898053953191265,8249390.171717739664018],[994998.095663554267958,8250784.013007326982915],[996104.254373966599815,8251890.171717739664018],[997498.095663554267958,8252600.369327340275049],[999043.180635428987443,8252845.086745864711702],[1000588.265607303706929,8252600.369327340275049],[1001982.106896891375072,8251890.171717739664018],[1003088.265607303706929,8250784.013007326982915],[1003798.463216904783621,8249390.171717739664018],[1004043.180635428987443,8247845.086745864711702],[1003798.463216904783621,8246300.001773989759386],[1003088.265607303706929,8244906.160484402440488],[1001982.106896891375072,8243800.001773989759386],[1000588.265607303706929,8243089.804164389148355],[999043.180635428987443,8242845.086745864711702],[997498.095663554267958,8243089.804164389148355],[996104.254373966599815,8243800.001773989759386],[994998.095663554267958,8244906.160484402440488],[994287.898053953191265,8246300.001773989759386],[994043.180635428987443,8247845.086745864711702],[994287.898053953191265,8249390.171717739664018]]],[[[993084.014997258898802,8263411.028887536376715],[993328.732415783102624,8264956.113859411329031],[994038.930025384179316,8266349.955148998647928],[995145.088735796511173,8267456.113859411329031],[996538.930025384179316,8268166.311469011940062],[998084.014997258898802,8268411.028887536376715],[999629.099969133618288,8268166.311469011940062],[1001022.941258721286431,8267456.113859411329031],[1002129.099969133618288,8266349.955148998647928],[1002839.29757873469498,8264956.113859411329031],[1003084.014997258898802,8263411.028887536376715],[1002839.29757873469498,8261865.943915661424398],[1002129.099969133618288,8260472.102626074105501],[1001022.941258721286431,8259365.943915661424398],[999629.099969133618288,8258655.746306060813367],[998084.014997258898802,8258411.028887536376715],[996538.930025384179316,8258655.746306060813367],[995145.088735796511173,8259365.943915661424398],[994038.930025384179316,8260472.102626074105501],[993328.732415783102624,8261865.943915661424398],[993084.014997258898802,8263411.028887536376715]]],[[[990551.879766915575601,8274634.488739785738289],[991262.077376516652294,8276028.330029373057187],[992368.23608692898415,8277134.488739785738289],[993076.176181189133786,8277495.202234528958797],[991885.000202695373446,8277683.865975210443139],[990491.158913107705303,8278394.06358481105417],[989385.000202695373446,8279500.222295223735273],[988674.802593094296753,8280894.06358481105417],[988430.085174570092931,8282439.148556686006486],[988674.802593094296753,8283984.233528560958803],[989385.000202695373446,8285378.0748181482777],[990491.158913107705303,8286484.233528560958803],[991885.000202695373446,8287194.431138161569834],[993430.085174570092931,8287439.148556686006486],[994975.170146444812417,8287194.431138161569834],[996369.01143603248056,8286484.233528560958803],[997475.170146444812417,8285378.0748181482777],[998185.367756045889109,8283984.233528560958803],[998430.085174570092931,8282439.148556686006486],[998185.367756045889109,8280894.06358481105417],[997475.170146444812417,8279500.222295223735273],[996369.01143603248056,8278394.06358481105417],[995661.071341772330925,8278033.350090067833662],[996852.247320266091265,8277844.68634938634932],[998246.088609853759408,8277134.488739785738289],[999352.247320266091265,8276028.330029373057187],[1000062.444929867167957,8274634.488739785738289],[1000307.162348391371779,8273089.403767910785973],[1000062.444929867167957,8271544.318796035833657],[999352.247320266091265,8270150.47750644851476],[998246.088609853759408,8269044.318796035833657],[996852.247320266091265,8268334.121186435222626],[995307.162348391371779,8268089.403767910785973],[993762.077376516652294,8268334.121186435222626],[992368.23608692898415,8269044.318796035833657],[991262.077376516652294,8270150.47750644851476],[990551.879766915575601,8271544.318796035833657],[990307.162348391371779,8273089.403767910785973],[990551.879766915575601,8274634.488739785738289]]],[[[1001516.637748664128594,8283851.004045099951327],[1000410.479038251796737,8284957.16275551263243],[999700.281428650720045,8286351.004045099951327],[999548.248826785478741,8287310.900115407072008],[999377.588142818771303,8287283.870118491351604],[997832.503170944051817,8287528.587537015788257],[996438.661881356383674,8288238.785146616399288],[995332.503170944051817,8289344.943857029080391],[994622.305561342975125,8290738.785146616399288],[994377.588142818771303,8292283.870118491351604],[994622.305561342975125,8293828.955090366303921],[995332.503170944051817,8295222.796379953622818],[996438.661881356383674,8296328.955090366303921],[997832.503170944051817,8297039.152699966914952],[999377.588142818771303,8297283.870118491351604],[1000922.673114693490788,8297039.152699966914952],[1002316.514404281158932,8296328.955090366303921],[1003422.673114693490788,8295222.796379953622818],[1004132.870724294567481,8293828.955090366303921],[1004284.903326159808785,8292869.05902005918324],[1004455.564010126516223,8292896.089016974903643],[1006000.648982001235709,8292651.37159845046699],[1006019.560385308461264,8292641.735757179558277],[1005900.843594932695851,8293391.284072232432663],[1006145.561013456899673,8294936.36904410738498],[1006855.758623057976365,8296330.210333694703877],[1007662.681893366272561,8297137.133604003116488],[1007780.712320669554174,8297882.348393167369068],[1008490.909930270630866,8299276.189682754687965],[1009597.068640682962723,8300382.348393167369068],[1010990.909930270630866,8301092.546002767980099],[1012535.994902145350352,8301337.263421292416751],[1013868.413784502306953,8301126.229002332314849],[1013874.965806169435382,8301139.088068888522685],[1014981.124516581767239,8302245.246779301203787],[1016374.965806169435382,8302955.444388901814818],[1017920.050778044154868,8303200.161807426251471],[1019465.135749918874353,8302955.444388901814818],[1020858.977039506542496,8302245.246779301203787],[1021965.135749918874353,8301139.088068888522685],[1022675.333359519951046,8299745.246779301203787],[1022920.050778044154868,8298200.161807426251471],[1022675.333359519951046,8296655.076835551299155],[1022361.046665560803376,8296038.254468246363103],[1022420.8683676274959,8295660.555106212384999],[1022180.076711373287253,8294140.256421815603971],[1023470.20900836517103,8294797.611660347320139],[1025015.293980239890516,8295042.329078871756792],[1026560.378952114610001,8294797.611660347320139],[1026921.323456904268824,8294613.701249302364886],[1027597.396276564686559,8294720.780664462596178],[1029142.481248439406045,8294476.063245938159525],[1030536.322538027074188,8293765.865636337548494],[1031642.481248439406045,8292659.706925924867392],[1032352.678858040482737,8291265.865636337548494],[1032597.396276564686559,8289720.780664462596178],[1032352.678858040482737,8288175.695692587643862],[1031642.481248439406045,8286781.854403000324965],[1030536.322538027074188,8285675.695692587643862],[1029142.481248439406045,8284965.498082987032831],[1027597.396276564686559,8284720.780664462596178],[1026052.311304689967074,8284965.498082987032831],[1025691.366799900308251,8285149.408494031988084],[1025015.293980239890516,8285042.329078871756792],[1023470.20900836517103,8285287.046497396193445],[1022076.367718777502887,8285997.244106996804476],[1020970.20900836517103,8287103.402817409485579],[1020674.552240926073864,8287683.661895208992064],[1020545.572267312789336,8286869.314391445368528],[1019835.374657711712644,8285475.473101858049631],[1018729.215947299380787,8284369.314391445368528],[1017335.374657711712644,8283659.116781844757497],[1015790.289685836993158,8283414.399363320320845],[1014245.204713962273672,8283659.116781844757497],[1012887.720266220392659,8284350.789655261673033],[1012178.146204932010733,8283641.215593973174691],[1010784.304915344342589,8282931.01798437256366],[1009239.219943469623104,8282686.300565848127007],[1007694.134971594903618,8282931.01798437256366],[1006641.525467740371823,8283467.349314966239035],[1006000.648982001235709,8283140.806435499340296],[1004455.564010126516223,8282896.089016974903643],[1002910.479038251796737,8283140.806435499340296],[1001516.637748664128594,8283851.004045099951327]]],[[[1009684.174483175622299,8344159.100277633406222],[1010394.372092776698992,8345552.941567220725119],[1011500.530803189030848,8346659.100277633406222],[1012894.372092776698992,8347369.297887234017253],[1014439.457064651418477,8347614.015305758453906],[1015984.542036526137963,8347369.297887234017253],[1017378.383326113806106,8346659.100277633406222],[1018484.542036526137963,8345552.941567220725119],[1019194.739646127214655,8344159.100277633406222],[1019439.457064651418477,8342614.015305758453906],[1019194.739646127214655,8341068.930333883501589],[1018484.542036526137963,8339675.089044296182692],[1017378.383326113806106,8338568.930333883501589],[1015984.542036526137963,8337858.732724282890558],[1014439.457064651418477,8337614.015305758453906],[1012894.372092776698992,8337858.732724282890558],[1011500.530803189030848,8338568.930333883501589],[1010394.372092776698992,8339675.089044296182692],[1009684.174483175622299,8341068.930333883501589],[1009439.457064651418477,8342614.015305758453906],[1009684.174483175622299,8344159.100277633406222]]],[[[1003728.236506653833203,8351052.117645747959614],[1003972.953925178037025,8352597.20261762291193],[1004683.151534779113717,8353991.043907210230827],[1005789.310245191445574,8355097.20261762291193],[1007183.151534779113717,8355807.400227223522961],[1008728.236506653833203,8356052.117645747959614],[1010273.321478528552689,8355807.400227223522961],[1011667.162768116220832,8355097.20261762291193],[1012773.321478528552689,8353991.043907210230827],[1013483.519088129629381,8352597.20261762291193],[1013728.236506653833203,8351052.117645747959614],[1013483.519088129629381,8349507.032673873007298],[1012773.321478528552689,8348113.1913842856884],[1011667.162768116220832,8347007.032673873007298],[1010273.321478528552689,8346296.835064272396266],[1008728.236506653833203,8346052.117645747959614],[1007183.151534779113717,8346296.835064272396266],[1005789.310245191445574,8347007.032673873007298],[1004683.151534779113717,8348113.1913842856884],[1003972.953925178037025,8349507.032673873007298],[1003728.236506653833203,8351052.117645747959614]]],[[[987589.025244768476114,8363368.219340418465436],[987692.609235055395402,8363571.514367957599461],[987411.15454298723489,8363616.092411837540567],[986017.313253399566747,8364326.290021438151598],[984911.15454298723489,8365432.448731850832701],[984200.956933386158198,8366826.290021438151598],[983956.239514861954376,8368371.374993313103914],[984200.956933386158198,8369916.459965188056231],[984911.15454298723489,8371310.301254775375128],[986017.313253399566747,8372416.459965188056231],[987070.597083474276587,8372953.134882152080536],[985923.561420962447301,8373134.807483591139317],[984529.720131374779157,8373845.005093191750348],[983423.561420962447301,8374951.16380360443145],[982713.363811361370608,8376345.005093191750348],[982468.646392837166786,8377890.090065066702664],[982470.335445227217861,8377900.754322152584791],[982084.699855758342892,8378286.389911621809006],[981374.5022461572662,8379680.231201209127903],[981240.42239498172421,8380526.778064656071365],[981033.57670326565858,8380932.735592236742377],[980788.859284741454758,8382477.820564111694694],[981033.57670326565858,8384022.90553598664701],[981743.774312866735272,8385416.746825573965907],[982849.933023279067129,8386522.90553598664701],[984243.774312866735272,8387233.103145587258041],[985788.859284741454758,8387477.820564111694694],[985832.649136315914802,8387470.884932978078723],[986494.839379199780524,8388133.075175862759352],[986485.34172554849647,8388151.715370696038008],[986240.624307024292648,8389696.800342570990324],[986485.34172554849647,8391241.88531444594264],[987195.539335149573162,8392635.726604033261538],[988301.698045561905019,8393741.88531444594264],[989695.539335149573162,8394452.082924047484994],[991240.624307024292648,8394696.800342570990324],[992785.709278899012133,8394452.082924047484994],[994164.593721524463035,8393749.506208617240191],[994671.004391614813358,8393829.713779173791409],[996216.089363489532843,8393584.996360650286078],[997609.930653077200986,8392874.798751048743725],[998716.089363489532843,8391768.640040636062622],[999426.286973090609536,8390374.798751048743725],[999671.004391614813358,8388829.713779173791409],[999426.286973090609536,8387284.628807298839092],[998716.089363489532843,8385890.787517711520195],[998319.38301553518977,8385494.081169757060707],[998599.982222116086632,8385213.48196317628026],[999532.391078366199508,8385361.161018026992679],[1001077.476050240918994,8385116.443599502556026],[1002471.317339828587137,8384406.245989901944995],[1003577.476050240918994,8383300.087279489263892],[1004287.673659841995686,8381906.245989901944995],[1004290.790069073322229,8381886.569756397046149],[1004477.035996685503051,8381521.041542258113623],[1004619.94840515172109,8380618.728106838651001],[1005498.254129524924792,8381497.033831211738288],[1005606.883057680795901,8381552.383034658618271],[1005268.082278083078563,8382217.31700397003442],[1005023.364859558874741,8383762.401975844986737],[1005268.082278083078563,8385307.486947719939053],[1005978.279887684155256,8386701.32823730725795],[1006398.53062767686788,8387121.578977299854159],[1006366.25945442635566,8387325.331146290525794],[1006610.976872950559482,8388870.41611816547811],[1007321.174482551636174,8390264.257407752797008],[1008427.333192963968031,8391370.41611816547811],[1009821.174482551636174,8392080.613727767020464],[1011366.25945442635566,8392325.331146290525794],[1012911.344426301075146,8392080.613727767020464],[1014305.185715888743289,8391370.41611816547811],[1014714.593006140901707,8390961.008827913552523],[1014918.365368905244395,8392247.576891966164112],[1015628.562978506321087,8393641.418181553483009],[1016734.721688918652944,8394747.576891966164112],[1018128.562978506321087,8395457.774501567706466],[1019673.647950381040573,8395702.491920091211796],[1020709.241898122127168,8395538.469952275976539],[1021274.627124868100509,8395826.548114070668817],[1022819.712096742819995,8396071.265532594174147],[1024364.79706861753948,8395826.548114070668817],[1025758.638358205207624,8395116.350504469126463],[1026181.629186495789327,8394693.35967617854476],[1026979.825170565512963,8394819.78150038421154],[1028524.910142440232448,8394575.06408186070621],[1029918.751432027900591,8393864.866472259163857],[1029955.630513473995961,8393827.98739081248641],[1030450.610247061355039,8394322.967124400660396],[1031158.607634291402064,8394683.709811370819807],[1030582.984201261308044,8394977.004599824547768],[1029476.825490848976187,8396083.16331023722887],[1028766.627881247899495,8397477.004599824547768],[1028670.211432997137308,8398085.754096006974578],[1027315.020605906378478,8397871.112955326214433],[1025769.935634031658992,8398115.830373849719763],[1024376.094344443990849,8398826.027983451262116],[1023269.935634031658992,8399932.186693863943219],[1022559.7380244305823,8401326.027983451262116],[1022315.020605906378478,8402871.112955326214433],[1022559.7380244305823,8404416.197927201166749],[1023269.935634031658992,8405810.039216788485646],[1024282.719258571742103,8406822.822841329500079],[1024225.457964770495892,8407184.356421798467636],[1024470.175383294699714,8408729.441393673419952],[1024561.013601724407636,8408907.721435464918613],[1023937.05528865440283,8408283.763122394680977],[1022543.213999066734686,8407573.565512793138623],[1020998.129027192015201,8407328.848094269633293],[1019453.044055317295715,8407573.565512793138623],[1018059.202765729627572,8408283.763122394680977],[1016953.044055317295715,8409389.92183280736208],[1016671.820011321571656,8409941.855095954611897],[1015730.121034142677672,8409000.156118774786592],[1014336.279744555009529,8408289.958509173244238],[1012791.194772680290043,8408045.241090649738908],[1011246.109800805570558,8408289.958509173244238],[1009852.268511217902415,8409000.156118774786592],[1008746.109800805570558,8410106.314829187467694],[1008035.912191204493865,8411500.156118774786592],[1007791.194772680290043,8413045.241090649738908],[1008035.912191204493865,8414590.326062524691224],[1008746.109800805570558,8415984.167352112010121],[1009852.268511217902415,8417090.326062524691224],[1011246.109800805570558,8417800.523672126233578],[1012791.194772680290043,8418045.241090649738908],[1014336.279744555009529,8417800.523672126233578],[1015597.09899282886181,8417158.104177918285131],[1015720.615987898549065,8417937.95979262702167],[1016068.642330454546027,8418620.999948719516397],[1015267.07532174186781,8419422.56695743277669],[1014754.912337318412028,8420427.743411192670465],[1014349.627685211016797,8420634.246255731210113],[1013972.200524509884417,8421011.673416431993246],[1013368.460605887928978,8419826.767109552398324],[1012262.301895475597121,8418720.608399139717221],[1010868.460605887928978,8418010.410789538174868],[1009323.375634013209492,8417765.693371014669538],[1007778.290662138490006,8418010.410789538174868],[1006384.449372550821863,8418720.608399139717221],[1005278.290662138490006,8419826.767109552398324],[1004568.093052537413314,8421220.608399139717221],[1004323.375634013209492,8422765.693371014669538],[1004568.093052537413314,8424310.778342889621854],[1005278.290662138490006,8425704.619632476940751],[1006384.449372550821863,8426810.778342889621854],[1007231.780018299934454,8427242.514871034771204],[1007218.437326109968126,8427255.85756322555244],[1006508.239716508891433,8428649.698852812871337],[1006263.522297984687611,8430194.783824687823653],[1006508.239716508891433,8431739.86879656277597],[1007218.437326109968126,8433133.710086150094867],[1008233.828495192923583,8434149.101255234330893],[1007219.045407659374177,8435163.884342767298222],[1006508.847798058297485,8436557.725632354617119],[1006264.130379534093663,8438102.810604229569435],[1006508.847798058297485,8439647.895576104521751],[1007219.045407659374177,8441041.736865691840649],[1008325.204118071706034,8442147.895576104521751],[1009719.045407659374177,8442858.093185706064105],[1011264.130379534093663,8443102.810604229569435],[1012809.215351408813149,8442858.093185706064105],[1014203.056640996481292,8442147.895576104521751],[1015309.215351408813149,8441041.736865691840649],[1016019.412961009889841,8439647.895576104521751],[1016264.130379534093663,8438102.810604229569435],[1016019.412961009889841,8436557.725632354617119],[1015309.215351408813149,8435163.884342767298222],[1014293.824182325857691,8434148.493173684924841],[1015040.269822222064249,8433402.047533787786961],[1015069.477971096755937,8433586.460527986288071],[1015779.675580697832629,8434980.301817573606968],[1016885.834291110164486,8436086.460527986288071],[1018279.675580697832629,8436796.658137587830424],[1019824.760552572552115,8437041.375556111335754],[1021369.8455244472716,8436796.658137587830424],[1022763.686814034939744,8436086.460527986288071],[1023869.8455244472716,8434980.301817573606968],[1024580.043134048348293,8433586.460527986288071],[1024824.760552572552115,8432041.375556111335754],[1024735.244065283914097,8431476.190698903053999],[1024837.719004923594184,8430829.189393537119031],[1024593.001586399390362,8429284.104421662166715],[1023882.80397679831367,8427890.263132074847817],[1022776.645266385981813,8426784.104421662166715],[1022285.681752004777081,8426533.946016311645508],[1022425.789536937722005,8426462.557534215971828],[1023531.948247350053862,8425356.398823803290725],[1024242.145856951130554,8423962.557534215971828],[1024283.131732564535923,8423703.782899981364608],[1024795.818661786266603,8424216.469829203560948],[1026189.659951373934746,8424926.667438805103302],[1027734.744923248654231,8425171.384857328608632],[1029279.829895123373717,8424926.667438805103302],[1030673.67118471104186,8424216.469829203560948],[1031779.829895123373717,8423110.311118790879846],[1032490.027504724450409,8421716.469829203560948],[1032734.744923248654231,8420171.384857328608632],[1032490.027504724450409,8418626.299885453656316],[1031779.829895123373717,8417232.458595866337419],[1030673.67118471104186,8416126.299885453656316],[1029279.829895123373717,8415416.102275852113962],[1027734.744923248654231,8415171.384857328608632],[1026189.659951373934746,8415416.102275852113962],[1025386.045415365835652,8415825.564333532005548],[1025237.35272719617933,8414886.755648380145431],[1025753.411608667811379,8413873.933066144585609],[1025998.129027192015201,8412328.848094269633293],[1025753.411608667811379,8410783.763122394680977],[1025662.573390238103457,8410605.483080603182316],[1026286.531703308108263,8411229.441393673419952],[1027680.372992895776406,8411939.639003274962306],[1027811.995487346546724,8411960.485958391800523],[1027981.290223350515589,8413029.370854264125228],[1028691.487832951592281,8414423.212143851444125],[1029797.646543363924138,8415529.370854264125228],[1031191.487832951592281,8416239.568463865667582],[1032736.572804826311767,8416484.285882389172912],[1032993.591904222848825,8416443.578056178987026],[1033676.254491625353694,8417126.24064358137548],[1035070.095781213021837,8417836.438253182917833],[1036615.180753087741323,8418081.155671706423163],[1037177.795540241873823,8417992.046243524178863],[1037277.423924670671113,8418621.075106617063284],[1037987.621534271747805,8420014.916396204382181],[1039093.780244684079662,8421121.075106617063284],[1040056.050154870608822,8421611.376115139573812],[1039817.151290113804862,8423119.724184352904558],[1040061.868708638008684,8424664.809156227856874],[1040772.066318239085376,8426058.650445815175772],[1041878.225028651417233,8427164.809156227856874],[1043272.066318239085376,8427875.006765829399228],[1043946.864077522535808,8427981.884231265634298],[1042954.429868226172403,8428974.31844056211412],[1042244.23225862509571,8430368.159730149433017],[1041999.514840100891888,8431913.244702024385333],[1042244.23225862509571,8433458.329673899337649],[1042954.429868226172403,8434852.170963486656547],[1044060.588578638504259,8435958.329673899337649],[1045454.429868226172403,8436668.527283500880003],[1046999.514840100891888,8436913.244702024385333],[1048544.599811975611374,8436668.527283500880003],[1049904.740606945008039,8435975.50093356706202],[1049430.227824988542125,8436906.784704431891441],[1049185.510406464338303,8438451.869676306843758],[1049430.227824988542125,8439996.954648181796074],[1050140.425434589618817,8441390.795937769114971],[1051246.584145002067089,8442496.954648181796074],[1052330.486201043473557,8443049.230330495163798],[1051792.781968505121768,8443134.394314425066113],[1050398.94067891757004,8443844.591924026608467],[1049823.874569669598714,8444419.658033274114132],[1049807.818860775791109,8444417.115058807656169],[1048262.733888901071623,8444661.832477331161499],[1046868.89259931340348,8445372.030086932703853],[1045762.733888901071623,8446478.188797345384955],[1045052.536279299994931,8447872.030086932703853],[1044807.818860775791109,8449417.115058807656169],[1045052.536279299994931,8450962.200030682608485],[1045762.733888901071623,8452356.041320269927382],[1046714.477729063597508,8453307.785160433501005],[1045780.307165389531292,8453159.827078538015485],[1044235.222193514811806,8453404.544497061520815],[1042841.380903927143663,8454114.742106663063169],[1041735.222193514811806,8455220.900817075744271],[1041025.024583913735114,8456614.742106663063169],[1040780.307165389531292,8458159.827078538015485],[1041025.024583913735114,8459704.912050412967801],[1041735.222193514811806,8461098.753340000286698],[1042841.380903927143663,8462204.912050412967801],[1044235.222193514811806,8462915.109660014510155],[1045780.307165389531292,8463159.827078538015485],[1047325.392137264250778,8462915.109660014510155],[1048719.233426851918921,8462204.912050412967801],[1049825.392137264367193,8461098.753340000286698],[1050535.589746865211055,8459704.912050412967801],[1050780.307165389414877,8458159.827078538015485],[1050535.589746865211055,8456614.742106663063169],[1049825.392137264367193,8455220.900817075744271],[1048873.648297101724893,8454269.156976912170649],[1049807.818860775791109,8454417.115058807656169],[1051352.903832650510594,8454172.397640284150839],[1052746.745122238062322,8453462.200030682608485],[1053321.811231486033648,8452887.13392143510282],[1053337.866940379841253,8452889.676895901560783],[1054882.951912254560739,8452644.959477378055453],[1056276.793201842112467,8451934.7618677765131],[1057382.951912254560739,8450828.603157363831997],[1058093.149521855637431,8449434.7618677765131],[1058337.866940379841253,8447889.676895901560783],[1058093.149521855637431,8446344.591924026608467],[1057382.951912254560739,8444950.75063443928957],[1056276.793201842112467,8443844.591924026608467],[1055192.891145800705999,8443292.316241713240743],[1055730.595378339057788,8443207.152257783338428],[1057124.436667926609516,8442496.954648181796074],[1058230.595378339057788,8441390.795937769114971],[1058940.792987940134481,8439996.954648181796074],[1059185.510406464338303,8438451.869676306843758],[1058940.792987940134481,8436906.784704431891441],[1058230.595378339057788,8435512.943414844572544],[1057124.436667926609516,8434406.784704431891441],[1057079.119551445823163,8434383.69448028691113],[1057898.780145400902256,8433564.033886332064867],[1058608.977755001978949,8432170.19259674474597],[1058853.695173526182771,8430625.107624869793653],[1058608.977755001978949,8429080.022652994841337],[1057898.780145400902256,8427686.18136340752244],[1056792.621434988453984,8426580.022652994841337],[1055398.780145400902256,8425869.825043393298984],[1053853.695173526182771,8425625.107624869793653],[1052308.610201651463285,8425869.825043393298984],[1050914.768912063911557,8426580.022652994841337],[1049808.610201651463285,8427686.18136340752244],[1049761.757511825999245,8427778.134944669902325],[1048544.599811975611374,8427157.962120547890663],[1047869.802052692160942,8427051.084655111655593],[1048862.236261988524348,8426058.650445815175772],[1049056.482359265908599,8425677.421014646068215],[1049315.190055611776188,8425418.713318299502134],[1050025.38766521262005,8424024.872028712183237],[1050136.991247150115669,8423320.234744211658835],[1050691.838324425276369,8423875.081821486353874],[1052085.679614012828097,8424585.279431087896228],[1053630.764585887547582,8424829.996849611401558],[1055175.849557762267068,8424585.279431087896228],[1056569.690847349818796,8423875.081821486353874],[1057659.50722022796981,8422785.265448607504368],[1058333.9330075585749,8422678.446897741407156],[1059727.774297146126628,8421968.249288139864802],[1059774.647979574045166,8421921.375605711713433],[1060174.726271124556661,8421717.525534376502037],[1061280.884981537004933,8420611.366823963820934],[1061642.549996757647023,8419901.559265619143844],[1062395.749615398002788,8419148.359646977856755],[1063105.947224999079481,8417754.518357390537858],[1063350.664643523283303,8416209.433385515585542],[1063105.947224999079481,8414664.348413640633225],[1062395.749615398002788,8413270.507124053314328],[1061289.590904985554516,8412164.348413640633225],[1059895.749615398002788,8411454.150804039090872],[1058350.664643523283303,8411209.433385515585542],[1056805.579671648563817,8411454.150804039090872],[1055598.520882739918306,8412069.17797602340579],[1055534.915992924943566,8412059.103951148688793],[1055256.96668583038263,8412103.126796592026949],[1055017.834080446977168,8412065.251912724226713],[1053744.332110752118751,8411416.3702491838485],[1052199.247138877399266,8411171.65283066034317],[1050654.16216700267978,8411416.3702491838485],[1049260.320877415128052,8412126.567858785390854],[1048154.16216700267978,8413232.726569198071957],[1048068.626905626500957,8413400.598971765488386],[1047850.197698049596511,8412021.491231577470899],[1047140.000088448519818,8410627.649941990152001],[1046748.563057088875212,8410236.212910629808903],[1047654.606110359542072,8409774.560916651040316],[1048760.764820771990344,8408668.402206238359213],[1049470.962430372834206,8407274.560916651040316],[1049715.679848897270858,8405729.475944776087999],[1049470.962430372834206,8404184.390972901135683],[1048760.764820771990344,8402790.549683313816786],[1047654.606110359542072,8401684.390972901135683],[1046260.764820771873929,8400974.193363299593329],[1044715.679848897154443,8400729.475944776087999],[1043170.594877022434957,8400974.193363299593329],[1041776.753587434766814,8401684.390972901135683],[1040670.594877022434957,8402790.549683313816786],[1039960.397267421358265,8404184.390972901135683],[1039898.309790751431137,8404576.395872768014669],[1039342.123383574653417,8404293.004743648692966],[1038737.033253702451475,8404197.167882082983851],[1038154.813243967713788,8403054.496774462983012],[1037314.163868632633239,8402213.84739912673831],[1037566.995434598415159,8401961.015833161771297],[1038277.193044199491851,8400567.1745435744524],[1038521.910462723695673,8399022.089571699500084],[1038277.193044199491851,8397477.004599824547768],[1037566.995434598415159,8396083.16331023722887],[1036460.836724186083302,8394977.004599824547768],[1035752.839336956036277,8394616.261912854388356],[1036328.462769986130297,8394322.967124400660396],[1037434.621480398462154,8393216.808413987979293],[1038144.819089999538846,8391822.967124400660396],[1038389.536508523742668,8390277.882152525708079],[1038144.819089999538846,8388732.797180650755763],[1037434.621480398462154,8387338.955891063436866],[1036328.462769986130297,8386232.797180650755763],[1034934.621480398462154,8385522.599571050144732],[1033389.536508523742668,8385277.882152525708079],[1031844.451536649023183,8385522.599571050144732],[1030585.768208248424344,8386163.930759724229574],[1029879.308926501777023,8384777.426351657137275],[1028773.150216089445166,8383671.267641244456172],[1027379.308926501777023,8382961.070031643845141],[1025834.223954627057537,8382716.352613119408488],[1024289.138982752338052,8382961.070031643845141],[1023211.82598762656562,8383509.988419731147587],[1022091.130422595888376,8383687.489159572869539],[1020697.289133008220233,8384397.68676917348057],[1019591.130422595888376,8385503.845479586161673],[1019473.785962804337032,8385734.146949135698378],[1018128.562978506321087,8385947.209338615648448],[1016734.721688918652944,8386657.40694821625948],[1016325.314398666494526,8387066.814238468185067],[1016121.542035902151838,8385780.246174415573478],[1015411.344426301075146,8384386.40488482825458],[1014991.093686308362521,8383966.154144835658371],[1015023.364859558874741,8383762.401975844986737],[1014778.647441034670919,8382217.31700397003442],[1014068.449831433594227,8380823.475714382715523],[1012962.29112102126237,8379717.31700397003442],[1012853.662192865391262,8379661.967800523154438],[1013192.462972463108599,8378997.033831211738288],[1013437.180390987312421,8377451.948859336785972],[1013192.462972463108599,8375906.863887461833656],[1013036.864368156180717,8375601.484432007186115],[1013190.501072284532711,8375679.766242736950517],[1014735.586044159252197,8375924.483661261387169],[1016280.671016033971682,8375679.766242736950517],[1017674.512305621639825,8374969.568633136339486],[1018780.671016033971682,8373863.409922723658383],[1019490.868625635048375,8372469.568633136339486],[1019735.586044159252197,8370924.483661261387169],[1019501.637546592857689,8369447.390980394557118],[1020804.035022584721446,8369653.670475710183382],[1022349.119994459440932,8369408.953057185746729],[1023742.961284047109075,8368698.755447585135698],[1024849.119994459440932,8367592.596737172454596],[1025559.317604060517624,8366198.755447585135698],[1025804.035022584721446,8364653.670475710183382],[1025559.317604060517624,8363108.585503835231066],[1024849.119994459440932,8361714.744214247912169],[1023742.961284047109075,8360608.585503835231066],[1022349.119994459440932,8359898.387894234620035],[1020804.035022584721446,8359653.670475710183382],[1019258.95005071000196,8359898.387894234620035],[1017865.108761122333817,8360608.585503835231066],[1016758.95005071000196,8361714.744214247912169],[1016048.752441108925268,8363108.585503835231066],[1015804.035022584721446,8364653.670475710183382],[1016037.983520151115954,8366130.763156577013433],[1014735.586044159252197,8365924.483661261387169],[1013190.501072284532711,8366169.201079785823822],[1011796.659782696864568,8366879.398689386434853],[1010690.501072284532711,8367985.557399799115956],[1009980.303462683456019,8369379.398689386434853],[1009735.586044159252197,8370924.483661261387169],[1009980.303462683456019,8372469.568633136339486],[1010135.902066990383901,8372774.948088590987027],[1009982.265362862031907,8372696.666277861222625],[1008437.180390987312421,8372451.948859336785972],[1006892.095419112592936,8372696.666277861222625],[1006373.894043820328079,8372960.703066535294056],[1006225.912582837510854,8372026.384893110953271],[1005515.714973236434162,8370632.543603523634374],[1004521.680055728880689,8369638.508686015382409],[1003928.004828424542211,8368473.355448050424457],[1002821.846118012210354,8367367.196737637743354],[1001428.004828424542211,8366656.999128037132323],[1001056.252741276053712,8366598.11938177421689],[1000693.288772067520767,8366235.155412565916777],[1000463.952736887848005,8364787.184673080220819],[999753.755127286771312,8363393.343383492901921],[998647.596416874439456,8362287.184673080220819],[997309.848727274220437,8361605.56818022672087],[997099.59040772006847,8360278.049396668560803],[996389.392798118991777,8358884.208107081241906],[995283.234087706659921,8357778.049396668560803],[993889.392798118991777,8357067.851787067949772],[992344.307826244272292,8356823.134368543513119],[990799.222854369552806,8357067.851787067949772],[989405.381564781884663,8357778.049396668560803],[988299.222854369552806,8358884.208107081241906],[987589.025244768476114,8360278.049396668560803],[987344.307826244272292,8361823.134368543513119],[987589.025244768476114,8363368.219340418465436]],[[1046921.419142048922367,8417778.63089837692678],[1047032.706506146467291,8417075.990134742110968],[1046969.374564037658274,8416676.127989325672388],[1047140.000088448519818,8416505.502464914694428],[1047225.535349824698642,8416337.630062347277999],[1047443.964557401603088,8417716.737802535295486],[1047669.789798755315132,8418159.944793624803424],[1046921.419142048922367,8417778.63089837692678]]],[[[981060.499893736676313,8404847.672885024920106],[979954.341183324344456,8405953.831595437601209],[979244.143573723267764,8407347.672885024920106],[978999.426155199063942,8408892.757856899872422],[979244.143573723267764,8410437.842828774824739],[979954.341183324344456,8411831.684118362143636],[981060.499893736676313,8412937.842828774824739],[982454.341183324344456,8413648.040438376367092],[983999.426155199063942,8413892.757856899872422],[985544.511127073783427,8413648.040438376367092],[986938.352416661451571,8412937.842828774824739],[988044.511127073783427,8411831.684118362143636],[988535.502983046346344,8410868.058343712240458],[988802.144363333238289,8410825.826497929170728],[990195.985652920906432,8410115.628888327628374],[991302.144363333238289,8409009.470177914947271],[992012.341972934314981,8407615.628888327628374],[992257.059391458518803,8406070.543916452676058],[992012.341972934314981,8404525.458944577723742],[991302.144363333238289,8403131.617654990404844],[990195.985652920906432,8402025.458944577723742],[988802.144363333238289,8401315.261334976181388],[987257.059391458518803,8401070.543916452676058],[985711.974419583799317,8401315.261334976181388],[984318.133129996131174,8402025.458944577723742],[983211.974419583799317,8403131.617654990404844],[982720.982563611236401,8404095.243429640308022],[982454.341183324344456,8404137.475275423377752],[981060.499893736676313,8404847.672885024920106]]],[[[994844.338206058135256,8407869.777943462133408],[995554.535815659211949,8409263.619233049452305],[996660.694526071543805,8410369.777943462133408],[998054.535815659211949,8411079.975553063675761],[999599.620787533931434,8411324.692971587181091],[1001144.70575940865092,8411079.975553063675761],[1002538.547048996319063,8410369.777943462133408],[1003644.70575940865092,8409263.619233049452305],[1004354.903369009727612,8407869.777943462133408],[1004599.620787533931434,8406324.692971587181091],[1004354.903369009727612,8404779.607999712228775],[1003644.70575940865092,8403385.766710124909878],[1002538.547048996319063,8402279.607999712228775],[1001144.70575940865092,8401569.410390110686421],[999599.620787533931434,8401324.692971587181091],[998054.535815659211949,8401569.410390110686421],[996660.694526071543805,8402279.607999712228775],[995554.535815659211949,8403385.766710124909878],[994844.338206058135256,8404779.607999712228775],[994599.620787533931434,8406324.692971587181091],[994844.338206058135256,8407869.777943462133408]]],[[[980163.963948856573552,8428132.611478576436639],[980874.161558457650244,8429526.452768163755536],[981980.320268869982101,8430632.611478576436639],[983374.161558457650244,8431342.809088177978992],[984919.24653033236973,8431587.526506701484323],[986464.331502207089216,8431342.809088177978992],[987858.172791794757359,8430632.611478576436639],[988964.331502207089216,8429526.452768163755536],[989674.529111808165908,8428132.611478576436639],[989919.24653033236973,8426587.526506701484323],[989674.529111808165908,8425042.441534826532006],[988964.331502207089216,8423648.600245239213109],[987858.172791794757359,8422542.441534826532006],[986464.331502207089216,8421832.243925224989653],[984919.24653033236973,8421587.526506701484323],[983374.161558457650244,8421832.243925224989653],[981980.320268869982101,8422542.441534826532006],[980874.161558457650244,8423648.600245239213109],[980163.963948856573552,8425042.441534826532006],[979919.24653033236973,8426587.526506701484323],[980163.963948856573552,8428132.611478576436639]]],[[[993468.714376574149355,8440930.190987652167678],[994178.911986175226048,8442324.032277239486575],[995285.070696587557904,8443430.190987652167678],[996678.911986175226048,8444140.388597253710032],[997889.771859539905563,8444332.169960606843233],[998060.559166837483644,8445410.478580744937062],[998770.756776438560337,8446804.31987033225596],[999876.915486850892194,8447910.478580744937062],[1001270.756776438560337,8448620.676190346479416],[1002815.841748313279822,8448865.393608869984746],[1004360.926720187999308,8448620.676190346479416],[1005754.768009775667451,8447910.478580744937062],[1006860.926720187999308,8446804.31987033225596],[1007571.124329789076,8445410.478580744937062],[1007815.841748313279822,8443865.393608869984746],[1007571.124329789076,8442320.30863699503243],[1006860.926720187999308,8440926.467347407713532],[1005754.768009775667451,8439820.30863699503243],[1004360.926720187999308,8439110.111027393490076],[1003150.066846823319793,8438918.329664040356874],[1002979.279539525741711,8437840.021043902263045],[1002269.081929924665019,8436446.179754314944148],[1001162.923219512333162,8435340.021043902263045],[999769.081929924665019,8434629.823434300720692],[998223.996958049945533,8434385.106015777215362],[996678.911986175226048,8434629.823434300720692],[995285.070696587557904,8435340.021043902263045],[994178.911986175226048,8436446.179754314944148],[993468.714376574149355,8437840.021043902263045],[993223.996958049945533,8439385.106015777215362],[993468.714376574149355,8440930.190987652167678]]],[[[981800.113358129747212,8444296.130196774378419],[982510.310967730823904,8445689.971486361697316],[983616.469678143155761,8446796.130196774378419],[985010.310967730823904,8447506.327806375920773],[986555.39593960554339,8447751.045224899426103],[988100.480911480262876,8447506.327806375920773],[989494.322201067931019,8446796.130196774378419],[990600.480911480262876,8445689.971486361697316],[991310.678521081339568,8444296.130196774378419],[991555.39593960554339,8442751.045224899426103],[991310.678521081339568,8441205.960253024473786],[990600.480911480262876,8439812.118963437154889],[989494.322201067931019,8438705.960253024473786],[988100.480911480262876,8437995.762643422931433],[986555.39593960554339,8437751.045224899426103],[985010.310967730823904,8437995.762643422931433],[983616.469678143155761,8438705.960253024473786],[982510.310967730823904,8439812.118963437154889],[981800.113358129747212,8441205.960253024473786],[981555.39593960554339,8442751.045224899426103],[981800.113358129747212,8444296.130196774378419]]],[[[1014682.263717217836529,8453169.372915577143431],[1015392.461326818913221,8454563.214205164462328],[1016498.620037231245078,8455669.372915577143431],[1017892.461326818913221,8456379.570525178685784],[1019437.546298693632707,8456624.287943702191114],[1020982.631270568352193,8456379.570525178685784],[1022376.472560156020336,8455669.372915577143431],[1023482.631270568352193,8454563.214205164462328],[1024192.828880169428885,8453169.372915577143431],[1024437.546298693632707,8451624.287943702191114],[1024192.828880169428885,8450079.202971827238798],[1023714.423209601896815,8449140.278976878151298],[1025151.614508091355674,8449367.907716328278184],[1026696.69947996607516,8449123.190297804772854],[1028090.540769553743303,8448412.9926882032305],[1029196.69947996607516,8447306.833977790549397],[1029382.495571025647223,8446942.188617594540119],[1030423.91013669106178,8447472.815842276439071],[1031968.995108565781265,8447717.533260799944401],[1033007.893320120172575,8447552.987949009984732],[1032909.461877413326874,8447746.17053253762424],[1032664.744458889123052,8449291.255504412576556],[1032909.461877413326874,8450836.340476287528872],[1033619.659487014403567,8452230.18176587484777],[1034725.818197426735424,8453336.340476287528872],[1036119.659487014403567,8454046.538085889071226],[1037664.744458889123052,8454291.255504412576556],[1039209.829430763842538,8454046.538085889071226],[1040603.670720351510681,8453336.340476287528872],[1041709.829430763842538,8452230.18176587484777],[1042420.02704036491923,8450836.340476287528872],[1042664.744458889123052,8449291.255504412576556],[1042420.02704036491923,8447746.17053253762424],[1041709.829430763842538,8446352.329242950305343],[1040603.670720351510681,8445246.17053253762424],[1039209.829430763842538,8444535.972922936081886],[1037664.744458889123052,8444291.255504412576556],[1036625.846247334731743,8444455.800816202536225],[1036724.277690041577443,8444262.618232674896717],[1036968.995108565781265,8442717.533260799944401],[1036724.277690041577443,8441172.448288924992085],[1036490.41497763665393,8440713.466872712597251],[1036711.017953971400857,8440280.509153813123703],[1036955.735372495604679,8438735.424181938171387],[1036711.017953971400857,8437190.33921006321907],[1036000.820344370324165,8435796.497920475900173],[1034894.661633957992308,8434690.33921006321907],[1033500.820344370324165,8433980.141600461676717],[1031955.735372495604679,8433735.424181938171387],[1030410.650400620885193,8433980.141600461676717],[1029016.80911103321705,8434690.33921006321907],[1027910.650400620885193,8435796.497920475900173],[1027200.452791019808501,8437190.33921006321907],[1026955.735372495604679,8438735.424181938171387],[1027129.606328098801896,8439833.202191235497594],[1026696.69947996607516,8439612.625134851783514],[1025151.614508091355674,8439367.907716328278184],[1023606.529536216636188,8439612.625134851783514],[1022212.688246628968045,8440322.822744453325868],[1021106.529536216636188,8441428.98145486600697],[1020396.331926615559496,8442822.822744453325868],[1020151.614508091355674,8444367.907716328278184],[1020396.331926615559496,8445912.9926882032305],[1020874.737597183091566,8446851.916683152318001],[1019437.546298693632707,8446624.287943702191114],[1017892.461326818913221,8446869.005362225696445],[1016498.620037231245078,8447579.202971827238798],[1015392.461326818913221,8448685.361682239919901],[1014682.263717217836529,8450079.202971827238798],[1014437.546298693632707,8451624.287943702191114],[1014682.263717217836529,8453169.372915577143431]]],[[[979000.413758518407121,8471868.498823817819357],[979594.824615784338675,8473035.095816874876618],[979306.260856220149435,8473323.659576438367367],[978596.063246619072743,8474717.500866025686264],[978351.345828094868921,8476262.58583790063858],[978596.063246619072743,8477807.670809775590897],[979306.260856220149435,8479201.512099362909794],[980412.419566632481292,8480307.670809775590897],[981806.260856220149435,8481017.86841937713325],[983351.345828094868921,8481262.58583790063858],[984896.430799969588406,8481017.86841937713325],[986290.27208955725655,8480307.670809775590897],[987396.430799969588406,8479201.512099362909794],[988106.628409570665099,8477807.670809775590897],[988351.345828094868921,8476262.58583790063858],[988106.628409570665099,8474717.500866025686264],[987512.217552304733545,8473550.903872968629003],[987800.781311868922785,8473262.340113405138254],[988510.978921469999477,8471868.498823817819357],[988755.696339994203299,8470323.413851942867041],[988510.978921469999477,8468778.328880067914724],[987800.781311868922785,8467384.487590480595827],[986694.622601456590928,8466278.328880067914724],[985300.781311868922785,8465568.131270466372371],[983755.696339994203299,8465323.413851942867041],[982210.611368119483814,8465568.131270466372371],[980816.77007853181567,8466278.328880067914724],[979710.611368119483814,8467384.487590480595827],[979000.413758518407121,8468778.328880067914724],[978755.696339994203299,8470323.413851942867041],[979000.413758518407121,8471868.498823817819357]]],[[[1002948.650209211278707,8472070.704322520643473],[1003658.847818812355399,8473464.54561210796237],[1004015.715678468463011,8473821.413471763953567],[1003858.041718709049746,8474130.866041632369161],[1003613.324300184845924,8475675.951013507321477],[1003858.041718709049746,8477221.035985382273793],[1004508.960910404333845,8478498.536829238757491],[1004429.332556890905835,8479001.290466845035553],[1004674.049975415109657,8480546.375438719987869],[1005127.783458071528003,8481436.877538479864597],[1005040.794708715518937,8481450.655202861875296],[1003646.953419127850793,8482160.852812463417649],[1002540.794708715518937,8483267.011522876098752],[1001830.597099114442244,8484660.852812463417649],[1001585.879680590238422,8486205.937784338369966],[1001830.597099114442244,8487751.022756213322282],[1002540.794708715518937,8489144.864045800641179],[1003646.953419127850793,8490251.022756213322282],[1005040.794708715518937,8490961.220365814864635],[1006585.879680590238422,8491205.937784338369966],[1008130.964652464957908,8490961.220365814864635],[1009524.805942052626051,8490251.022756213322282],[1010630.964652464957908,8489144.864045800641179],[1011341.1622620660346,8487751.022756213322282],[1011585.879680590238422,8486205.937784338369966],[1011341.1622620660346,8484660.852812463417649],[1010887.428779409616254,8483770.350712703540921],[1010974.41752876562532,8483756.573048321530223],[1012368.258818353293464,8483046.375438719987869],[1013474.41752876562532,8481940.216728307306767],[1014184.615138366702013,8480546.375438719987869],[1014429.332556890905835,8479001.290466845035553],[1014192.089650830137543,8477503.397709356620908],[1014231.516674857703038,8477509.642336491495371],[1015776.601646732422523,8477264.924917967990041],[1017170.442936320090666,8476554.727308366447687],[1018276.601646732422523,8475448.568597953766584],[1018521.222633413621224,8474968.472879625856876],[1018636.960349374334328,8475084.210595587268472],[1019874.209204748738557,8475714.620374759659171],[1019991.198654323234223,8475831.60982433333993],[1020698.58741784398444,8476192.042402034625411],[1020755.652373465243727,8476552.336352022364736],[1021465.849983066320419,8477946.177641609683633],[1022572.008693478652276,8479052.336352022364736],[1022672.203303139191121,8479103.388055546209216],[1022579.141392751713283,8479286.032338535413146],[1022334.423974227509461,8480831.117310410365462],[1022579.141392751713283,8482376.202282285317779],[1023113.956070114858449,8483425.835186576470733],[1023074.443604508647695,8483405.702579777687788],[1021529.35863263392821,8483160.985161254182458],[1019984.273660759208724,8483405.702579777687788],[1018590.432371171540581,8484115.900189379230142],[1017484.273660759208724,8485222.058899791911244],[1016774.076051158132032,8486615.900189379230142],[1016533.98118831589818,8488131.799493316560984],[1016304.263462062226608,8488168.183206820860505],[1014910.422172474558465,8488878.380816422402859],[1013804.263462062226608,8489984.539526835083961],[1013094.065852461149916,8491378.380816422402859],[1012849.348433936946094,8492923.465788297355175],[1013094.065852461149916,8494468.550760172307491],[1013804.263462062226608,8495862.392049759626389],[1014910.422172474558465,8496968.550760172307491],[1016304.263462062226608,8497678.748369773849845],[1017849.348433936946094,8497923.465788297355175],[1019394.43340581166558,8497678.748369773849845],[1020788.274695399333723,8496968.550760172307491],[1021894.43340581166558,8495862.392049759626389],[1022604.631015412742272,8494468.550760172307491],[1022844.725878254976124,8492952.651456234976649],[1023074.443604508647695,8492916.267742730677128],[1024468.284894096315838,8492206.070133129134774],[1025574.443604508647695,8491099.911422716453671],[1026284.641214109724388,8489706.070133129134774],[1026529.35863263392821,8488160.985161254182458],[1026284.641214109724388,8486615.900189379230142],[1025749.826536746579222,8485566.267285088077188],[1025789.339002352789976,8485586.399891886860132],[1027334.423974227509461,8485831.117310410365462],[1028879.508946102228947,8485586.399891886860132],[1030273.35023568989709,8484876.202282285317779],[1031379.508946102228947,8483770.043571872636676],[1032089.706555703305639,8482376.202282285317779],[1032334.423974227509461,8480831.117310410365462],[1032089.706555703305639,8479286.032338535413146],[1031379.508946102228947,8477892.191048948094249],[1030273.35023568989709,8476786.032338535413146],[1030173.155626029358245,8476734.980635011568666],[1030266.217536416836083,8476552.336352022364736],[1030510.934954941039905,8475007.251380147412419],[1030266.217536416836083,8473462.166408272460103],[1029556.019926815759391,8472068.325118685141206],[1028449.861216403427534,8470962.166408272460103],[1027742.472452882677317,8470601.733830571174622],[1027685.40749726141803,8470241.439880583435297],[1026975.209887660341337,8468847.5985909961164],[1025869.051177248009481,8467741.439880583435297],[1024631.802321873605251,8467111.030101411044598],[1024514.812872299109586,8466994.040651837363839],[1023120.971582711441442,8466283.843042235821486],[1021575.886610836721957,8466039.125623712316155],[1020030.801638962002471,8466283.843042235821486],[1018636.960349374334328,8466994.040651837363839],[1017530.801638962002471,8468100.199362250044942],[1017286.18065228080377,8468580.29508057795465],[1017170.442936320090666,8468464.557364616543055],[1015776.601646732422523,8467754.359755015000701],[1014231.516674857703038,8467509.642336491495371],[1012686.431702982983552,8467754.359755015000701],[1012010.048279060050845,8468098.994323119521141],[1011749.01776256179437,8467586.693089183419943],[1010642.859052149462514,8466480.53437877073884],[1009249.01776256179437,8465770.336769169196486],[1007703.932790687074885,8465525.619350645691156],[1006158.847818812355399,8465770.336769169196486],[1004765.006529224687256,8466480.53437877073884],[1003658.847818812355399,8467586.693089183419943],[1002948.650209211278707,8468980.53437877073884],[1002703.932790687074885,8470525.619350645691156],[1002948.650209211278707,8472070.704322520643473]]],[[[995849.730188582208939,8505140.613742381334305],[996559.927798183285631,8506534.455031968653202],[997666.086508595617488,8507640.613742381334305],[999059.927798183285631,8508350.811351982876658],[1000605.012770058005117,8508595.528770506381989],[1002150.097741932724603,8508350.811351982876658],[1003219.000364934676327,8507806.178262531757355],[1003717.137390157207847,8508783.827221414074302],[1004823.296100569539703,8509889.985931826755404],[1006217.137390157207847,8510600.183541428297758],[1007762.222362031927332,8510844.900959951803088],[1009307.307333906646818,8510600.183541428297758],[1010701.148623494314961,8509889.985931826755404],[1011381.016864966251887,8509210.117690354585648],[1012777.377864723093808,8509431.279545791447163],[1014322.462836597813293,8509186.562127267941833],[1015716.304126185481437,8508476.364517666399479],[1016822.462836597813293,8507370.205807253718376],[1017532.660446198889986,8505976.364517666399479],[1017777.377864723093808,8504431.279545791447163],[1017532.660446198889986,8502886.194573916494846],[1016822.462836597813293,8501492.353284329175949],[1015716.304126185481437,8500386.194573916494846],[1014322.462836597813293,8499675.996964314952493],[1012777.377864723093808,8499431.279545791447163],[1011232.292892848374322,8499675.996964314952493],[1009838.451603260706179,8500386.194573916494846],[1009158.583361788769253,8501066.062815388664603],[1007762.222362031927332,8500844.900959951803088],[1006217.137390157207847,8501089.618378475308418],[1005148.234767155256122,8501634.251467926427722],[1004650.097741932724603,8500656.602509044110775],[1003543.939031520392746,8499550.443798631429672],[1002150.097741932724603,8498840.246189029887319],[1000605.012770058005117,8498595.528770506381989],[999059.927798183285631,8498840.246189029887319],[997666.086508595617488,8499550.443798631429672],[996559.927798183285631,8500656.602509044110775],[995849.730188582208939,8502050.443798631429672],[995605.012770058005117,8503595.528770506381989],[995849.730188582208939,8505140.613742381334305]]],[[[988078.130428139353171,8512973.995766030624509],[988788.328037740429863,8514367.837055617943406],[989894.48674815276172,8515473.995766030624509],[991288.328037740429863,8516184.193375632166862],[992833.413009615149349,8516428.910794155672193],[994378.497981489868835,8516184.193375632166862],[995772.339271077536978,8515473.995766030624509],[996878.497981489868835,8514367.837055617943406],[997588.695591090945527,8512973.995766030624509],[997833.413009615149349,8511428.910794155672193],[997588.695591090945527,8509883.825822280719876],[996878.497981489868835,8508489.984532693400979],[995772.339271077536978,8507383.825822280719876],[994378.497981489868835,8506673.628212679177523],[992833.413009615149349,8506428.910794155672193],[991288.328037740429863,8506673.628212679177523],[989894.48674815276172,8507383.825822280719876],[988788.328037740429863,8508489.984532693400979],[988078.130428139353171,8509883.825822280719876],[987833.413009615149349,8511428.910794155672193],[988078.130428139353171,8512973.995766030624509]]],[[[1008502.513389740721323,8531301.295060954988003],[1007108.672100153053179,8530591.097451353445649],[1005563.587128278333694,8530346.380032829940319],[1004018.502156403614208,8530591.097451353445649],[1002624.660866815946065,8531301.295060954988003],[1001518.502156403614208,8532407.453771367669106],[1000808.304546802537516,8533801.295060954988003],[1000563.587128278333694,8535346.380032829940319],[1000576.695626419503242,8535429.143832823261619],[1000534.624537490773946,8535694.770234271883965],[1000779.341956014977768,8537239.855206146836281],[1001489.53956561605446,8538633.696495734155178],[1002595.698276028386317,8539739.855206146836281],[1003989.53956561605446,8540450.052815748378634],[1005534.624537490773946,8540694.770234271883965],[1007079.709509365493432,8540450.052815748378634],[1008473.550798953161575,8539739.855206146836281],[1009579.709509365493432,8538633.696495734155178],[1010165.223130416008644,8537484.561311943456531],[1010395.994435905944556,8537937.475500468164682],[1011502.153146318276413,8539043.634210880845785],[1012895.994435905944556,8539753.831820482388139],[1014441.079407780664042,8539998.549239005893469],[1014866.632947277859785,8539931.148179825395346],[1014827.340295563219115,8540179.232219103723764],[1015072.057714087422937,8541724.317190978676081],[1015782.255323688499629,8543118.158480565994978],[1016888.414034100831486,8544224.317190978676081],[1018282.255323688499629,8544934.514800580218434],[1019827.340295563219115,8545179.232219103723764],[1021372.425267437938601,8544934.514800580218434],[1021715.188836280722171,8544759.868039095774293],[1021672.564487738418393,8544802.492387637495995],[1020962.3668781373417,8546196.333677224814892],[1020717.649459613137878,8547741.418649099767208],[1020962.3668781373417,8549286.503620974719524],[1021672.564487738418393,8550680.344910562038422],[1022778.72319815075025,8551786.503620974719524],[1024172.564487738418393,8552496.701230576261878],[1025717.649459613137878,8552741.418649099767208],[1027262.734431487857364,8552496.701230576261878],[1028656.575721075525507,8551786.503620974719524],[1029762.734431487857364,8550680.344910562038422],[1030472.932041088934056,8549286.503620974719524],[1030717.649459613137878,8547741.418649099767208],[1030472.932041088934056,8546196.333677224814892],[1029762.734431487857364,8544802.492387637495995],[1028656.575721075525507,8543696.333677224814892],[1027262.734431487857364,8542986.136067623272538],[1025717.649459613137878,8542741.418649099767208],[1024172.564487738418393,8542986.136067623272538],[1023829.800918895634823,8543160.78282910771668],[1023872.425267437938601,8543118.158480565994978],[1024582.622877039015293,8541724.317190978676081],[1024827.340295563219115,8540179.232219103723764],[1024582.622877039015293,8538634.147247228771448],[1023872.425267437938601,8537240.305957641452551],[1022766.266557025606744,8536134.147247228771448],[1021372.425267437938601,8535423.949637627229095],[1019827.340295563219115,8535179.232219103723764],[1019401.786756066023372,8535246.633278284221888],[1019441.079407780664042,8534998.549239005893469],[1019196.36198925646022,8533453.464267130941153],[1018486.164379655383527,8532059.622977543622255],[1017380.00566924305167,8530953.464267130941153],[1015986.164379655383527,8530243.266657529398799],[1014441.079407780664042,8529998.549239005893469],[1012895.994435905944556,8530243.266657529398799],[1011502.153146318276413,8530953.464267130941153],[1010395.994435905944556,8532059.622977543622255],[1009913.718947243876755,8533006.141918139532208],[1009608.672100153053179,8532407.453771367669106],[1008502.513389740721323,8531301.295060954988003]]],[[[1009748.05719796475023,8554631.742481518536806],[1010458.254807565826923,8556025.583771105855703],[1011564.413517978158779,8557131.742481518536806],[1012958.254807565826923,8557841.94009112007916],[1014503.339779440546408,8558086.65750964358449],[1016048.424751315265894,8557841.94009112007916],[1017442.266040902934037,8557131.742481518536806],[1018548.424751315265894,8556025.583771105855703],[1019258.622360916342586,8554631.742481518536806],[1019503.339779440546408,8553086.65750964358449],[1019258.622360916342586,8551541.572537768632174],[1018548.424751315265894,8550147.731248181313276],[1017442.266040902934037,8549041.572537768632174],[1016048.424751315265894,8548331.37492816708982],[1014503.339779440546408,8548086.65750964358449],[1012958.254807565826923,8548331.37492816708982],[1011564.413517978158779,8549041.572537768632174],[1010458.254807565826923,8550147.731248181313276],[1009748.05719796475023,8551541.572537768632174],[1009503.339779440546408,8553086.65750964358449],[1009748.05719796475023,8554631.742481518536806]]],[[[980486.779795768903568,8557664.617915853857994],[980731.49721429310739,8559209.70288772881031],[981441.694823894184083,8560603.544177316129208],[982547.85353430651594,8561709.70288772881031],[983941.694823894184083,8562419.900497330352664],[985486.779795768903568,8562664.617915853857994],[987031.864767643623054,8562419.900497330352664],[988425.706057231291197,8561709.70288772881031],[989531.864767643623054,8560603.544177316129208],[990242.062377244699746,8559209.70288772881031],[990486.779795768903568,8557664.617915853857994],[990242.062377244699746,8556119.532943978905678],[989531.864767643623054,8554725.691654391586781],[988425.706057231291197,8553619.532943978905678],[987031.864767643623054,8552909.335334377363324],[985486.779795768903568,8552664.617915853857994],[983941.694823894184083,8552909.335334377363324],[982547.85353430651594,8553619.532943978905678],[981441.694823894184083,8554725.691654391586781],[980731.49721429310739,8556119.532943978905678],[980486.779795768903568,8557664.617915853857994]]],[[[986595.642714108340442,8569624.583493998274207],[987305.840323709417135,8571018.424783585593104],[988411.999034121748991,8572124.583493998274207],[989805.840323709417135,8572834.781103599816561],[991350.92529558413662,8573079.498522123321891],[992896.010267458856106,8572834.781103599816561],[994289.851557046524249,8572124.583493998274207],[995396.010267458856106,8571018.424783585593104],[996106.207877059932798,8569624.583493998274207],[996350.92529558413662,8568079.498522123321891],[996106.207877059932798,8566534.413550248369575],[995396.010267458856106,8565140.572260661050677],[994289.851557046524249,8564034.413550248369575],[992896.010267458856106,8563324.215940646827221],[991350.92529558413662,8563079.498522123321891],[989805.840323709417135,8563324.215940646827221],[988411.999034121748991,8564034.413550248369575],[987305.840323709417135,8565140.572260661050677],[986595.642714108340442,8566534.413550248369575],[986350.92529558413662,8568079.498522123321891],[986595.642714108340442,8569624.583493998274207]]],[[[962489.857707181596197,8635524.963902626186609],[962161.438353448174894,8636169.523176474496722],[961916.720934923971072,8637714.608148349449039],[962119.026908677071333,8638991.91779656149447],[962110.36214913171716,8639046.624935265630484],[962198.411787346936762,8639602.548471914604306],[962191.224375987425447,8639647.928001271560788],[962435.941794511629269,8641193.012973146513104],[963146.139404112705961,8642586.854262733832002],[963193.759757750318386,8642634.474616371095181],[963293.362719413824379,8642829.956435311585665],[964399.521429826156236,8643936.115145724266768],[965793.362719413824379,8644646.312755325809121],[965859.982844694051892,8644656.864346582442522],[966101.18241597362794,8644779.761666556820273],[967646.267387848347425,8645024.479085080325603],[969191.352359723066911,8644779.761666556820273],[970585.193649310735054,8644069.56405695527792],[971691.352359723066911,8642963.405346542596817],[972401.549969324143603,8641569.56405695527792],[972646.267387848347425,8640024.479085080325603],[972401.549969324143603,8638479.394113205373287],[972350.415031009353697,8638379.036146070808172],[972106.535685137612745,8636839.242556674405932],[972022.560714610037394,8636674.432397317141294],[972144.558235154952854,8636434.9987818505615],[972389.275653679156676,8634889.913809975609183],[972144.558235154952854,8633344.828838100656867],[971434.360625553876162,8631950.98754851333797],[970328.201915141544305,8630844.828838100656867],[968934.360625553876162,8630134.631228499114513],[967389.275653679156676,8629889.913809975609183],[965844.19068180443719,8630134.631228499114513],[964450.349392216769047,8630844.828838100656867],[963344.19068180443719,8631950.98754851333797],[962633.993072203360498,8633344.828838100656867],[962389.275653679156676,8634889.913809975609183],[962489.857707181596197,8635524.963902626186609]]],[[[1018751.349341581808403,8120653.611456093378365],[1018477.350224759429693,8120697.008652860298753],[1017083.50893517176155,8121407.206262460909784],[1015977.350224759429693,8122513.364972873590887],[1015267.152615158353001,8123907.206262460909784],[1015022.435196634149179,8125452.2912343358621],[1015267.152615158353001,8126997.376206210814416],[1015977.350224759429693,8128391.217495798133314],[1017083.50893517176155,8129497.376206210814416],[1018477.350224759429693,8130207.573815811425447],[1020022.435196634149179,8130452.2912343358621],[1021316.753259504796006,8130247.291392345912755],[1020733.896844850154594,8131391.211514947935939],[1020489.179426325950772,8132936.296486822888255],[1020733.896844850154594,8134481.381458697840571],[1021118.069137970684096,8135235.362037099897861],[1021245.932550315978006,8136042.659850466996431],[1021956.130159917054698,8137436.501140054315329],[1023062.288870329386555,8138542.659850466996431],[1024456.130159917054698,8139252.857460067607462],[1026001.215131791774184,8139497.574878592044115],[1027546.300103666493669,8139252.857460067607462],[1028940.141393254161812,8138542.659850466996431],[1030046.300103666493669,8137436.501140054315329],[1030756.497713267570361,8136042.659850466996431],[1031001.215131791774184,8134497.574878592044115],[1030756.497713267570361,8132952.489906717091799],[1030372.325420147040859,8132198.509328315034509],[1030244.46200780174695,8131391.211514947935939],[1029534.264398200670257,8129997.370225360617042],[1028428.1056877883384,8128891.211514947935939],[1027034.264398200670257,8128181.013905347324908],[1025489.179426325950772,8127936.296486822888255],[1024194.861363455303945,8128141.296328812837601],[1024777.717778109945357,8126997.376206210814416],[1024851.994443880044855,8126528.411795198917389],[1025125.993560702423565,8126485.014598431997001],[1026519.834850290091708,8125774.81698883138597],[1027625.993560702423565,8124668.658278418704867],[1028336.191170303500257,8123274.81698883138597],[1028580.908588827704079,8121729.732016956433654],[1028336.191170303500257,8120184.647045081481338],[1027625.993560702423565,8118790.80575549416244],[1026519.834850290091708,8117684.647045081481338],[1025125.993560702423565,8116974.449435480870306],[1023580.908588827704079,8116729.732016956433654],[1022035.823616952984594,8116974.449435480870306],[1020641.982327365316451,8117684.647045081481338],[1019535.823616952984594,8118790.80575549416244],[1018825.626007351907901,8120184.647045081481338],[1018751.349341581808403,8120653.611456093378365]]],[[[1029683.084628742421046,8144931.813454787246883],[1030393.282238343497738,8146325.65474437456578],[1031499.440948755829595,8147431.813454787246883],[1032893.282238343497738,8148142.011064387857914],[1034438.367210218217224,8148386.728482912294567],[1035983.45218209293671,8148142.011064387857914],[1037377.293471680604853,8147431.813454787246883],[1038483.45218209293671,8146325.65474437456578],[1039193.649791694013402,8144931.813454787246883],[1039438.367210218217224,8143386.728482912294567],[1039193.649791694013402,8141841.64351103734225],[1038483.45218209293671,8140447.802221450023353],[1037377.293471680604853,8139341.64351103734225],[1035983.45218209293671,8138631.445901436731219],[1034438.367210218217224,8138386.728482912294567],[1032893.282238343497738,8138631.445901436731219],[1031499.440948755829595,8139341.64351103734225],[1030393.282238343497738,8140447.802221450023353],[1029683.084628742421046,8141841.64351103734225],[1029438.367210218217224,8143386.728482912294567],[1029683.084628742421046,8144931.813454787246883]]],[[[1047995.290340220904909,8227079.837928356602788],[1047611.210107225575484,8227275.5365817155689],[1046505.051396813243628,8228381.695292128250003],[1045794.853787212166935,8229775.5365817155689],[1045550.136368687963113,8231320.621553590521216],[1045794.853787212166935,8232865.706525465473533],[1046505.051396813243628,8234259.54781505279243],[1047611.210107225575484,8235365.706525465473533],[1049005.051396813243628,8236075.904135066084564],[1050550.136368687963113,8236320.621553590521216],[1052095.221340562682599,8236075.904135066084564],[1053489.062630150234327,8235365.706525465473533],[1054595.221340562682599,8234259.54781505279243],[1055305.418950163759291,8232865.706525465473533],[1055550.136368687963113,8231320.621553590521216],[1055361.588889624690637,8230130.179622067138553],[1055745.669122620020062,8229934.480968708172441],[1056851.827833032468334,8228828.322258295491338],[1057562.025442633545026,8227434.480968708172441],[1057806.742861157748848,8225889.395996833220124],[1057562.025442633545026,8224344.311024958267808],[1056851.827833032468334,8222950.469735370948911],[1055745.669122620020062,8221844.311024958267808],[1054351.827833032468334,8221134.113415357656777],[1052806.742861157748848,8220889.395996833220124],[1051261.657889283029363,8221134.113415357656777],[1049867.816599695477635,8221844.311024958267808],[1048761.657889283029363,8222950.469735370948911],[1048051.46027968195267,8224344.311024958267808],[1047806.742861157748848,8225889.395996833220124],[1047995.290340220904909,8227079.837928356602788]]],[[[1060637.143200983759016,8238431.779785653576255],[1061347.340810584835708,8239825.621075240895152],[1062453.49952099728398,8240931.779785653576255],[1063847.340810584835708,8241641.977395254187286],[1065392.425782459555194,8241886.694813778623939],[1066937.510754334274679,8241641.977395254187286],[1068331.352043921826407,8240931.779785653576255],[1069437.510754334274679,8239825.621075240895152],[1070147.708363935351372,8238431.779785653576255],[1070392.425782459555194,8236886.694813778623939],[1070147.708363935351372,8235341.609841903671622],[1069437.510754334274679,8233947.768552316352725],[1068331.352043921826407,8232841.609841903671622],[1066937.510754334274679,8232131.412232303060591],[1065392.425782459555194,8231886.694813778623939],[1063847.340810584835708,8232131.412232303060591],[1062453.49952099728398,8232841.609841903671622],[1061347.340810584835708,8233947.768552316352725],[1060637.143200983759016,8235341.609841903671622],[1060392.425782459555194,8236886.694813778623939],[1060637.143200983759016,8238431.779785653576255]]],[[[1064194.782416739268228,8252614.348386320285499],[1064904.980026340344921,8254008.189675907604396],[1066011.138736752793193,8255114.348386320285499],[1067404.980026340344921,8255824.54599592089653],[1068950.064998215064406,8256069.263414445333183],[1070495.149970089783892,8255824.54599592089653],[1071049.680675529176369,8255541.99848897382617],[1070384.36197665031068,8256847.75995690189302],[1070139.644558126106858,8258392.844928776845336],[1070384.36197665031068,8259937.929900651797652],[1071094.559586251387373,8261331.771190239116549],[1072200.718296663835645,8262437.929900651797652],[1073594.559586251387373,8263148.127510252408683],[1075139.644558126106858,8263392.844928776845336],[1076684.729530000826344,8263148.127510252408683],[1078078.570819588378072,8262437.929900651797652],[1079184.729530000826344,8261331.771190239116549],[1079894.927139601903036,8259937.929900651797652],[1080139.644558126106858,8258392.844928776845336],[1079894.927139601903036,8256847.75995690189302],[1079184.729530000826344,8255453.918667314574122],[1078078.570819588378072,8254347.75995690189302],[1076684.729530000826344,8253637.562347301281989],[1075139.644558126106858,8253392.844928776845336],[1073594.559586251387373,8253637.562347301281989],[1073040.028880811994895,8253920.109854248352349],[1073705.347579690860584,8252614.348386320285499],[1073950.064998215064406,8251069.263414445333183],[1073705.347579690860584,8249524.178442570380867],[1072995.149970089783892,8248130.337152983061969],[1071888.99125967733562,8247024.178442570380867],[1070495.149970089783892,8246313.980832969769835],[1068950.064998215064406,8246069.263414445333183],[1067404.980026340344921,8246313.980832969769835],[1066011.138736752793193,8247024.178442570380867],[1064904.980026340344921,8248130.337152983061969],[1064194.782416739268228,8249524.178442570380867],[1063950.064998215064406,8251069.263414445333183],[1064194.782416739268228,8252614.348386320285499]]],[[[1081039.221267053158954,8284720.830009548924863],[1081749.418876654235646,8286114.671299136243761],[1082855.577587066683918,8287220.830009548924863],[1084249.418876654235646,8287931.027619149535894],[1085794.503848528955132,8288175.745037673972547],[1087339.588820403674617,8287931.027619149535894],[1088733.430109991226345,8287220.830009548924863],[1089839.588820403674617,8286114.671299136243761],[1090549.78643000475131,8284720.830009548924863],[1090794.503848528955132,8283175.745037673972547],[1090549.78643000475131,8281630.660065799020231],[1089839.588820403674617,8280236.818776211701334],[1088733.430109991226345,8279130.660065799020231],[1087339.588820403674617,8278420.4624561984092],[1085794.503848528955132,8278175.745037673972547],[1084249.418876654235646,8278420.4624561984092],[1082855.577587066683918,8279130.660065799020231],[1081749.418876654235646,8280236.818776211701334],[1081039.221267053158954,8281630.660065799020231],[1080794.503848528955132,8283175.745037673972547],[1081039.221267053158954,8284720.830009548924863]]],[[[1081347.144185215467587,8307569.029443298466504],[1081591.861603739671409,8309114.11441517341882],[1082302.059213340748101,8310507.955704760737717],[1083408.217923753196374,8311614.11441517341882],[1083575.066188549622893,8311699.127852290868759],[1083239.126701512839645,8311645.920264653861523],[1081694.04172963812016,8311890.637683178298175],[1080300.200440050568432,8312600.835292778909206],[1079194.04172963812016,8313706.994003191590309],[1078483.844120037043467,8315100.835292778909206],[1078239.126701512839645,8316645.920264653861523],[1078483.844120037043467,8318191.005236528813839],[1079194.04172963812016,8319584.846526116132736],[1080300.200440050568432,8320691.005236528813839],[1081694.04172963812016,8321401.20284612942487],[1083239.126701512839645,8321645.920264653861523],[1084784.211673387559131,8321401.20284612942487],[1086178.052962975110859,8320691.005236528813839],[1087284.211673387559131,8319584.846526116132736],[1087994.409282988635823,8318191.005236528813839],[1088239.126701512839645,8316645.920264653861523],[1087994.409282988635823,8315100.835292778909206],[1087284.211673387559131,8313706.994003191590309],[1086178.052962975110859,8312600.835292778909206],[1086011.204698178684339,8312515.821855661459267],[1086347.144185215467587,8312569.029443298466504],[1087892.229157090187073,8312324.312024774029851],[1089286.070446677738801,8311614.11441517341882],[1090392.229157090187073,8310507.955704760737717],[1091102.426766691263765,8309114.11441517341882],[1091347.144185215467587,8307569.029443298466504],[1091102.426766691263765,8306023.944471423514187],[1090392.229157090187073,8304630.10318183619529],[1089286.070446677738801,8303523.944471423514187],[1087892.229157090187073,8302813.746861822903156],[1086347.144185215467587,8302569.029443298466504],[1084802.059213340748101,8302813.746861822903156],[1083408.217923753196374,8303523.944471423514187],[1082302.059213340748101,8304630.10318183619529],[1081591.861603739671409,8306023.944471423514187],[1081347.144185215467587,8307569.029443298466504]]],[[[1040230.825146271497943,8310854.424203284084797],[1040941.022755872574635,8312248.265492871403694],[1042047.181466284906492,8313354.424203284084797],[1043441.022755872574635,8314064.621812884695828],[1044986.10772774729412,8314309.339231409132481],[1046531.192699622013606,8314064.621812884695828],[1047925.033989209681749,8313354.424203284084797],[1049031.192699622130021,8312248.265492871403694],[1049741.390309222973883,8310854.424203284084797],[1049986.107727747410536,8309309.339231409132481],[1049741.390309222973883,8307764.254259534180164],[1049031.192699622130021,8306370.412969946861267],[1047925.033989209681749,8305264.254259534180164],[1046531.192699622013606,8304554.056649933569133],[1044986.10772774729412,8304309.339231409132481],[1043441.022755872574635,8304554.056649933569133],[1042047.181466284906492,8305264.254259534180164],[1040941.022755872574635,8306370.412969946861267],[1040230.825146271497943,8307764.254259534180164],[1039986.10772774729412,8309309.339231409132481],[1040230.825146271497943,8310854.424203284084797]]],[[[1064818.581377767957747,8315885.41607812140137],[1065528.778987369034439,8317279.257367708720267],[1066634.937697781482711,8318385.41607812140137],[1068028.778987369034439,8319095.613687722012401],[1069573.863959243753925,8319340.331106246449053],[1071118.948931118473411,8319095.613687722012401],[1072512.790220706025138,8318385.41607812140137],[1073618.948931118473411,8317279.257367708720267],[1074329.146540719550103,8315885.41607812140137],[1074573.863959243753925,8314340.331106246449053],[1074329.146540719550103,8312795.246134371496737],[1073618.948931118473411,8311401.40484478417784],[1072512.790220706025138,8310295.246134371496737],[1071118.948931118473411,8309585.048524770885706],[1069573.863959243753925,8309340.331106246449053],[1068028.778987369034439,8309585.048524770885706],[1066634.937697781482711,8310295.246134371496737],[1065528.778987369034439,8311401.40484478417784],[1064818.581377767957747,8312795.246134371496737],[1064573.863959243753925,8314340.331106246449053],[1064818.581377767957747,8315885.41607812140137]]],[[[1044075.994850147049874,8324333.695400097407401],[1044786.192459748126566,8325727.536689684726298],[1045892.351170160458423,8326833.695400097407401],[1047284.406019508140162,8327542.982772931456566],[1046558.838831078959629,8328268.54996136110276],[1045848.641221477882937,8329662.391250948421657],[1045603.923802953679115,8331207.476222823373973],[1045848.641221477882937,8332752.56119469832629],[1046558.838831078959629,8334146.402484285645187],[1047664.997541491291486,8335252.56119469832629],[1048187.773581567918882,8335518.928891503252089],[1048403.421726018888876,8336880.477690167725086],[1049113.619335619965568,8338274.318979755043983],[1050219.77804603241384,8339380.477690167725086],[1051613.619335619965568,8340090.675299768336117],[1053158.704307494685054,8340335.39271829277277],[1053313.971130499616265,8340310.800869430415332],[1054442.306878980481997,8340885.716648855246603],[1055987.391850855201483,8341130.434067379683256],[1057532.476822729920968,8340885.716648855246603],[1058926.318112317472696,8340175.519039254635572],[1060032.476822729920968,8339069.36032884195447],[1060742.674432330997661,8337675.519039254635572],[1060987.391850855201483,8336130.434067379683256],[1060742.674432330997661,8334585.34909550473094],[1060032.476822729920968,8333191.507805917412043],[1058926.318112317472696,8332085.34909550473094],[1057532.476822729920968,8331375.151485904119909],[1055987.391850855201483,8331130.434067379683256],[1055832.125027850503102,8331155.025916242040694],[1055574.854528880445287,8331023.940049612894654],[1055359.206384429475293,8329662.391250948421657],[1054649.0087748283986,8328268.54996136110276],[1053542.850064415950328,8327162.391250948421657],[1052150.795215068385005,8326453.103878114372492],[1052876.362403497565538,8325727.536689684726298],[1053586.56001309864223,8324333.695400097407401],[1053831.277431622846052,8322788.610428222455084],[1053586.56001309864223,8321243.525456347502768],[1052876.362403497565538,8319849.684166760183871],[1051770.203693085117266,8318743.525456347502768],[1050376.362403497565538,8318033.327846746891737],[1048831.277431622846052,8317788.610428222455084],[1047286.192459748126566,8318033.327846746891737],[1045892.351170160458423,8318743.525456347502768],[1044786.192459748126566,8319849.684166760183871],[1044075.994850147049874,8321243.525456347502768],[1043831.277431622846052,8322788.610428222455084],[1044075.994850147049874,8324333.695400097407401]]],[[[1067390.620340577326715,8327048.112818591296673],[1066284.461630164878443,8328154.271529003977776],[1065574.264020563801751,8329548.112818591296673],[1065329.546602039597929,8331093.197790466248989],[1065574.264020563801751,8332638.282762341201305],[1066284.461630164878443,8334032.124051928520203],[1067390.620340577326715,8335138.282762341201305],[1068784.461630164878443,8335848.480371941812336],[1070329.546602039597929,8336093.197790466248989],[1071874.631573914317414,8335848.480371941812336],[1073268.472863501869142,8335138.282762341201305],[1073908.185827693901956,8334498.569798149168491],[1075166.460713953245431,8334697.86096178367734],[1076711.545685827964917,8334453.143543259240687],[1078105.386975415516645,8333742.945933658629656],[1079211.545685827964917,8332636.787223245948553],[1079921.743295429041609,8331242.945933658629656],[1080166.460713953245431,8329697.86096178367734],[1079921.743295429041609,8328152.775989908725023],[1079211.545685827964917,8326758.934700321406126],[1078105.386975415516645,8325652.775989908725023],[1076711.545685827964917,8324942.578380308113992],[1075166.460713953245431,8324697.86096178367734],[1073621.375742078525946,8324942.578380308113992],[1072227.534452490974218,8325652.775989908725023],[1071587.821488298941404,8326292.488954100757837],[1070329.546602039597929,8326093.197790466248989],[1068784.461630164878443,8326337.915208990685642],[1067390.620340577326715,8327048.112818591296673]]],[[[1064278.600858601974323,8342584.585317499004304],[1064043.685888466192409,8342819.50028763525188],[1063333.488278865115717,8344213.341577222570777],[1063088.770860340911895,8345758.426549097523093],[1063333.488278865115717,8347303.51152097247541],[1063372.306792098330334,8347379.697142851538956],[1063476.066535592311993,8348034.81038049980998],[1064186.264145193388686,8349428.651670087128878],[1065292.422855605836958,8350534.81038049980998],[1066686.264145193388686,8351245.007990100421011],[1068231.349117068108171,8351489.725408624857664],[1069776.434088942827657,8351245.007990100421011],[1071170.275378530379385,8350534.81038049980998],[1072276.434088942827657,8349428.651670087128878],[1072986.631698543904349,8348034.81038049980998],[1072986.803064519772306,8348033.728418310172856],[1073255.492555535631254,8347506.395600523799658],[1073333.4705130381044,8347014.062153230421245],[1073413.943630906520411,8346856.124766691587865],[1073453.558780681109056,8346606.004554797895253],[1073763.336257102200761,8345998.032025204971433],[1074008.053675626404583,8344452.947053330019116],[1073763.336257102200761,8342907.8620814550668],[1073053.138647501124069,8341514.020791867747903],[1071946.979937088675797,8340407.8620814550668],[1070553.138647501124069,8339697.664471854455769],[1069008.053675626404583,8339452.947053330019116],[1067462.968703751685098,8339697.664471854455769],[1066069.12741416413337,8340407.8620814550668],[1064962.968703751685098,8341514.020791867747903],[1064596.956208988558501,8342232.360759235918522],[1064313.785606413614005,8342515.531361810863018],[1064278.600858601974323,8342584.585317499004304]]],[[[1020170.189860285376199,8346106.203712310642004],[1020880.387469886452891,8347500.045001897960901],[1021986.546180298784748,8348606.203712310642004],[1022288.257471141172573,8348759.933293394744396],[1022510.285378572181799,8350161.762330237776041],[1023220.482988173258491,8351555.603619825094938],[1024326.641698585590348,8352661.762330237776041],[1025720.482988173258491,8353371.959939838387072],[1027265.567960047977977,8353616.677358362823725],[1028810.652931922697462,8353371.959939838387072],[1030204.494221510365605,8352661.762330237776041],[1031310.652931922697462,8351555.603619825094938],[1031891.075337955378927,8350416.460508114658296],[1032026.071628881269135,8350395.079196130856872],[1033419.912918468937278,8349684.881586530245841],[1034526.071628881269135,8348578.722876117564738],[1035236.269238482345827,8347184.881586530245841],[1035480.986657006549649,8345639.796614655293524],[1035236.269238482345827,8344094.711642780341208],[1034526.071628881269135,8342700.870353193022311],[1033419.912918468937278,8341594.711642780341208],[1032026.071628881269135,8340884.514033179730177],[1030480.986657006549649,8340639.796614655293524],[1028935.901685131830163,8340884.514033179730177],[1028470.177362613729201,8341121.812427951022983],[1027864.398703223560005,8340516.033768560737371],[1026470.557413635891862,8339805.83615896012634],[1024925.472441761172377,8339561.118740435689688],[1023380.387469886452891,8339805.83615896012634],[1021986.546180298784748,8340516.033768560737371],[1020880.387469886452891,8341622.192478973418474],[1020170.189860285376199,8343016.033768560737371],[1019925.472441761172377,8344561.118740435689688],[1020170.189860285376199,8346106.203712310642004]]],[[[1047844.325808166060597,8352912.738855874165893],[1048950.484518578508869,8354018.897566286846995],[1049042.032166370656341,8354065.543422678485513],[1049111.231115013360977,8354502.448389484547079],[1049821.42872461443767,8355896.289679071865976],[1050927.587435026885942,8357002.448389484547079],[1052321.42872461443767,8357712.64599908515811],[1053866.513696489157155,8357957.363417609594762],[1055411.598668363876641,8357712.64599908515811],[1056805.439957951428369,8357002.448389484547079],[1057911.598668363876641,8355896.289679071865976],[1058621.796277964953333,8354502.448389484547079],[1058866.513696489157155,8352957.363417609594762],[1058853.384864725871012,8352874.471236178651452],[1059420.33147427928634,8351761.77586420904845],[1059665.048892803490162,8350216.690892334096134],[1059420.33147427928634,8348671.605920459143817],[1058710.133864678209648,8347277.76463087182492],[1057603.975154265761375,8346171.605920459143817],[1056210.133864678209648,8345461.408310858532786],[1054665.048892803490162,8345216.690892334096134],[1053723.548740724334493,8345365.809866987168789],[1053434.495751915499568,8345218.530012936331332],[1051889.410780040780082,8344973.812594411894679],[1050344.325808166060597,8345218.530012936331332],[1048950.484518578508869,8345928.727622536942363],[1047844.325808166060597,8347034.886332949623466],[1047134.128198564983904,8348428.727622536942363],[1046889.410780040780082,8349973.812594411894679],[1047134.128198564983904,8351518.897566286846995],[1047844.325808166060597,8352912.738855874165893]]],[[[1036047.535103226196952,8356341.187375901266932],[1036757.732712827273645,8357735.02866548858583],[1037863.891423239605501,8358841.187375901266932],[1039257.732712827273645,8359551.384985501877964],[1040802.81768470199313,8359796.102404026314616],[1042347.902656576712616,8359551.384985501877964],[1043741.743946164380759,8358841.187375901266932],[1044847.902656576712616,8357735.02866548858583],[1045558.100266177789308,8356341.187375901266932],[1045802.81768470199313,8354796.102404026314616],[1045558.100266177789308,8353251.0174321513623],[1044847.902656576712616,8351857.176142564043403],[1043741.743946164380759,8350751.0174321513623],[1042347.902656576712616,8350040.819822550751269],[1040802.81768470199313,8349796.102404026314616],[1039257.732712827273645,8350040.819822550751269],[1037863.891423239605501,8350751.0174321513623],[1036757.732712827273645,8351857.176142564043403],[1036047.535103226196952,8353251.0174321513623],[1035802.81768470199313,8354796.102404026314616],[1036047.535103226196952,8356341.187375901266932]]],[[[1057663.45738495211117,8360071.124735007993877],[1057418.739966427907348,8361616.209706882946193],[1057663.45738495211117,8363161.29467875789851],[1058373.654994553187862,8364555.135968345217407],[1059479.813704965636134,8365661.29467875789851],[1060397.598350329091772,8366128.929312725551426],[1059395.012559819035232,8366639.772288291715086],[1058288.85384940658696,8367745.930998704396188],[1057578.656239805510268,8369139.772288291715086],[1057333.938821281306446,8370684.857260166667402],[1057578.656239805510268,8372229.942232041619718],[1058288.85384940658696,8373623.783521628938615],[1059395.012559819035232,8374729.942232041619718],[1060788.85384940658696,8375440.139841642230749],[1062333.938821281306446,8375684.857260166667402],[1063879.023793156025931,8375440.139841642230749],[1065272.865082743577659,8374729.942232041619718],[1066379.023793156025931,8373623.783521628938615],[1067089.221402757102624,8372229.942232041619718],[1067333.938821281306446,8370684.857260166667402],[1067089.221402757102624,8369139.772288291715086],[1066379.023793156025931,8367745.930998704396188],[1065272.865082743577659,8366639.772288291715086],[1064355.080437380122021,8366172.137654324062169],[1065357.666227890178561,8365661.29467875789851],[1066463.824938302626833,8364555.135968345217407],[1066497.740694252075627,8364488.572549416683614],[1066676.451019102009013,8364309.862224566750228],[1067386.648628703085706,8362916.020934979431331],[1067631.366047227289528,8361370.935963104479015],[1067386.648628703085706,8359825.850991229526699],[1066676.451019102009013,8358432.009701642207801],[1065570.292308689560741,8357325.850991229526699],[1064176.451019102009013,8356615.653381628915668],[1062631.366047227289528,8356370.935963104479015],[1061086.281075352570042,8356615.653381628915668],[1059692.439785765018314,8357325.850991229526699],[1058586.281075352570042,8358432.009701642207801],[1058552.365319403121248,8358498.573120570741594],[1058373.654994553187862,8358677.28344542067498],[1057663.45738495211117,8360071.124735007993877]]],[[[1026253.056752248900011,8368647.549861517734826],[1025146.898041836568154,8369753.708571930415928],[1024436.700432235491462,8371147.549861517734826],[1024191.98301371128764,8372692.634833392687142],[1024436.700432235491462,8374237.719805267639458],[1025146.898041836568154,8375631.561094854958355],[1026253.056752248900011,8376737.719805267639458],[1027646.898041836568154,8377447.917414868250489],[1029191.98301371128764,8377692.634833392687142],[1030737.067985586007126,8377447.917414868250489],[1032130.909275173675269,8376737.719805267639458],[1033237.067985586007126,8375631.561094854958355],[1033947.265595187083818,8374237.719805267639458],[1033988.623276899103075,8373976.59767971560359],[1034478.690634280443192,8373726.895889163017273],[1035584.849344692775048,8372620.73717875033617],[1036295.046954293851741,8371226.895889163017273],[1036539.764372818055563,8369681.810917288064957],[1036295.046954293851741,8368136.72594541311264],[1035584.849344692775048,8366742.884655825793743],[1034478.690634280443192,8365636.72594541311264],[1033084.849344692775048,8364926.528335812501609],[1031539.764372818055563,8364681.810917288064957],[1029994.679400943336077,8364926.528335812501609],[1028600.838111355667934,8365636.72594541311264],[1027494.679400943336077,8366742.884655825793743],[1026784.481791342259385,8368136.72594541311264],[1026743.124109630240127,8368397.848070965148509],[1026253.056752248900011,8368647.549861517734826]]],[[[1044231.903584512416273,8372968.973690974526107],[1044855.282407225458883,8374192.423517339862883],[1044534.403775455546565,8374355.919346425682306],[1044090.086802250822075,8373483.898187040351331],[1042983.928091838490218,8372377.739476627670228],[1041590.086802250822075,8371667.541867027059197],[1040045.001830376102589,8371422.824448502622545],[1038499.916858501383103,8371667.541867027059197],[1037106.07556891371496,8372377.739476627670228],[1035999.916858501383103,8373483.898187040351331],[1035289.719248900306411,8374877.739476627670228],[1035045.001830376102589,8376422.824448502622545],[1035289.719248900306411,8377967.909420377574861],[1035999.916858501383103,8379361.750709964893758],[1037106.07556891371496,8380467.909420377574861],[1038499.916858501383103,8381178.107029978185892],[1040045.001830376102589,8381422.824448502622545],[1041590.086802250822075,8381178.107029978185892],[1042759.383465159451589,8380582.320622217841446],[1043203.70043836417608,8381454.341781603172421],[1044309.859148776507936,8382560.500492015853524],[1045703.70043836417608,8383270.698101616464555],[1047248.785410238895565,8383515.415520140901208],[1048793.870382113615051,8383270.698101616464555],[1050187.711671701166779,8382560.500492015853524],[1051293.870382113615051,8381454.341781603172421],[1052004.067991714691743,8380060.500492015853524],[1052248.785410238895565,8378515.415520140901208],[1052004.067991714691743,8376970.330548265948892],[1051380.689169001532719,8375746.880721900612116],[1051926.112427450483665,8375468.973690974526107],[1053032.271137862931937,8374362.814980561845005],[1053742.468747464008629,8372968.973690974526107],[1053987.186165988212451,8371423.888719099573791],[1053742.468747464008629,8369878.803747224621475],[1053032.271137862931937,8368484.962457637302577],[1051926.112427450483665,8367378.803747224621475],[1050532.271137862931937,8366668.606137624010444],[1048987.186165988212451,8366423.888719099573791],[1047442.101194113492966,8366668.606137624010444],[1046048.259904525824822,8367378.803747224621475],[1044942.101194113492966,8368484.962457637302577],[1044231.903584512416273,8369878.803747224621475],[1043987.186165988212451,8371423.888719099573791],[1044231.903584512416273,8372968.973690974526107]]],[[[1038170.195997644448653,8395962.35439458116889],[1038880.393607245525345,8397356.195684168487787],[1039986.552317657857202,8398462.35439458116889],[1041380.393607245525345,8399172.552004182711244],[1042925.478579120244831,8399417.269422706216574],[1044470.563550994964316,8399172.552004182711244],[1045864.40484058263246,8398462.35439458116889],[1046970.563550994964316,8397356.195684168487787],[1047680.761160596041009,8395962.35439458116889],[1047925.478579120244831,8394417.269422706216574],[1047680.761160596041009,8392872.184450831264257],[1046970.563550994964316,8391478.34316124394536],[1045864.40484058263246,8390372.184450831264257],[1044470.563550994964316,8389661.986841229721904],[1042925.478579120244831,8389417.269422706216574],[1041380.393607245525345,8389661.986841229721904],[1039986.552317657857202,8390372.184450831264257],[1038880.393607245525345,8391478.34316124394536],[1038170.195997644448653,8392872.184450831264257],[1037925.478579120244831,8394417.269422706216574],[1038170.195997644448653,8395962.35439458116889]]],[[[1051522.998721109936014,8400558.068430207669735],[1052233.196330711012706,8401951.909719794988632],[1053339.355041123460978,8403058.068430207669735],[1054614.103744680294767,8403707.58533637970686],[1054323.931624199729413,8404277.080188440158963],[1054079.214205675525591,8405822.165160315111279],[1054323.931624199729413,8407367.250132190063596],[1055034.129233800806105,8408761.091421777382493],[1056140.287944213254377,8409867.250132190063596],[1057534.129233800806105,8410577.447741791605949],[1059079.214205675525591,8410822.165160315111279],[1060624.299177550245076,8410577.447741791605949],[1062018.140467137796804,8409867.250132190063596],[1063124.299177550245076,8408761.091421777382493],[1063834.496787151321769,8407367.250132190063596],[1064079.214205675525591,8405822.165160315111279],[1063834.496787151321769,8404277.080188440158963],[1063124.299177550245076,8402883.238898852840066],[1062018.140467137796804,8401777.080188440158963],[1060743.391763580963016,8401127.563282268121839],[1061033.56388406152837,8400558.068430207669735],[1061278.281302585732192,8399012.983458332717419],[1061033.56388406152837,8397467.898486457765102],[1060323.366274460451677,8396074.057196870446205],[1059217.207564048003405,8394967.898486457765102],[1057823.366274460451677,8394257.700876856222749],[1056278.281302585732192,8394012.983458332717419],[1054733.196330711012706,8394257.700876856222749],[1053339.355041123460978,8394967.898486457765102],[1052233.196330711012706,8396074.057196870446205],[1051522.998721109936014,8397467.898486457765102],[1051278.281302585732192,8399012.983458332717419],[1051522.998721109936014,8400558.068430207669735]]],[[[1026550.245372042874806,8457446.477007618173957],[1025005.16040016815532,8457691.194426141679287],[1023611.319110580487177,8458401.392035743221641],[1022505.16040016815532,8459507.550746155902743],[1021794.962790567078628,8460901.392035743221641],[1021550.245372042874806,8462446.477007618173957],[1021794.962790567078628,8463991.561979493126273],[1022505.16040016815532,8465385.40326908044517],[1023611.319110580487177,8466491.561979493126273],[1025005.16040016815532,8467201.759589094668627],[1026550.245372042874806,8467446.477007618173957],[1028095.330343917594291,8467201.759589094668627],[1029489.171633505262434,8466491.561979493126273],[1030595.330343917594291,8465385.40326908044517],[1030768.164409701828845,8465046.19731586240232],[1031811.077781271305867,8466089.110687432810664],[1032153.038162577431649,8466263.348204426467419],[1032276.232698666513897,8466386.542740516364574],[1032336.519822806469165,8466417.260564543306828],[1032378.458342968369834,8466459.199084704741836],[1033772.299632556037977,8467169.396694306284189],[1035317.384604430757463,8467414.114112829789519],[1036862.469576305476949,8467169.396694306284189],[1038256.310865893145092,8466459.199084704741836],[1038256.910199199453928,8466458.599751397967339],[1038257.36739244335331,8466458.366799805313349],[1039363.526102855685167,8465352.208089392632246],[1040073.723712456761859,8463958.366799805313349],[1040318.441130980965681,8462413.281827930361032],[1040073.723712456761859,8460868.196856055408716],[1039363.526102855685167,8459474.355566468089819],[1039221.029306055395864,8459331.858769668266177],[1039169.600958194001578,8459230.924953874200583],[1038063.442247781669721,8458124.76624346151948],[1036669.600958194001578,8457414.568633859977126],[1036484.49621417245362,8457385.25092257745564],[1036295.089014608412981,8457288.743134081363678],[1034750.004042733693495,8457044.025715557858348],[1033204.91907085897401,8457288.743134081363678],[1031811.077781271305867,8457998.940743682906032],[1030704.91907085897401,8459105.099454095587134],[1030532.085005074623041,8459444.305407313629985],[1029489.171633505262434,8458401.392035743221641],[1028095.330343917594291,8457691.194426141679287],[1026550.245372042874806,8457446.477007618173957]]],[[[1030850.129707223619334,8475231.31159195676446],[1031560.327316824696027,8476625.152881544083357],[1032589.334731950075366,8477654.160296669229865],[1033277.226442734827287,8479004.223794905468822],[1034383.385153147159144,8480110.382505318149924],[1035777.226442734827287,8480820.580114919692278],[1037322.311414609546773,8481065.297533443197608],[1038867.396386484266259,8480820.580114919692278],[1040261.237676071934402,8480110.382505318149924],[1041367.396386484266259,8479004.223794905468822],[1042077.593996085342951,8477610.382505318149924],[1042322.311414609546773,8476065.297533443197608],[1042077.593996085342951,8474520.212561568245292],[1041367.396386484266259,8473126.371271980926394],[1040338.38897135888692,8472097.363856855779886],[1039650.497260574134998,8470747.30035861954093],[1038544.338550161803141,8469641.141648206859827],[1037150.497260574134998,8468930.944038605317473],[1035605.412288699415512,8468686.226620081812143],[1034060.327316824696027,8468930.944038605317473],[1032666.486027237027884,8469641.141648206859827],[1031560.327316824696027,8470747.30035861954093],[1030850.129707223619334,8472141.141648206859827],[1030605.412288699415512,8473686.226620081812143],[1030850.129707223619334,8475231.31159195676446]]],[[[1042874.686520239221863,8475594.716496393084526],[1043584.884129840298556,8476988.557785980403423],[1044691.042840252630413,8478094.716496393084526],[1046084.884129840298556,8478804.91410599462688],[1047629.969101715018041,8479049.63152451813221],[1049175.054073589853942,8478804.91410599462688],[1050568.89536317740567,8478094.716496393084526],[1051675.054073589853942,8476988.557785980403423],[1052385.251683190697804,8475594.716496393084526],[1052629.969101714901626,8474049.63152451813221],[1052385.251683190697804,8472504.546552643179893],[1051675.054073589853942,8471110.705263055860996],[1050568.89536317740567,8470004.546552643179893],[1049175.054073589853942,8469294.34894304163754],[1047629.969101715018041,8469049.63152451813221],[1046084.884129840298556,8469294.34894304163754],[1044691.042840252630413,8470004.546552643179893],[1043584.884129840298556,8471110.705263055860996],[1042874.686520239221863,8472504.546552643179893],[1042629.969101715018041,8474049.63152451813221],[1042874.686520239221863,8475594.716496393084526]]],[[[1029456.386471518548205,8492512.225200351327658],[1030166.584081119624898,8493906.066489938646555],[1031272.742791531956755,8495012.225200351327658],[1032666.584081119624898,8495722.422809952870011],[1034211.669052994344383,8495967.140228476375341],[1035227.446715596714057,8495806.256851891055703],[1035441.064139417489059,8497154.984185101464391],[1036151.261749018565752,8498548.825474688783288],[1036234.808796311728656,8498632.372521981596947],[1036429.73545962467324,8499014.937639202922583],[1037535.894170037005097,8500121.096349615603685],[1038929.73545962467324,8500831.293959217146039],[1040474.820431499392726,8501076.011377740651369],[1042019.905403374112211,8500831.293959217146039],[1043413.746692961780354,8500121.096349615603685],[1044519.905403374112211,8499014.937639202922583],[1045230.103012975188904,8497621.096349615603685],[1045474.820431499392726,8496076.011377740651369],[1045230.103012975188904,8494530.926405865699053],[1044519.905403374112211,8493137.085116278380156],[1044436.358356080949306,8493053.538068985566497],[1044241.431692768004723,8492670.972951764240861],[1043135.272982355672866,8491564.814241351559758],[1041741.431692768004723,8490854.616631750017405],[1040196.346720893285237,8490609.899213226512074],[1039180.569058290915564,8490770.782589811831713],[1038966.951634470140561,8489422.055256601423025],[1038256.754024869063869,8488028.213967014104128],[1037150.595314456732012,8486922.055256601423025],[1035756.754024869063869,8486211.857646999880672],[1034211.669052994344383,8485967.140228476375341],[1032666.584081119624898,8486211.857646999880672],[1031272.742791531956755,8486922.055256601423025],[1030166.584081119624898,8488028.213967014104128],[1029456.386471518548205,8489422.055256601423025],[1029211.669052994344383,8490967.140228476375341],[1029456.386471518548205,8492512.225200351327658]]],[[[1033444.770005728234537,8511935.850461484864354],[1034154.967615329311229,8513329.691751072183251],[1035261.126325741643086,8514435.850461484864354],[1036273.19108540378511,8514951.523213069885969],[1036093.927856666734442,8516083.346695033833385],[1036338.645275190938264,8517628.431666908785701],[1037048.842884792014956,8519022.272956496104598],[1038155.001595204346813,8520128.431666908785701],[1039548.842884792014956,8520838.629276510328054],[1040046.002571137389168,8520917.371635183691978],[1040686.051819880842231,8521557.420883927494287],[1042079.893109468510374,8522267.618493529036641],[1043624.97808134322986,8522512.335912052541971],[1045170.063053217949346,8522267.618493529036641],[1046563.904342805617489,8521557.420883927494287],[1047670.063053217949346,8520451.262173514813185],[1048380.260662819026038,8519057.420883927494287],[1048624.97808134322986,8517512.335912052541971],[1048380.260662819026038,8515967.250940177589655],[1047670.063053217949346,8514573.409650590270758],[1046563.904342805617489,8513467.250940177589655],[1045170.063053217949346,8512757.053330576047301],[1044672.903366872575134,8512678.310971902683377],[1044032.854118129122071,8512038.261723158881068],[1043020.789358466980048,8511522.588971573859453],[1043200.052587204030715,8510390.765489609912038],[1042955.335168679826893,8508845.680517734959722],[1042245.137559078750201,8507451.839228147640824],[1041138.978848666418344,8506345.680517734959722],[1039745.137559078750201,8505635.482908133417368],[1038200.052587204030715,8505390.765489609912038],[1036654.967615329311229,8505635.482908133417368],[1035261.126325741643086,8506345.680517734959722],[1034154.967615329311229,8507451.839228147640824],[1033444.770005728234537,8508845.680517734959722],[1033200.052587204030715,8510390.765489609912038],[1033444.770005728234537,8511935.850461484864354]]],[[[1016863.14934109011665,8565356.136260993778706],[1017573.346950691193342,8566749.977550581097603],[1018679.505661103525199,8567856.136260993778706],[1020073.346950691193342,8568566.333870595321059],[1021618.431922565912828,8568811.051289118826389],[1023163.516894440632313,8568566.333870595321059],[1024557.358184028300457,8567856.136260993778706],[1025663.516894440632313,8566749.977550581097603],[1026373.714504041709006,8565356.136260993778706],[1026618.431922565912828,8563811.051289118826389],[1026373.714504041709006,8562265.966317243874073],[1025663.516894440632313,8560872.125027656555176],[1024557.358184028300457,8559765.966317243874073],[1023163.516894440632313,8559055.768707642331719],[1021618.431922565912828,8558811.051289118826389],[1020073.346950691193342,8559055.768707642331719],[1018679.505661103525199,8559765.966317243874073],[1017573.346950691193342,8560872.125027656555176],[1016863.14934109011665,8562265.966317243874073],[1016618.431922565912828,8563811.051289118826389],[1016863.14934109011665,8565356.136260993778706]]]]}}
]
}
